t_epoch,phase,sweep_idx,a_cmd_us,b_cmd_us,a_cmd_norm,b_cmd_norm,voltage_v,current_a
1785433359.9630904,idle_pre,0,1000,1000,0.0,0.0,12.0,0.0
1785433359.9798477,idle_pre,0,1000,1000,0.0,0.0,12.001,0.0
1785433359.9981978,idle_pre,0,1000,1000,0.0,0.0,12.02,0.0
1785433360.0198684,idle_pre,0,1000,1000,0.0,0.0,12.005,0.0
1785433360.0380168,idle_pre,0,1000,1000,0.0,0.0,12.009,0.0
1785433360.0614865,idle_pre,0,1000,1000,0.0,0.0,12.015,0.0
1785433360.0786726,idle_pre,0,1000,1000,0.0,0.0,12.007,0.0
1785433360.0991824,idle_pre,0,1000,1000,0.0,0.0,11.981,0.0
1785433360.1207032,idle_pre,0,1000,1000,0.0,0.0,12.001,0.0
1785433360.1386683,idle_pre,0,1000,1000,0.0,0.0,12.012,0.0
1785433360.161511,idle_pre,0,1000,1000,0.0,0.0,12.017,0.0
1785433360.1783311,idle_pre,0,1000,1000,0.0,0.0,11.997,0.0
1785433360.1986854,idle_pre,0,1000,1000,0.0,0.0,12.008,0.0
1785433360.2198083,idle_pre,0,1000,1000,0.0,0.0,11.999,0.0
1785433360.2380397,idle_pre,0,1000,1000,0.0,0.0,12.0,0.0
1785433360.262987,idle_pre,0,1000,1000,0.0,0.0,11.998,0.0
1785433360.2797196,idle_pre,0,1000,1000,0.0,0.0,12.011,0.0
1785433360.2981532,idle_pre,0,1000,1000,0.0,0.0,12.017,0.0
1785433360.3192434,idle_pre,0,1000,1000,0.0,0.0,11.998,0.0
1785433360.3396885,idle_pre,0,1000,1000,0.0,0.0,11.988,0.0
1785433360.3624291,idle_pre,0,1000,1000,0.0,0.0,11.988,0.0
1785433360.3796766,idle_pre,0,1000,1000,0.0,0.0,11.998,0.0
1785433360.3987586,idle_pre,0,1000,1000,0.0,0.0,11.99,0.0
1785433360.420556,idle_pre,0,1000,1000,0.0,0.0,12.003,0.0
1785433360.4386783,idle_pre,0,1000,1000,0.0,0.0,12.014,0.0
1785433360.46183,idle_pre,0,1000,1000,0.0,0.0,12.007,0.0
1785433360.478726,idle_pre,0,1000,1000,0.0,0.0,12.009,0.0
1785433360.4997058,idle_pre,0,1000,1000,0.0,0.0,12.006,0.0
1785433360.518272,idle_pre,0,1000,1000,0.0,0.0,12.001,0.0
1785433360.5387018,idle_pre,0,1000,1000,0.0,0.0,12.04,0.01
1785433360.5616193,idle_pre,0,1000,1000,0.0,0.0,11.993,0.0
1785433360.578034,idle_pre,0,1000,1000,0.0,0.0,12.013,0.0
1785433360.5986922,idle_pre,0,1000,1000,0.0,0.0,12.011,0.0
1785433360.6196897,idle_pre,0,1000,1000,0.0,0.0,12.006,0.0
1785433360.6380992,idle_pre,0,1000,1000,0.0,0.0,12.006,0.0
1785433360.6633968,idle_pre,0,1000,1000,0.0,0.0,12.019,0.0
1785433360.6780438,idle_pre,0,1000,1000,0.0,0.0,11.979,0.0
1785433360.6985228,idle_pre,0,1000,1000,0.0,0.0,11.999,0.0
1785433360.7196937,idle_pre,0,1000,1000,0.0,0.0,12.013,0.0
1785433360.73869,idle_pre,0,1000,1000,0.0,0.0,11.999,0.0
1785433360.761509,idle_pre,0,1000,1000,0.0,0.0,12.006,0.0
1785433360.7796886,idle_pre,0,1000,1000,0.0,0.0,12.011,0.0
1785433360.7980633,idle_pre,0,1000,1000,0.0,0.0,12.01,0.0
1785433360.8187044,idle_pre,0,1000,1000,0.0,0.0,12.001,0.0
1785433360.8402545,idle_pre,0,1000,1000,0.0,0.0,12.006,0.0
1785433360.8626611,idle_pre,0,1000,1000,0.0,0.0,12.003,0.0
1785433360.8787162,idle_pre,0,1000,1000,0.0,0.0,12.007,0.0
1785433360.8997724,idle_pre,0,1000,1000,0.0,0.0,12.006,0.0
1785433360.9204626,idle_pre,0,1000,1000,0.0,0.0,12.006,0.0
1785433360.939747,idle_pre,0,1000,1000,0.0,0.0,12.004,0.0
1785433360.9625044,idle_pre,0,1000,1000,0.0,0.0,12.011,0.0
1785433360.9797957,idle_pre,0,1000,1000,0.0,0.0,12.026,0.0
1785433360.9980454,idle_pre,0,1000,1000,0.0,0.0,12.003,0.0
1785433361.0197546,idle_pre,0,1000,1000,0.0,0.0,12.003,0.0
1785433361.0388203,idle_pre,0,1000,1000,0.0,0.0,12.001,0.0
1785433361.0643814,idle_pre,0,1000,1000,0.0,0.0,11.938,0.0
1785433361.0780482,idle_pre,0,1000,1000,0.0,0.0,12.004,0.0
1785433361.0987039,idle_pre,0,1000,1000,0.0,0.0,11.999,0.0
1785433361.1197014,idle_pre,0,1000,1000,0.0,0.0,11.998,0.0
1785433361.138963,idle_pre,0,1000,1000,0.0,0.0,11.992,0.0
1785433361.1626132,idle_pre,0,1000,1000,0.0,0.0,12.004,0.0
1785433361.178764,idle_pre,0,1000,1000,0.0,0.0,12.01,0.0
1785433361.198144,idle_pre,0,1000,1000,0.0,0.0,12.001,0.0
1785433361.2188003,idle_pre,0,1000,1000,0.0,0.0,12.016,0.0
1785433361.2399812,idle_pre,0,1000,1000,0.0,0.0,11.998,0.0
1785433361.2624578,idle_pre,0,1000,1000,0.0,0.0,12.003,0.0
1785433361.2787032,idle_pre,0,1000,1000,0.0,0.0,11.999,0.0
1785433361.2997038,idle_pre,0,1000,1000,0.0,0.0,12.007,0.0
1785433361.3182473,idle_pre,0,1000,1000,0.0,0.0,12.007,0.0
1785433361.3397481,idle_pre,0,1000,1000,0.0,0.0,11.998,0.0
1785433361.3627577,idle_pre,0,1000,1000,0.0,0.0,11.994,0.0
1785433361.378988,idle_pre,0,1000,1000,0.0,0.0,12.016,0.0
1785433361.3980517,idle_pre,0,1000,1000,0.0,0.0,12.005,0.0
1785433361.4187062,idle_pre,0,1000,1000,0.0,0.0,11.951,0.0
1785433361.440592,idle_pre,0,1000,1000,0.0,0.0,11.998,0.0
1785433361.4631016,idle_pre,0,1000,1000,0.0,0.0,12.024,0.0
1785433361.4808407,idle_pre,0,1000,1000,0.0,0.0,12.012,0.0
1785433361.4987712,idle_pre,0,1000,1000,0.0,0.0,12.006,0.0
1785433361.5197713,idle_pre,0,1000,1000,0.0,0.0,12.001,0.0
1785433361.5380602,idle_pre,0,1000,1000,0.0,0.0,12.01,0.0
1785433361.5630221,idle_pre,0,1000,1000,0.0,0.0,12.014,0.0
1785433361.5803883,idle_pre,0,1000,1000,0.0,0.0,11.977,0.0
1785433361.5987225,idle_pre,0,1000,1000,0.0,0.0,12.003,0.0
1785433361.619715,idle_pre,0,1000,1000,0.0,0.0,12.001,0.0
1785433361.6380458,idle_pre,0,1000,1000,0.0,0.0,11.931,0.0
1785433361.6635118,idle_pre,0,1000,1000,0.0,0.0,12.013,0.0
1785433361.6800313,idle_pre,0,1000,1000,0.0,0.0,11.996,0.0
1785433361.6986105,idle_pre,0,1000,1000,0.0,0.0,12.006,0.0
1785433361.7187254,idle_pre,0,1000,1000,0.0,0.0,12.007,0.0
1785433361.739724,idle_pre,0,1000,1000,0.0,0.0,12.01,0.0
1785433361.7625663,idle_pre,0,1000,1000,0.0,0.0,11.999,0.0
1785433361.7791133,idle_pre,0,1000,1000,0.0,0.0,12.007,0.0
1785433361.7979617,idle_pre,0,1000,1000,0.0,0.0,12.0,0.0
1785433361.8187196,idle_pre,0,1000,1000,0.0,0.0,12.002,0.0
1785433361.8397217,idle_pre,0,1000,1000,0.0,0.0,12.15,0.0
1785433361.8642614,idle_pre,0,1000,1000,0.0,0.0,12.002,0.0
1785433361.8782601,idle_pre,0,1000,1000,0.0,0.0,11.999,0.0
1785433361.9001563,idle_pre,0,1000,1000,0.0,0.0,12.023,0.0
1785433361.9181225,idle_pre,0,1000,1000,0.0,0.0,11.977,0.0
1785433361.938745,idle_pre,0,1000,1000,0.0,0.0,12.013,0.0
1785433361.9619694,idle_pre,0,1000,1000,0.0,0.0,12.013,0.0
1785433361.978092,idle_pre,0,1000,1000,0.0,0.0,11.978,0.0
1785433361.9990063,idle_pre,0,1000,1000,0.0,0.0,12.014,0.0
1785433362.0197957,idle_pre,0,1000,1000,0.0,0.0,12.001,0.0
1785433362.0381866,idle_pre,0,1000,1000,0.0,0.0,11.998,0.0
1785433362.0630803,idle_pre,0,1000,1000,0.0,0.0,12.013,0.0
1785433362.079803,idle_pre,0,1000,1000,0.0,0.0,11.99,0.0
1785433362.0981994,idle_pre,0,1000,1000,0.0,0.0,11.897,0.0
1785433362.1198285,idle_pre,0,1000,1000,0.0,0.0,11.996,0.0
1785433362.1381798,idle_pre,0,1000,1000,0.0,0.0,12.008,0.0
1785433362.1634512,idle_pre,0,1000,1000,0.0,0.0,12.014,0.0
1785433362.179747,idle_pre,0,1000,1000,0.0,0.0,12.002,0.0
1785433362.1981754,idle_pre,0,1000,1000,0.0,0.0,12.029,0.0
1785433362.218928,idle_pre,0,1000,1000,0.0,0.0,12.014,0.0
1785433362.239876,idle_pre,0,1000,1000,0.0,0.0,12.014,0.0
1785433362.2626257,idle_pre,0,1000,1000,0.0,0.0,12.013,0.0
1785433362.2799594,idle_pre,0,1000,1000,0.0,0.0,12.005,0.0
1785433362.2997723,idle_pre,0,1000,1000,0.0,0.0,12.01,0.0
1785433362.3182132,idle_pre,0,1000,1000,0.0,0.0,12.012,0.0
1785433362.3401787,idle_pre,0,1000,1000,0.0,0.0,12.019,0.0
1785433362.3628001,idle_pre,0,1000,1000,0.0,0.0,12.0,0.0
1785433362.378737,idle_pre,0,1000,1000,0.0,0.0,12.011,0.0
1785433362.3998559,idle_pre,0,1000,1000,0.0,0.0,12.002,0.0
1785433362.4180846,idle_pre,0,1000,1000,0.0,0.0,12.006,0.0
1785433362.441111,idle_pre,0,1000,1000,0.0,0.0,12.011,0.0
1785433362.4640832,idle_pre,0,1000,1000,0.0,0.0,12.006,0.0
1785433362.4781241,idle_pre,0,1000,1000,0.0,0.0,11.999,0.0
1785433362.4987478,idle_pre,0,1000,1000,0.0,0.0,12.011,0.0
1785433362.5199819,idle_pre,0,1000,1000,0.0,0.0,12.018,0.0
1785433362.538123,idle_pre,0,1000,1000,0.0,0.0,12.003,0.0
1785433362.5630443,idle_pre,0,1000,1000,0.0,0.0,12.009,0.0
1785433362.578882,idle_pre,0,1000,1000,0.0,0.0,11.969,0.0
1785433362.598175,idle_pre,0,1000,1000,0.0,0.0,12.019,0.0
1785433362.618878,idle_pre,0,1000,1000,0.0,0.0,11.999,0.0
1785433362.638117,idle_pre,0,1000,1000,0.0,0.0,12.007,0.0
1785433362.6631422,idle_pre,0,1000,1000,0.0,0.0,12.0,0.0
1785433362.6797655,idle_pre,0,1000,1000,0.0,0.0,11.998,0.0
1785433362.6980884,idle_pre,0,1000,1000,0.0,0.0,12.006,0.0
1785433362.7187533,idle_pre,0,1000,1000,0.0,0.0,12.089,0.0
1785433362.7379296,idle_pre,0,1000,1000,0.0,0.0,12.026,0.0
1785433362.7632704,idle_pre,0,1000,1000,0.0,0.0,11.998,0.0
1785433362.7781744,idle_pre,0,1000,1000,0.0,0.0,12.003,0.0
1785433362.8000317,idle_pre,0,1000,1000,0.0,0.0,11.972,0.0
1785433362.8180888,idle_pre,0,1000,1000,0.0,0.0,11.992,0.0
1785433362.8387513,idle_pre,0,1000,1000,0.0,0.0,12.016,0.0
1785433362.861844,idle_pre,0,1000,1000,0.0,0.0,12.004,0.0
1785433362.8794105,idle_pre,0,1000,1000,0.0,0.0,11.998,0.0
1785433362.8998098,idle_pre,0,1000,1000,0.0,0.0,11.999,0.0
1785433362.918114,idle_pre,0,1000,1000,0.0,0.0,12.015,0.0
1785433362.9400592,idle_pre,0,1000,1000,0.0,0.0,12.014,0.0
1785433362.9625406,idle_pre,0,1000,1000,0.0,0.0,12.007,0.0
1785433362.9797897,idle_pre,0,1000,1000,0.0,0.0,12.013,0.0
1785433362.9981415,idle_pre,0,1000,1000,0.0,0.0,12.012,0.0
1785433363.0187902,idle_pre,0,1000,1000,0.0,0.0,12.006,0.0
1785433363.0381594,idle_pre,0,1000,1000,0.0,0.0,12.013,0.0
1785433363.0631006,idle_pre,0,1000,1000,0.0,0.0,12.001,0.0
1785433363.078919,idle_pre,0,1000,1000,0.0,0.0,12.009,0.0
1785433363.0981514,idle_pre,0,1000,1000,0.0,0.0,12.013,0.0
1785433363.1191115,idle_pre,0,1000,1000,0.0,0.0,12.007,0.0
1785433363.139819,idle_pre,0,1000,1000,0.0,0.0,12.015,0.0
1785433363.1625903,idle_pre,0,1000,1000,0.0,0.0,12.015,0.0
1785433363.1788561,idle_pre,0,1000,1000,0.0,0.0,12.002,0.0
1785433363.1999454,idle_pre,0,1000,1000,0.0,0.0,12.011,0.0
1785433363.2181141,idle_pre,0,1000,1000,0.0,0.0,12.007,0.0
1785433363.2387645,idle_pre,0,1000,1000,0.0,0.0,12.012,0.0
1785433363.2628055,idle_pre,0,1000,1000,0.0,0.0,12.011,0.0
1785433363.2791631,idle_pre,0,1000,1000,0.0,0.0,12.006,0.0
1785433363.2998068,idle_pre,0,1000,1000,0.0,0.0,11.998,0.0
1785433363.3181016,idle_pre,0,1000,1000,0.0,0.0,12.002,0.0
1785433363.3391216,idle_pre,0,1000,1000,0.0,0.0,12.008,0.0
1785433363.3615165,idle_pre,0,1000,1000,0.0,0.0,12.013,0.0
1785433363.3781128,idle_pre,0,1000,1000,0.0,0.0,11.931,0.0
1785433363.3987784,idle_pre,0,1000,1000,0.0,0.0,12.0,0.0
1785433363.4197726,idle_pre,0,1000,1000,0.0,0.0,12.011,0.0
1785433363.4381628,idle_pre,0,1000,1000,0.0,0.0,12.005,0.0
1785433363.4630904,idle_pre,0,1000,1000,0.0,0.0,12.007,0.0
1785433363.4781156,idle_pre,0,1000,1000,0.0,0.0,12.0,0.0
1785433363.4987755,idle_pre,0,1000,1000,0.0,0.0,11.999,0.0
1785433363.5206976,idle_pre,0,1000,1000,0.0,0.0,12.009,0.0
1785433363.5404465,idle_pre,0,1000,1000,0.0,0.0,12.098,0.0
1785433363.5625303,idle_pre,0,1000,1000,0.0,0.0,12.011,0.0
1785433363.5797713,idle_pre,0,1000,1000,0.0,0.0,12.008,0.0
1785433363.5981064,idle_pre,0,1000,1000,0.0,0.0,12.011,0.0
1785433363.618903,idle_pre,0,1000,1000,0.0,0.0,12.014,0.0
1785433363.6402924,idle_pre,0,1000,1000,0.0,0.0,12.013,0.0
1785433363.6626246,idle_pre,0,1000,1000,0.0,0.0,11.988,0.0
1785433363.6788213,idle_pre,0,1000,1000,0.0,0.0,12.001,0.0
1785433363.6998713,idle_pre,0,1000,1000,0.0,0.0,12.001,0.0
1785433363.718204,idle_pre,0,1000,1000,0.0,0.0,12.017,0.0
1785433363.7389197,idle_pre,0,1000,1000,0.0,0.0,12.008,0.0
1785433363.7625315,idle_pre,0,1000,1000,0.0,0.0,12.003,0.0
1785433363.778895,idle_pre,0,1000,1000,0.0,0.0,11.97,0.0
1785433363.7987807,idle_pre,0,1000,1000,0.0,0.0,12.0,0.0
1785433363.8197784,idle_pre,0,1000,1000,0.0,0.0,11.998,0.0
1785433363.8387926,idle_pre,0,1000,1000,0.0,0.0,12.008,0.0
1785433363.862336,idle_pre,0,1000,1000,0.0,0.0,12.092,0.0
1785433363.8788552,idle_pre,0,1000,1000,0.0,0.0,11.984,0.0
1785433363.8998413,idle_pre,0,1000,1000,0.0,0.0,12.012,0.0
1785433363.918871,idle_pre,0,1000,1000,0.0,0.0,12.015,0.0
1785433363.9381118,idle_pre,0,1000,1000,0.0,0.0,12.002,0.0
1785433363.9631665,idle_pre,0,1000,1000,0.0,0.0,12.02,0.0
1785433363.9797807,idle_pre,0,1000,1000,0.0,0.0,12.003,0.0
1785433363.998243,idle_pre,0,1000,1000,0.0,0.0,12.009,0.0
1785433364.018878,idle_pre,0,1000,1000,0.0,0.0,12.004,0.0
1785433364.039885,idle_pre,0,1000,1000,0.0,0.0,12.014,0.0
1785433364.0626519,idle_pre,0,1000,1000,0.0,0.0,11.998,0.0
1785433364.078803,idle_pre,0,1000,1000,0.0,0.0,12.0,0.0
1785433364.0998237,idle_pre,0,1000,1000,0.0,0.0,12.009,0.0
1785433364.1181965,idle_pre,0,1000,1000,0.0,0.0,12.004,0.0
1785433364.1389728,idle_pre,0,1000,1000,0.0,0.0,11.999,0.0
1785433364.1626468,idle_pre,0,1000,1000,0.0,0.0,11.998,0.0
1785433364.1788802,idle_pre,0,1000,1000,0.0,0.0,11.998,0.0
1785433364.2000492,idle_pre,0,1000,1000,0.0,0.0,12.003,0.0
1785433364.2185493,idle_pre,0,1000,1000,0.0,0.0,12.002,0.0
1785433364.23879,idle_pre,0,1000,1000,0.0,0.0,11.999,0.0
1785433364.2616045,idle_pre,0,1000,1000,0.0,0.0,12.006,0.0
1785433364.2785854,idle_pre,0,1000,1000,0.0,0.0,12.012,0.0
1785433364.2988524,idle_pre,0,1000,1000,0.0,0.0,11.981,0.0
1785433364.3198512,idle_pre,0,1000,1000,0.0,0.0,12.006,0.0
1785433364.338928,idle_pre,0,1000,1000,0.0,0.0,12.015,0.0
1785433364.3631124,idle_pre,0,1000,1000,0.0,0.0,11.978,0.0
1785433364.3807943,idle_pre,0,1000,1000,0.0,0.0,11.933,0.0
1785433364.3988802,idle_pre,0,1000,1000,0.0,0.0,12.002,0.0
1785433364.4202733,idle_pre,0,1000,1000,0.0,0.0,12.012,0.0
1785433364.4381394,idle_pre,0,1000,1000,0.0,0.0,12.017,0.0
1785433364.4623828,idle_pre,0,1000,1000,0.0,0.0,11.998,0.0
1785433364.478812,idle_pre,0,1000,1000,0.0,0.0,12.002,0.0
1785433364.499881,idle_pre,0,1000,1000,0.0,0.0,12.011,0.0
1785433364.5187998,idle_pre,0,1000,1000,0.0,0.0,12.006,0.0
1785433364.5398176,idle_pre,0,1000,1000,0.0,0.0,12.0,0.0
1785433364.5626533,idle_pre,0,1000,1000,0.0,0.0,12.003,0.0
1785433364.578971,idle_pre,0,1000,1000,0.0,0.0,12.004,0.0
1785433364.600318,idle_pre,0,1000,1000,0.0,0.0,12.027,0.0
1785433364.618152,idle_pre,0,1000,1000,0.0,0.0,11.993,0.0
1785433364.638943,idle_pre,0,1000,1000,0.0,0.0,11.998,0.0
1785433364.662597,idle_pre,0,1000,1000,0.0,0.0,12.009,0.0
1785433364.6788335,idle_pre,0,1000,1000,0.0,0.0,11.999,0.0
1785433364.6979883,idle_pre,0,1000,1000,0.0,0.0,11.998,0.0
1785433364.7198186,idle_pre,0,1000,1000,0.0,0.0,11.999,0.0
1785433364.7381568,idle_pre,0,1000,1000,0.0,0.0,12.019,0.0
1785433364.7641559,idle_pre,0,1000,1000,0.0,0.0,12.013,0.0
1785433364.7781522,idle_pre,0,1000,1000,0.0,0.0,11.963,0.0
1785433364.798822,idle_pre,0,1000,1000,0.0,0.0,11.998,0.0
1785433364.8198264,idle_pre,0,1000,1000,0.0,0.0,11.995,0.0
1785433364.8388429,idle_pre,0,1000,1000,0.0,0.0,12.013,0.0
1785433364.861762,idle_pre,0,1000,1000,0.0,0.0,12.009,0.0
1785433364.878197,idle_pre,0,1000,1000,0.0,0.0,12.008,0.0
1785433364.8988085,idle_pre,0,1000,1000,0.0,0.0,12.015,0.0
1785433364.9203994,idle_pre,0,1000,1000,0.0,0.0,12.01,0.0
1785433364.9381888,idle_pre,0,1000,1000,0.0,0.0,11.989,0.0
1785433364.963119,idle_pre,0,1000,1000,0.0,0.0,12.014,0.0
1785433364.9785597,idle_pre,0,1000,1000,0.0,0.0,12.018,0.0
1785433365.0001087,idle_pre,0,1000,1000,0.0,0.0,11.931,0.0
1785433365.0181592,idle_pre,0,1000,1000,0.0,0.0,12.01,0.0
1785433365.0398571,idle_pre,0,1000,1000,0.0,0.0,11.945,0.13
1785433365.062611,idle_pre,0,1000,1000,0.0,0.0,11.999,0.0
1785433365.078866,idle_pre,0,1000,1000,0.0,0.0,11.992,0.0
1785433365.1001084,idle_pre,0,1000,1000,0.0,0.0,12.006,0.0
1785433365.1182308,idle_pre,0,1000,1000,0.0,0.0,12.0,0.0
1785433365.1398785,idle_pre,0,1000,1000,0.0,0.0,12.012,0.0
1785433365.1637096,idle_pre,0,1000,1000,0.0,0.0,12.002,0.0
1785433365.1798878,idle_pre,0,1000,1000,0.0,0.0,12.005,0.0
1785433365.198372,idle_pre,0,1000,1000,0.0,0.0,12.003,0.0
1785433365.2198374,idle_pre,0,1000,1000,0.0,0.0,12.014,0.0
1785433365.2382412,idle_pre,0,1000,1000,0.0,0.0,12.007,0.0
1785433365.2631423,idle_pre,0,1000,1000,0.0,0.0,12.014,0.0
1785433365.2798371,idle_pre,0,1000,1000,0.0,0.0,12.008,0.0
1785433365.298181,idle_pre,0,1000,1000,0.0,0.0,11.994,0.0
1785433365.319828,idle_pre,0,1000,1000,0.0,0.0,11.992,0.0
1785433365.3381639,idle_pre,0,1000,1000,0.0,0.0,12.008,0.0
1785433365.363184,idle_pre,0,1000,1000,0.0,0.0,12.015,0.0
1785433365.3798277,idle_pre,0,1000,1000,0.0,0.0,12.009,0.0
1785433365.398396,idle_pre,0,1000,1000,0.0,0.0,11.997,0.0
1785433365.418889,idle_pre,0,1000,1000,0.0,0.0,12.015,0.0
1785433365.439898,idle_pre,0,1000,1000,0.0,0.0,12.009,0.0
1785433365.4625766,idle_pre,0,1000,1000,0.0,0.0,11.977,0.0
1785433365.478895,idle_pre,0,1000,1000,0.0,0.0,12.002,0.0
1785433365.5006573,idle_pre,0,1000,1000,0.0,0.0,12.013,0.0
1785433365.5205164,idle_pre,0,1000,1000,0.0,0.0,11.998,0.0
1785433365.5388308,idle_pre,0,1000,1000,0.0,0.0,12.025,0.0
1785433365.5615935,idle_pre,0,1000,1000,0.0,0.0,11.999,0.0
1785433365.5781627,idle_pre,0,1000,1000,0.0,0.0,12.004,0.0
1785433365.599067,idle_pre,0,1000,1000,0.0,0.0,11.998,0.0
1785433365.6181767,idle_pre,0,1000,1000,0.0,0.0,11.97,0.0
1785433365.6388452,idle_pre,0,1000,1000,0.0,0.0,12.007,0.0
1785433365.6620457,idle_pre,0,1000,1000,0.0,0.0,12.021,0.0
1785433365.6789272,idle_pre,0,1000,1000,0.0,0.0,12.045,0.0
1785433365.6989827,idle_pre,0,1000,1000,0.0,0.0,12.013,0.0
1785433365.7182808,idle_pre,0,1000,1000,0.0,0.0,12.007,0.0
1785433365.7398517,idle_pre,0,1000,1000,0.0,0.0,11.995,0.0
1785433365.7631533,idle_pre,0,1000,1000,0.0,0.0,12.006,0.0
1785433365.778975,idle_pre,0,1000,1000,0.0,0.0,12.008,0.0
1785433365.798286,idle_pre,0,1000,1000,0.0,0.0,12.002,0.0
1785433365.8188713,idle_pre,0,1000,1000,0.0,0.0,11.998,0.0
1785433365.8398361,idle_pre,0,1000,1000,0.0,0.0,12.009,0.0
1785433365.8633583,idle_pre,0,1000,1000,0.0,0.0,11.997,0.0
1785433365.879839,idle_pre,0,1000,1000,0.0,0.0,11.962,0.0
1785433365.8982666,idle_pre,0,1000,1000,0.0,0.0,12.001,0.0
1785433365.9188395,idle_pre,0,1000,1000,0.0,0.0,12.016,0.0
1785433365.9401855,idle_pre,0,1000,1000,0.0,0.0,12.007,0.0
1785433365.962838,idle_pre,0,1000,1000,0.0,0.0,11.998,0.0
1785433365.9798465,idle_pre,0,1000,1000,0.0,0.0,12.012,0.0
1785433366.000178,idle_pre,0,1000,1000,0.0,0.0,12.006,0.0
1785433366.0182986,idle_pre,0,1000,1000,0.0,0.0,12.005,0.0
1785433366.0393457,idle_pre,0,1000,1000,0.0,0.0,12.018,0.0
1785433366.0616055,idle_pre,0,1000,1000,0.0,0.0,12.001,0.0
1785433366.0782194,idle_pre,0,1000,1000,0.0,0.0,12.003,0.0
1785433366.09896,idle_pre,0,1000,1000,0.0,0.0,12.008,0.0
1785433366.1198723,idle_pre,0,1000,1000,0.0,0.0,12.008,0.0
1785433366.1382935,idle_pre,0,1000,1000,0.0,0.0,12.007,0.0
1785433366.163682,idle_pre,0,1000,1000,0.0,0.0,12.014,0.0
1785433366.180059,idle_pre,0,1000,1000,0.0,0.0,12.006,0.0
1785433366.19838,idle_pre,0,1000,1000,0.0,0.0,11.996,0.0
1785433366.219877,idle_pre,0,1000,1000,0.0,0.0,12.011,0.0
1785433366.2384305,idle_pre,0,1000,1000,0.0,0.0,12.001,0.0
1785433366.2633572,idle_pre,0,1000,1000,0.0,0.0,12.002,0.0
1785433366.279943,idle_pre,0,1000,1000,0.0,0.0,12.006,0.0
1785433366.298409,idle_pre,0,1000,1000,0.0,0.0,12.006,0.0
1785433366.3189545,idle_pre,0,1000,1000,0.0,0.0,12.015,0.0
1785433366.3398554,idle_pre,0,1000,1000,0.0,0.0,12.005,0.0
1785433366.3626852,idle_pre,0,1000,1000,0.0,0.0,12.014,0.0
1785433366.3790226,idle_pre,0,1000,1000,0.0,0.0,11.969,0.0
1785433366.399883,idle_pre,0,1000,1000,0.0,0.0,12.006,0.0
1785433366.4181874,idle_pre,0,1000,1000,0.0,0.0,12.004,0.0
1785433366.4398675,idle_pre,0,1000,1000,0.0,0.0,12.005,0.0
1785433366.4626012,idle_pre,0,1000,1000,0.0,0.0,12.001,0.0
1785433366.4789996,idle_pre,0,1000,1000,0.0,0.0,12.013,0.0
1785433366.498997,idle_pre,0,1000,1000,0.0,0.0,12.0,0.0
1785433366.5183032,idle_pre,0,1000,1000,0.0,0.0,12.076,0.0
1785433366.539195,idle_pre,0,1000,1000,0.0,0.0,12.01,0.0
1785433366.5625985,idle_pre,0,1000,1000,0.0,0.0,12.004,0.0
1785433366.5784066,idle_pre,0,1000,1000,0.0,0.0,12.007,0.0
1785433366.5989733,idle_pre,0,1000,1000,0.0,0.0,12.011,0.0
1785433366.6198678,idle_pre,0,1000,1000,0.0,0.0,11.996,0.0
1785433366.638207,idle_pre,0,1000,1000,0.0,0.0,12.008,0.0
1785433366.6634212,idle_pre,0,1000,1000,0.0,0.0,12.006,0.0
1785433366.6798773,idle_pre,0,1000,1000,0.0,0.0,11.998,0.0
1785433366.6990604,idle_pre,0,1000,1000,0.0,0.0,12.013,0.0
1785433366.7202692,idle_pre,0,1000,1000,0.0,0.0,12.0,0.0
1785433366.7382011,idle_pre,0,1000,1000,0.0,0.0,12.011,0.0
1785433366.763268,idle_pre,0,1000,1000,0.0,0.0,11.983,0.0
1785433366.7802603,idle_pre,0,1000,1000,0.0,0.0,12.014,0.0
1785433366.7988706,idle_pre,0,1000,1000,0.0,0.0,12.019,0.0
1785433366.8182073,idle_pre,0,1000,1000,0.0,0.0,12.001,0.0
1785433366.8400865,idle_pre,0,1000,1000,0.0,0.0,12.105,0.0
1785433366.8628945,idle_pre,0,1000,1000,0.0,0.0,12.002,0.0
1785433366.8810375,idle_pre,0,1000,1000,0.0,0.0,11.999,0.0
1785433366.899008,idle_pre,0,1000,1000,0.0,0.0,12.003,0.0
1785433366.9182148,idle_pre,0,1000,1000,0.0,0.0,12.014,0.0
1785433366.938872,idle_pre,0,1000,1000,0.0,0.0,11.977,0.0
1785433366.9616306,idle_pre,0,1000,1000,0.0,0.0,12.004,0.0
1785433366.9782376,idle_pre,0,1000,1000,0.0,0.0,12.014,0.0
1785433366.9998848,idle_pre,0,1000,1000,0.0,0.0,12.007,0.0
1785433367.0183008,idle_pre,0,1000,1000,0.0,0.0,12.013,0.0
1785433367.038909,idle_pre,0,1000,1000,0.0,0.0,11.99,0.0
1785433367.061727,idle_pre,0,1000,1000,0.0,0.0,12.016,0.0
1785433367.0783157,idle_pre,0,1000,1000,0.0,0.0,12.002,0.0
1785433367.0989778,idle_pre,0,1000,1000,0.0,0.0,12.009,0.0
1785433367.120699,idle_pre,0,1000,1000,0.0,0.0,12.023,0.0
1785433367.137832,idle_pre,0,1000,1000,0.0,0.0,12.011,0.0
1785433367.1634028,idle_pre,0,1000,1000,0.0,0.0,11.973,0.02
1785433367.1803377,idle_pre,0,1000,1000,0.0,0.0,12.015,0.0
1785433367.1982985,idle_pre,0,1000,1000,0.0,0.0,11.998,0.0
1785433367.2189307,idle_pre,0,1000,1000,0.0,0.0,11.998,0.0
1785433367.2399328,idle_pre,0,1000,1000,0.0,0.0,12.003,0.0
1785433367.262677,idle_pre,0,1000,1000,0.0,0.0,11.947,0.0
1785433367.2789757,idle_pre,0,1000,1000,0.0,0.0,11.988,0.0
1785433367.2999291,idle_pre,0,1000,1000,0.0,0.0,11.993,0.0
1785433367.318888,idle_pre,0,1000,1000,0.0,0.0,12.0,0.0
1785433367.3399029,idle_pre,0,1000,1000,0.0,0.0,12.002,0.0
1785433367.3627136,idle_pre,0,1000,1000,0.0,0.0,11.999,0.0
1785433367.3789914,idle_pre,0,1000,1000,0.0,0.0,12.0,0.0
1785433367.4000201,idle_pre,0,1000,1000,0.0,0.0,12.01,0.0
1785433367.418876,idle_pre,0,1000,1000,0.0,0.0,12.011,0.0
1785433367.4388795,idle_pre,0,1000,1000,0.0,0.0,12.002,0.0
1785433367.461839,idle_pre,0,1000,1000,0.0,0.0,12.0,0.0
1785433367.4782326,idle_pre,0,1000,1000,0.0,0.0,11.999,0.0
1785433367.4999716,idle_pre,0,1000,1000,0.0,0.0,11.998,0.0
1785433367.5187974,idle_pre,0,1000,1000,0.0,0.0,11.999,0.0
1785433367.5392196,idle_pre,0,1000,1000,0.0,0.0,12.015,0.0
1785433367.5616403,idle_pre,0,1000,1000,0.0,0.0,11.983,0.0
1785433367.5782356,idle_pre,0,1000,1000,0.0,0.0,12.005,0.0
1785433367.5989354,idle_pre,0,1000,1000,0.0,0.0,12.008,0.0
1785433367.619892,idle_pre,0,1000,1000,0.0,0.0,12.009,0.0
1785433367.6383412,idle_pre,0,1000,1000,0.0,0.0,12.002,0.0
1785433367.6621308,idle_pre,0,1000,1000,0.0,0.0,12.032,0.0
1785433367.6783097,idle_pre,0,1000,1000,0.0,0.0,12.005,0.0
1785433367.699585,idle_pre,0,1000,1000,0.0,0.0,12.012,0.0
1785433367.719949,idle_pre,0,1000,1000,0.0,0.0,12.014,0.0
1785433367.738243,idle_pre,0,1000,1000,0.0,0.0,11.998,0.0
1785433367.7632341,idle_pre,0,1000,1000,0.0,0.0,11.988,0.0
1785433367.7795098,idle_pre,0,1000,1000,0.0,0.0,12.007,0.0
1785433367.7999504,idle_pre,0,1000,1000,0.0,0.0,12.007,0.0
1785433367.8182313,idle_pre,0,1000,1000,0.0,0.0,12.028,0.0
1785433367.8388846,idle_pre,0,1000,1000,0.0,0.0,11.998,0.0
1785433367.8619037,idle_pre,0,1000,1000,0.0,0.0,11.994,0.0
1785433367.8782253,idle_pre,0,1000,1000,0.0,0.0,11.993,0.0
1785433367.8992972,idle_pre,0,1000,1000,0.0,0.0,11.998,0.0
1785433367.9184537,idle_pre,0,1000,1000,0.0,0.0,11.929,0.01
1785433367.9397428,idle_pre,0,1000,1000,0.0,0.0,12.02,0.0
1785433367.9634993,idle_pre,0,1000,1000,0.0,0.0,12.006,0.0
1785433367.978574,idle_pre,0,1000,1000,0.0,0.0,12.037,0.0
1785433367.998891,idle_pre,0,1000,1000,0.0,0.0,12.01,0.0
1785433368.019902,idle_pre,0,1000,1000,0.0,0.0,12.0,0.0
1785433368.0383406,idle_pre,0,1000,1000,0.0,0.0,12.009,0.0
1785433368.0632105,idle_pre,0,1000,1000,0.0,0.0,12.015,0.0
1785433368.0799162,idle_pre,0,1000,1000,0.0,0.0,12.015,0.0
1785433368.0982306,idle_pre,0,1000,1000,0.0,0.0,12.007,0.0
1785433368.1189337,idle_pre,0,1000,1000,0.0,0.0,12.006,0.0
1785433368.1400142,idle_pre,0,1000,1000,0.0,0.0,12.097,0.0
1785433368.1628072,idle_pre,0,1000,1000,0.0,0.0,11.975,0.0
1785433368.1802835,idle_pre,0,1000,1000,0.0,0.0,12.003,0.0
1785433368.1987293,idle_pre,0,1000,1000,0.0,0.0,12.008,0.0
1785433368.2189858,idle_pre,0,1000,1000,0.0,0.0,12.01,0.0
1785433368.2400186,idle_pre,0,1000,1000,0.0,0.0,12.001,0.0
1785433368.2629879,idle_pre,0,1000,1000,0.0,0.0,12.014,0.0
1785433368.2789195,idle_pre,0,1000,1000,0.0,0.0,11.991,0.0
1785433368.2999303,idle_pre,0,1000,1000,0.0,0.0,12.014,0.0
1785433368.318372,idle_pre,0,1000,1000,0.0,0.0,12.022,0.0
1785433368.3389564,idle_pre,0,1000,1000,0.0,0.0,12.003,0.0
1785433368.3616822,idle_pre,0,1000,1000,0.0,0.0,11.998,0.0
1785433368.378256,idle_pre,0,1000,1000,0.0,0.0,12.013,0.0
1785433368.399934,idle_pre,0,1000,1000,0.0,0.0,11.998,0.0
1785433368.4189053,idle_pre,0,1000,1000,0.0,0.0,12.021,0.0
1785433368.4382427,idle_pre,0,1000,1000,0.0,0.0,12.015,0.0
1785433368.4632125,idle_pre,0,1000,1000,0.0,0.0,12.002,0.0
1785433368.4783318,idle_pre,0,1000,1000,0.0,0.0,12.011,0.0
1785433368.498994,idle_pre,0,1000,1000,0.0,0.0,12.003,0.0
1785433368.5182722,idle_pre,0,1000,1000,0.0,0.0,11.998,0.0
1785433368.5389798,idle_pre,0,1000,1000,0.0,0.0,12.033,0.0
1785433368.563956,idle_pre,0,1000,1000,0.0,0.0,12.003,0.0
1785433368.5799806,idle_pre,0,1000,1000,0.0,0.0,12.012,0.0
1785433368.5982447,idle_pre,0,1000,1000,0.0,0.0,12.015,0.0
1785433368.6189928,idle_pre,0,1000,1000,0.0,0.0,12.002,0.0
1785433368.6399214,idle_pre,0,1000,1000,0.0,0.0,11.964,0.0
1785433368.6627448,idle_pre,0,1000,1000,0.0,0.0,12.03,0.0
1785433368.6789775,idle_pre,0,1000,1000,0.0,0.0,12.014,0.0
1785433368.7000206,idle_pre,0,1000,1000,0.0,0.0,12.003,0.0
1785433368.718255,idle_pre,0,1000,1000,0.0,0.0,11.998,0.0
1785433368.7389185,idle_pre,0,1000,1000,0.0,0.0,11.999,0.0
1785433368.7616866,idle_pre,0,1000,1000,0.0,0.0,12.014,0.0
1785433368.7794213,idle_pre,0,1000,1000,0.0,0.0,12.008,0.0
1785433368.8000329,idle_pre,0,1000,1000,0.0,0.0,12.013,0.0
1785433368.8182864,idle_pre,0,1000,1000,0.0,0.0,12.002,0.0
1785433368.8398943,idle_pre,0,1000,1000,0.0,0.0,11.997,0.0
1785433368.862917,idle_pre,0,1000,1000,0.0,0.0,12.0,0.0
1785433368.8789313,idle_pre,0,1000,1000,0.0,0.0,12.013,0.0
1785433368.8999588,idle_pre,0,1000,1000,0.0,0.0,12.013,0.0
1785433368.9188807,idle_pre,0,1000,1000,0.0,0.0,12.006,0.0
1785433368.940019,idle_pre,0,1000,1000,0.0,0.0,12.012,0.0
1785433368.9626825,idle_pre,0,1000,1000,0.0,0.0,12.011,0.0
1785433368.9789839,idle_pre,0,1000,1000,0.0,0.0,12.045,0.0
1785433368.998344,idle_pre,0,1000,1000,0.0,0.0,11.991,0.0
1785433369.0189197,idle_pre,0,1000,1000,0.0,0.0,12.021,0.0
1785433369.0429907,idle_pre,0,1000,1000,0.0,0.0,12.006,0.0
1785433369.0632613,idle_pre,0,1000,1000,0.0,0.0,11.998,0.0
1785433369.08001,idle_pre,0,1000,1000,0.0,0.0,12.005,0.0
1785433369.0982816,idle_pre,0,1000,1000,0.0,0.0,11.921,0.0
1785433369.1189756,idle_pre,0,1000,1000,0.0,0.0,12.013,0.0
1785433369.1399348,idle_pre,0,1000,1000,0.0,0.0,12.015,0.0
1785433369.163518,idle_pre,0,1000,1000,0.0,0.0,12.021,0.0
1785433369.1789522,idle_pre,0,1000,1000,0.0,0.0,12.013,0.0
1785433369.1992052,idle_pre,0,1000,1000,0.0,0.0,12.013,0.0
1785433369.218304,idle_pre,0,1000,1000,0.0,0.0,12.0,0.0
1785433369.2390249,idle_pre,0,1000,1000,0.0,0.0,11.999,0.0
1785433369.2617078,idle_pre,0,1000,1000,0.0,0.0,12.013,0.0
1785433369.2782998,idle_pre,0,1000,1000,0.0,0.0,11.998,0.0
1785433369.2989945,idle_pre,0,1000,1000,0.0,0.0,11.981,0.0
1785433369.3202593,idle_pre,0,1000,1000,0.0,0.0,12.002,0.0
1785433369.339458,idle_pre,0,1000,1000,0.0,0.0,12.01,0.0
1785433369.3617296,idle_pre,0,1000,1000,0.0,0.0,11.973,0.0
1785433369.3791106,idle_pre,0,1000,1000,0.0,0.0,11.949,0.0
1785433369.398945,idle_pre,0,1000,1000,0.0,0.0,12.012,0.0
1785433369.419969,idle_pre,0,1000,1000,0.0,0.0,11.998,0.0
1785433369.4385283,idle_pre,0,1000,1000,0.0,0.0,12.016,0.0
1785433369.4632626,idle_pre,0,1000,1000,0.0,0.0,12.013,0.0
1785433369.4799795,idle_pre,0,1000,1000,0.0,0.0,12.01,0.0
1785433369.4982898,idle_pre,0,1000,1000,0.0,0.0,12.002,0.0
1785433369.5190985,idle_pre,0,1000,1000,0.0,0.0,12.006,0.0
1785433369.539969,idle_pre,0,1000,1000,0.0,0.0,12.016,0.0
1785433369.5627255,idle_pre,0,1000,1000,0.0,0.0,11.998,0.0
1785433369.5789664,idle_pre,0,1000,1000,0.0,0.0,12.001,0.0
1785433369.5999863,idle_pre,0,1000,1000,0.0,0.0,12.005,0.0
1785433369.6190298,idle_pre,0,1000,1000,0.0,0.0,12.005,0.0
1785433369.638224,idle_pre,0,1000,1000,0.0,0.0,12.012,0.0
1785433369.663405,idle_pre,0,1000,1000,0.0,0.0,11.957,0.0
1785433369.6806617,idle_pre,0,1000,1000,0.0,0.0,12.005,0.0
1785433369.6983018,idle_pre,0,1000,1000,0.0,0.0,12.015,0.0
1785433369.7189484,idle_pre,0,1000,1000,0.0,0.0,12.008,0.0
1785433369.7406363,idle_pre,0,1000,1000,0.0,0.0,12.005,0.0
1785433369.7627351,idle_pre,0,1000,1000,0.0,0.0,12.005,0.0
1785433369.7789457,idle_pre,0,1000,1000,0.0,0.0,11.998,0.0
1785433369.7999535,idle_pre,0,1000,1000,0.0,0.0,11.946,0.0
1785433369.8189573,idle_pre,0,1000,1000,0.0,0.0,12.001,0.0
1785433369.8400738,idle_pre,0,1000,1000,0.0,0.0,11.996,0.0
1785433369.8634877,idle_pre,0,1000,1000,0.0,0.0,12.019,0.0
1785433369.8799589,idle_pre,0,1000,1000,0.0,0.0,12.012,0.0
1785433369.899037,idle_pre,0,1000,1000,0.0,0.0,12.002,0.0
1785433369.9200609,idle_pre,0,1000,1000,0.0,0.0,12.015,0.0
1785433369.9383025,idle_pre,0,1000,1000,0.0,0.0,12.019,0.0
1785433369.963275,A1500_B1000,1,1500,1000,0.5,0.0,12.01,0.0
1785433369.9799783,A1500_B1000,1,1500,1000,0.5,0.0,12.005,0.0
1785433369.9985423,A1500_B1000,1,1500,1000,0.5,0.0,12.007,0.0
1785433370.0189624,A1500_B1000,1,1500,1000,0.5,0.0,12.013,0.0
1785433370.0399606,A1500_B1000,1,1500,1000,0.5,0.0,12.003,0.0
1785433370.0628324,A1500_B1000,1,1500,1000,0.5,0.0,12.011,0.0
1785433370.0789642,A1500_B1000,1,1500,1000,0.5,0.0,12.016,0.0
1785433370.100296,A1500_B1000,1,1500,1000,0.5,0.0,12.004,0.0
1785433370.1182904,A1500_B1000,1,1500,1000,0.5,0.0,12.003,0.0
1785433370.1389802,A1500_B1000,1,1500,1000,0.5,0.0,12.006,0.0
1785433370.1623127,A1500_B1000,1,1500,1000,0.5,0.0,12.013,0.0
1785433370.1791975,A1500_B1000,1,1500,1000,0.5,0.0,11.998,0.0
1785433370.1983051,A1500_B1000,1,1500,1000,0.5,0.0,12.011,0.0
1785433370.2192206,A1500_B1000,1,1500,1000,0.5,0.0,12.005,0.0
1785433370.2402744,A1500_B1000,1,1500,1000,0.5,0.0,12.004,0.0
1785433370.2633803,A1500_B1000,1,1500,1000,0.5,0.0,12.0,0.0
1785433370.278365,A1500_B1000,1,1500,1000,0.5,0.0,12.0,0.0
1785433370.299038,A1500_B1000,1,1500,1000,0.5,0.0,11.986,0.0
1785433370.3199856,A1500_B1000,1,1500,1000,0.5,0.0,11.999,0.0
1785433370.3383698,A1500_B1000,1,1500,1000,0.5,0.0,11.998,0.0
1785433370.361959,A1500_B1000,1,1500,1000,0.5,0.0,12.021,0.0
1785433370.3783813,A1500_B1000,1,1500,1000,0.5,0.0,11.975,0.0
1785433370.3995156,A1500_B1000,1,1500,1000,0.5,0.0,11.99,0.0
1785433370.4201355,A1500_B1000,1,1500,1000,0.5,0.0,12.007,0.0
1785433370.4384282,A1500_B1000,1,1500,1000,0.5,0.0,12.002,0.0
1785433370.4632962,A1500_B1000,1,1500,1000,0.5,0.0,11.987,0.0
1785433370.4800677,A1500_B1000,1,1500,1000,0.5,0.0,12.013,0.0
1785433370.4985092,A1500_B1000,1,1500,1000,0.5,0.0,11.999,0.0
1785433370.5200222,A1500_B1000,1,1500,1000,0.5,0.0,11.99,0.0
1785433370.538526,A1500_B1000,1,1500,1000,0.5,0.0,12.032,0.0
1785433370.5633116,A1500_B1000,1,1500,1000,0.5,0.0,11.999,0.0
1785433370.5780792,A1500_B1000,1,1500,1000,0.5,0.0,12.009,0.0
1785433370.599078,A1500_B1000,1,1500,1000,0.5,0.0,11.995,0.0
1785433370.6184323,A1500_B1000,1,1500,1000,0.5,0.0,12.033,0.02
1785433370.639013,A1500_B1000,1,1500,1000,0.5,0.0,11.993,0.0
1785433370.6617327,A1500_B1000,1,1500,1000,0.5,0.0,12.016,0.0
1785433370.678443,A1500_B1000,1,1500,1000,0.5,0.0,12.005,0.0
1785433370.6990683,A1500_B1000,1,1500,1000,0.5,0.0,12.128,0.0
1785433370.719991,A1500_B1000,1,1500,1000,0.5,0.0,12.017,0.0
1785433370.7384124,A1500_B1000,1,1500,1000,0.5,0.0,11.998,0.0
1785433370.7633011,A1500_B1000,1,1500,1000,0.5,0.0,12.02,0.0
1785433370.7784333,A1500_B1000,1,1500,1000,0.5,0.0,12.012,0.0
1785433370.7989824,A1500_B1000,1,1500,1000,0.5,0.0,12.023,0.0
1785433370.8200676,A1500_B1000,1,1500,1000,0.5,0.0,12.013,0.0
1785433370.8384676,A1500_B1000,1,1500,1000,0.5,0.0,12.005,0.0
1785433370.8644464,A1500_B1000,1,1500,1000,0.5,0.0,12.104,0.0
1785433370.878701,A1500_B1000,1,1500,1000,0.5,0.0,11.98,0.0
1785433370.9001565,A1500_B1000,1,1500,1000,0.5,0.0,12.002,0.0
1785433370.9194932,A1500_B1000,1,1500,1000,0.5,0.0,12.013,0.0
1785433370.9400704,A1500_B1000,1,1500,1000,0.5,0.0,11.98,0.0
1785433370.9627655,A1500_B1000,1,1500,1000,0.5,0.0,12.006,0.0
1785433370.9789891,A1500_B1000,1,1500,1000,0.5,0.0,11.999,0.0
1785433370.9999902,A1500_B1000,1,1500,1000,0.5,0.0,12.01,0.0
1785433371.0183687,A1500_B1000,1,1500,1000,0.5,0.0,12.008,0.0
1785433371.039528,A1500_B1000,1,1500,1000,0.5,0.0,11.998,0.0
1785433371.0627427,A1500_B1000,1,1500,1000,0.5,0.0,12.016,0.0
1785433371.078991,A1500_B1000,1,1500,1000,0.5,0.0,12.009,0.0
1785433371.100402,A1500_B1000,1,1500,1000,0.5,0.0,12.001,0.0
1785433371.118359,A1500_B1000,1,1500,1000,0.5,0.0,11.999,0.0
1785433371.1391277,A1500_B1000,1,1500,1000,0.5,0.0,12.017,0.0
1785433371.1620438,A1500_B1000,1,1500,1000,0.5,0.0,12.01,0.0
1785433371.1783726,A1500_B1000,1,1500,1000,0.5,0.0,11.983,0.0
1785433371.1990185,A1500_B1000,1,1500,1000,0.5,0.0,11.993,0.0
1785433371.2200086,A1500_B1000,1,1500,1000,0.5,0.0,12.007,0.0
1785433371.2383618,A1500_B1000,1,1500,1000,0.5,0.0,12.003,0.0
1785433371.263352,A1500_B1000,1,1500,1000,0.5,0.0,11.982,0.0
1785433371.2803717,A1500_B1000,1,1500,1000,0.5,0.0,11.999,0.0
1785433371.2991064,A1500_B1000,1,1500,1000,0.5,0.0,12.013,0.0
1785433371.3193035,A1500_B1000,1,1500,1000,0.5,0.0,12.007,0.0
1785433371.3384113,A1500_B1000,1,1500,1000,0.5,0.0,11.998,0.0
1785433371.3617747,A1500_B1000,1,1500,1000,0.5,0.0,12.007,0.0
1785433371.3784006,A1500_B1000,1,1500,1000,0.5,0.0,12.007,0.0
1785433371.4006062,A1500_B1000,1,1500,1000,0.5,0.0,12.004,0.0
1785433371.4196215,A1500_B1000,1,1500,1000,0.5,0.0,12.004,0.0
1785433371.4400291,A1500_B1000,1,1500,1000,0.5,0.0,12.013,0.0
1785433371.4627633,A1500_B1000,1,1500,1000,0.5,0.0,11.982,0.0
1785433371.4792473,A1500_B1000,1,1500,1000,0.5,0.0,12.096,0.0
1785433371.5000145,A1500_B1000,1,1500,1000,0.5,0.0,11.996,0.0
1785433371.5183702,A1500_B1000,1,1500,1000,0.5,0.0,12.0,0.0
1785433371.5390532,A1500_B1000,1,1500,1000,0.5,0.0,12.0,0.0
1785433371.5617917,A1500_B1000,1,1500,1000,0.5,0.0,12.014,0.0
1785433371.5792222,A1500_B1000,1,1500,1000,0.5,0.0,11.99,0.0
1785433371.5983531,A1500_B1000,1,1500,1000,0.5,0.0,12.003,0.0
1785433371.6200092,A1500_B1000,1,1500,1000,0.5,0.0,11.993,0.0
1785433371.63901,A1500_B1000,1,1500,1000,0.5,0.0,12.013,0.0
1785433371.6619403,A1500_B1000,1,1500,1000,0.5,0.0,12.01,0.0
1785433371.678372,A1500_B1000,1,1500,1000,0.5,0.0,11.958,0.0
1785433371.6990354,A1500_B1000,1,1500,1000,0.5,0.0,12.019,0.0
1785433371.7200305,A1500_B1000,1,1500,1000,0.5,0.0,12.002,0.0
1785433371.738944,A1500_B1000,1,1500,1000,0.5,0.0,12.0,0.0
1785433371.7633326,A1500_B1000,1,1500,1000,0.5,0.0,12.008,0.0
1785433371.7800298,A1500_B1000,1,1500,1000,0.5,0.0,12.01,0.0
1785433371.7983449,A1500_B1000,1,1500,1000,0.5,0.0,12.008,0.0
1785433371.8190143,A1500_B1000,1,1500,1000,0.5,0.0,12.0,0.0
1785433371.8400445,A1500_B1000,1,1500,1000,0.5,0.0,12.013,0.0
1785433371.8630846,A1500_B1000,1,1500,1000,0.5,0.0,12.013,0.0
1785433371.8800895,A1500_B1000,1,1500,1000,0.5,0.0,11.993,0.0
1785433371.899014,A1500_B1000,1,1500,1000,0.5,0.0,11.997,0.0
1785433371.9185083,A1500_B1000,1,1500,1000,0.5,0.0,11.971,0.0
1785433371.9400177,A1500_B1000,1,1500,1000,0.5,0.0,12.0,0.0
1785433371.9631124,A1500_B1000,1,1500,1000,0.5,0.0,11.998,0.0
1785433371.9790177,A1500_B1000,1,1500,1000,0.5,0.0,11.996,0.09
1785433372.0000355,A1500_B1000,1,1500,1000,0.5,0.0,12.013,0.0
1785433372.0183668,A1500_B1000,1,1500,1000,0.5,0.0,11.895,0.0
1785433372.0390706,A1500_B1000,1,1500,1000,0.5,0.0,11.998,0.0
1785433372.061777,A1500_B1000,1,1500,1000,0.5,0.0,12.002,0.0
1785433372.0783508,A1500_B1000,1,1500,1000,0.5,0.0,11.998,0.0
1785433372.0991528,A1500_B1000,1,1500,1000,0.5,0.0,12.006,0.0
1785433372.1184406,A1500_B1000,1,1500,1000,0.5,0.0,12.016,0.0
1785433372.1392028,A1500_B1000,1,1500,1000,0.5,0.0,12.003,0.0
1785433372.1617868,A1500_B1000,1,1500,1000,0.5,0.0,11.999,0.0
1785433372.1784098,A1500_B1000,1,1500,1000,0.5,0.0,12.013,0.0
1785433372.199051,A1500_B1000,1,1500,1000,0.5,0.0,12.013,0.0
1785433372.2201605,A1500_B1000,1,1500,1000,0.5,0.0,11.999,0.0
1785433372.2383661,A1500_B1000,1,1500,1000,0.5,0.0,12.013,0.0
1785433372.2633739,A1500_B1000,1,1500,1000,0.5,0.0,12.011,0.0
1785433372.2800505,A1500_B1000,1,1500,1000,0.5,0.0,11.994,0.0
1785433372.298453,A1500_B1000,1,1500,1000,0.5,0.0,11.988,0.0
1785433372.3191,A1500_B1000,1,1500,1000,0.5,0.0,11.995,0.0
1785433372.3400795,A1500_B1000,1,1500,1000,0.5,0.0,11.998,0.0
1785433372.362843,A1500_B1000,1,1500,1000,0.5,0.0,12.013,0.0
1785433372.3790824,A1500_B1000,1,1500,1000,0.5,0.0,12.007,0.0
1785433372.400098,A1500_B1000,1,1500,1000,0.5,0.0,11.998,0.0
1785433372.418423,A1500_B1000,1,1500,1000,0.5,0.0,12.006,0.0
1785433372.4389937,A1500_B1000,1,1500,1000,0.5,0.0,12.016,0.0
1785433372.4627883,A1500_B1000,1,1500,1000,0.5,0.0,12.011,0.0
1785433372.479482,A1500_B1000,1,1500,1000,0.5,0.0,11.992,0.0
1785433372.5000584,A1500_B1000,1,1500,1000,0.5,0.0,12.014,0.0
1785433372.5200462,A1500_B1000,1,1500,1000,0.5,0.0,12.013,0.0
1785433372.5396132,A1500_B1000,1,1500,1000,0.5,0.0,12.0,0.0
1785433372.5617988,A1500_B1000,1,1500,1000,0.5,0.0,11.992,0.0
1785433372.578392,A1500_B1000,1,1500,1000,0.5,0.0,11.999,0.0
1785433372.5990546,A1500_B1000,1,1500,1000,0.5,0.0,12.008,0.0
1785433372.6200392,A1500_B1000,1,1500,1000,0.5,0.0,12.002,0.0
1785433372.6383853,A1500_B1000,1,1500,1000,0.5,0.0,12.0,0.0
1785433372.6634593,A1500_B1000,1,1500,1000,0.5,0.0,11.984,0.0
1785433372.678485,A1500_B1000,1,1500,1000,0.5,0.0,11.989,0.0
1785433372.6991508,A1500_B1000,1,1500,1000,0.5,0.0,11.982,0.0
1785433372.7211971,A1500_B1000,1,1500,1000,0.5,0.0,12.025,0.0
1785433372.7405238,A1500_B1000,1,1500,1000,0.5,0.0,11.991,0.0
1785433372.7627995,A1500_B1000,1,1500,1000,0.5,0.0,12.015,0.0
1785433372.7800417,A1500_B1000,1,1500,1000,0.5,0.0,12.006,0.0
1785433372.798386,A1500_B1000,1,1500,1000,0.5,0.0,12.015,0.0
1785433372.819048,A1500_B1000,1,1500,1000,0.5,0.0,12.004,0.0
1785433372.8381248,A1500_B1000,1,1500,1000,0.5,0.0,12.001,0.0
1785433372.863295,A1500_B1000,1,1500,1000,0.5,0.0,12.023,0.0
1785433372.8790445,A1500_B1000,1,1500,1000,0.5,0.0,11.998,0.0
1785433372.900071,A1500_B1000,1,1500,1000,0.5,0.0,12.006,0.0
1785433372.9184058,A1500_B1000,1,1500,1000,0.5,0.0,11.935,0.0
1785433372.939073,A1500_B1000,1,1500,1000,0.5,0.0,12.013,0.0
1785433372.9618032,A1500_B1000,1,1500,1000,0.5,0.0,12.006,0.0
1785433372.9784415,A1500_B1000,1,1500,1000,0.5,0.0,11.987,0.0
1785433372.9990628,A1500_B1000,1,1500,1000,0.5,0.0,11.91,0.0
1785433373.0191886,A1500_B1000,1,1500,1000,0.5,0.0,11.988,0.0
1785433373.037966,A1500_B1000,1,1500,1000,0.5,0.0,12.007,0.0
1785433373.0634162,A1500_B1000,1,1500,1000,0.5,0.0,12.013,0.0
1785433373.0783942,A1500_B1000,1,1500,1000,0.5,0.0,12.024,0.13
1785433373.0990639,A1500_B1000,1,1500,1000,0.5,0.0,12.02,0.0
1785433373.1203828,A1500_B1000,1,1500,1000,0.5,0.0,12.015,0.0
1785433373.138405,A1500_B1000,1,1500,1000,0.5,0.0,12.085,0.0
1785433373.163685,A1500_B1000,1,1500,1000,0.5,0.0,12.008,0.0
1785433373.1801343,A1500_B1000,1,1500,1000,0.5,0.0,12.006,0.0
1785433373.198411,A1500_B1000,1,1500,1000,0.5,0.0,11.999,0.0
1785433373.2190812,A1500_B1000,1,1500,1000,0.5,0.0,12.001,0.0
1785433373.238448,A1500_B1000,1,1500,1000,0.5,0.0,12.01,0.0
1785433373.2631044,A1500_B1000,1,1500,1000,0.5,0.0,11.983,0.0
1785433373.2802017,A1500_B1000,1,1500,1000,0.5,0.0,12.001,0.0
1785433373.298388,A1500_B1000,1,1500,1000,0.5,0.0,12.0,0.0
1785433373.3190675,A1500_B1000,1,1500,1000,0.5,0.0,12.009,0.0
1785433373.3400612,A1500_B1000,1,1500,1000,0.5,0.0,12.013,0.0
1785433373.3628724,A1500_B1000,1,1500,1000,0.5,0.0,11.998,0.0
1785433373.3791757,A1500_B1000,1,1500,1000,0.5,0.0,12.013,0.0
1785433373.4000938,A1500_B1000,1,1500,1000,0.5,0.0,11.936,0.0
1785433373.4184346,A1500_B1000,1,1500,1000,0.5,0.0,12.006,0.0
1785433373.4394767,A1500_B1000,1,1500,1000,0.5,0.0,12.006,0.0
1785433373.4623487,A1500_B1000,1,1500,1000,0.5,0.0,12.01,0.0
1785433373.4803286,A1500_B1000,1,1500,1000,0.5,0.0,12.008,0.0
1785433373.4989974,A1500_B1000,1,1500,1000,0.5,0.0,11.999,0.0
1785433373.519134,A1500_B1000,1,1500,1000,0.5,0.0,12.004,0.0
1785433373.5396383,A1500_B1000,1,1500,1000,0.5,0.0,12.025,0.0
1785433373.5622675,A1500_B1000,1,1500,1000,0.5,0.0,11.989,0.0
1785433373.5784369,A1500_B1000,1,1500,1000,0.5,0.0,12.009,0.0
1785433373.5990949,A1500_B1000,1,1500,1000,0.5,0.0,11.994,0.0
1785433373.620084,A1500_B1000,1,1500,1000,0.5,0.0,12.001,0.0
1785433373.638433,A1500_B1000,1,1500,1000,0.5,0.0,12.008,0.0
1785433373.6634543,A1500_B1000,1,1500,1000,0.5,0.0,12.001,0.0
1785433373.6805568,A1500_B1000,1,1500,1000,0.5,0.0,12.127,0.0
1785433373.6984115,A1500_B1000,1,1500,1000,0.5,0.0,11.934,0.0
1785433373.7190876,A1500_B1000,1,1500,1000,0.5,0.0,12.014,0.0
1785433373.740102,A1500_B1000,1,1500,1000,0.5,0.0,12.01,0.0
1785433373.7630148,A1500_B1000,1,1500,1000,0.5,0.0,11.993,0.0
1785433373.779104,A1500_B1000,1,1500,1000,0.5,0.0,11.986,0.0
1785433373.8001144,A1500_B1000,1,1500,1000,0.5,0.0,11.99,0.0
1785433373.8184366,A1500_B1000,1,1500,1000,0.5,0.0,11.933,0.0
1785433373.8401418,A1500_B1000,1,1500,1000,0.5,0.0,12.007,0.0
1785433373.863124,A1500_B1000,1,1500,1000,0.5,0.0,12.01,0.0
1785433373.8790784,A1500_B1000,1,1500,1000,0.5,0.0,11.994,0.0
1785433373.9001362,A1500_B1000,1,1500,1000,0.5,0.0,11.998,0.0
1785433373.9185045,A1500_B1000,1,1500,1000,0.5,0.0,12.005,0.0
1785433373.9390807,A1500_B1000,1,1500,1000,0.5,0.0,12.023,0.0
1785433373.962132,A1500_B1100,1,1500,1100,0.5,0.1,12.005,0.0
1785433373.9785795,A1500_B1100,1,1500,1100,0.5,0.1,12.026,0.13
1785433373.9991343,A1500_B1100,1,1500,1100,0.5,0.1,12.016,0.0
1785433374.0205631,A1500_B1100,1,1500,1100,0.5,0.1,12.008,0.0
1785433374.038414,A1500_B1100,1,1500,1100,0.5,0.1,12.004,0.0
1785433374.0650418,A1500_B1100,1,1500,1100,0.5,0.1,12.011,0.0
1785433374.0802007,A1500_B1100,1,1500,1100,0.5,0.1,12.001,0.0
1785433374.098462,A1500_B1100,1,1500,1100,0.5,0.1,12.013,0.0
1785433374.1190858,A1500_B1100,1,1500,1100,0.5,0.1,12.003,0.0
1785433374.1402035,A1500_B1100,1,1500,1100,0.5,0.1,12.017,0.0
1785433374.1633317,A1500_B1100,1,1500,1100,0.5,0.1,12.005,0.0
1785433374.179139,A1500_B1100,1,1500,1100,0.5,0.1,11.988,0.0
1785433374.2015145,A1500_B1100,1,1500,1100,0.5,0.1,12.003,0.0
1785433374.2191033,A1500_B1100,1,1500,1100,0.5,0.1,12.006,0.0
1785433374.2384698,A1500_B1100,1,1500,1100,0.5,0.1,11.999,0.0
1785433374.2634256,A1500_B1100,1,1500,1100,0.5,0.1,11.999,0.0
1785433374.2808952,A1500_B1100,1,1500,1100,0.5,0.1,11.903,0.0
1785433374.298444,A1500_B1100,1,1500,1100,0.5,0.1,11.973,0.0
1785433374.321203,A1500_B1100,1,1500,1100,0.5,0.1,12.015,0.0
1785433374.3391066,A1500_B1100,1,1500,1100,0.5,0.1,12.009,0.0
1785433374.361876,A1500_B1100,1,1500,1100,0.5,0.1,12.006,0.0
1785433374.3788757,A1500_B1100,1,1500,1100,0.5,0.1,12.001,0.0
1785433374.3991177,A1500_B1100,1,1500,1100,0.5,0.1,11.998,0.0
1785433374.4202623,A1500_B1100,1,1500,1100,0.5,0.1,12.008,0.0
1785433374.438453,A1500_B1100,1,1500,1100,0.5,0.1,11.998,0.0
1785433374.463476,A1500_B1100,1,1500,1100,0.5,0.1,12.003,0.0
1785433374.4786189,A1500_B1100,1,1500,1100,0.5,0.1,12.007,0.0
1785433374.4994156,A1500_B1100,1,1500,1100,0.5,0.1,12.001,0.0
1785433374.5201144,A1500_B1100,1,1500,1100,0.5,0.1,11.99,0.0
1785433374.5399036,A1500_B1100,1,1500,1100,0.5,0.1,12.013,0.0
1785433374.5619261,A1500_B1100,1,1500,1100,0.5,0.1,12.012,0.0
1785433374.5785987,A1500_B1100,1,1500,1100,0.5,0.1,12.013,0.0
1785433374.5991633,A1500_B1100,1,1500,1100,0.5,0.1,12.002,0.0
1785433374.6201053,A1500_B1100,1,1500,1100,0.5,0.1,12.015,0.0
1785433374.6385226,A1500_B1100,1,1500,1100,0.5,0.1,12.022,0.0
1785433374.664142,A1500_B1100,1,1500,1100,0.5,0.1,11.998,0.0
1785433374.679134,A1500_B1100,1,1500,1100,0.5,0.1,12.005,0.0
1785433374.7004073,A1500_B1100,1,1500,1100,0.5,0.1,12.018,0.0
1785433374.7185082,A1500_B1100,1,1500,1100,0.5,0.1,11.946,0.0
1785433374.7401927,A1500_B1100,1,1500,1100,0.5,0.1,12.006,0.0
1785433374.7628465,A1500_B1100,1,1500,1100,0.5,0.1,11.998,0.0
1785433374.779105,A1500_B1100,1,1500,1100,0.5,0.1,12.015,0.0
1785433374.8001368,A1500_B1100,1,1500,1100,0.5,0.1,12.014,0.0
1785433374.8192284,A1500_B1100,1,1500,1100,0.5,0.1,12.002,0.0
1785433374.839106,A1500_B1100,1,1500,1100,0.5,0.1,11.998,0.0
1785433374.8620698,A1500_B1100,1,1500,1100,0.5,0.1,12.003,0.0
1785433374.8784533,A1500_B1100,1,1500,1100,0.5,0.1,11.979,0.0
1785433374.8991385,A1500_B1100,1,1500,1100,0.5,0.1,12.006,0.0
1785433374.9202569,A1500_B1100,1,1500,1100,0.5,0.1,12.128,0.08
1785433374.9384506,A1500_B1100,1,1500,1100,0.5,0.1,12.01,0.0
1785433374.9634106,A1500_B1100,1,1500,1100,0.5,0.1,12.006,0.0
1785433374.9801886,A1500_B1100,1,1500,1100,0.5,0.1,11.986,0.0
1785433374.9980493,A1500_B1100,1,1500,1100,0.5,0.1,11.985,0.0
1785433375.0191238,A1500_B1100,1,1500,1100,0.5,0.1,12.006,0.0
1785433375.04012,A1500_B1100,1,1500,1100,0.5,0.1,11.99,0.0
1785433375.0629458,A1500_B1100,1,1500,1100,0.5,0.1,12.0,0.0
1785433375.0801096,A1500_B1100,1,1500,1100,0.5,0.1,12.013,0.0
1785433375.0984542,A1500_B1100,1,1500,1100,0.5,0.1,11.998,0.0
1785433375.1191306,A1500_B1100,1,1500,1100,0.5,0.1,11.99,0.0
1785433375.1401103,A1500_B1100,1,1500,1100,0.5,0.1,12.0,0.0
1785433375.1635385,A1500_B1100,1,1500,1100,0.5,0.1,12.006,0.0
1785433375.1801472,A1500_B1100,1,1500,1100,0.5,0.1,12.014,0.0
1785433375.1985102,A1500_B1100,1,1500,1100,0.5,0.1,12.016,0.0
1785433375.2191815,A1500_B1100,1,1500,1100,0.5,0.1,11.999,0.0
1785433375.2402186,A1500_B1100,1,1500,1100,0.5,0.1,12.013,0.0
1785433375.2628815,A1500_B1100,1,1500,1100,0.5,0.1,11.999,0.0
1785433375.2817836,A1500_B1100,1,1500,1100,0.5,0.1,11.991,0.0
1785433375.2991185,A1500_B1100,1,1500,1100,0.5,0.1,12.119,0.0
1785433375.3201194,A1500_B1100,1,1500,1100,0.5,0.1,11.999,0.0
1785433375.338609,A1500_B1100,1,1500,1100,0.5,0.1,12.006,0.0
1785433375.3636131,A1500_B1100,1,1500,1100,0.5,0.1,12.01,0.0
1785433375.3804593,A1500_B1100,1,1500,1100,0.5,0.1,12.002,0.0
1785433375.3995252,A1500_B1100,1,1500,1100,0.5,0.1,12.002,0.0
1785433375.4201496,A1500_B1100,1,1500,1100,0.5,0.1,11.994,0.0
1785433375.4384692,A1500_B1100,1,1500,1100,0.5,0.1,12.01,0.0
1785433375.463989,A1500_B1100,1,1500,1100,0.5,0.1,11.998,0.0
1785433375.4788315,A1500_B1100,1,1500,1100,0.5,0.1,12.003,0.0
1785433375.5002098,A1500_B1100,1,1500,1100,0.5,0.1,12.015,0.0
1785433375.5184717,A1500_B1100,1,1500,1100,0.5,0.1,12.014,0.0
1785433375.5392835,A1500_B1100,1,1500,1100,0.5,0.1,12.015,0.0
1785433375.562898,A1500_B1100,1,1500,1100,0.5,0.1,12.018,0.0
1785433375.5791996,A1500_B1100,1,1500,1100,0.5,0.1,12.008,0.0
1785433375.6001735,A1500_B1100,1,1500,1100,0.5,0.1,12.014,0.0
1785433375.6185517,A1500_B1100,1,1500,1100,0.5,0.1,12.082,0.0
1785433375.6401403,A1500_B1100,1,1500,1100,0.5,0.1,11.998,0.0
1785433375.6629498,A1500_B1100,1,1500,1100,0.5,0.1,12.001,0.0
1785433375.6791518,A1500_B1100,1,1500,1100,0.5,0.1,11.999,0.0
1785433375.7003622,A1500_B1100,1,1500,1100,0.5,0.1,11.995,0.0
1785433375.7184732,A1500_B1100,1,1500,1100,0.5,0.1,12.007,0.0
1785433375.7391694,A1500_B1100,1,1500,1100,0.5,0.1,12.003,0.0
1785433375.7620032,A1500_B1100,1,1500,1100,0.5,0.1,12.017,0.0
1785433375.7784748,A1500_B1100,1,1500,1100,0.5,0.1,11.853,0.0
1785433375.8012252,A1500_B1100,1,1500,1100,0.5,0.1,12.003,0.0
1785433375.8191595,A1500_B1100,1,1500,1100,0.5,0.1,11.998,0.0
1785433375.8413537,A1500_B1100,1,1500,1100,0.5,0.1,12.002,0.0
1785433375.8636672,A1500_B1100,1,1500,1100,0.5,0.1,12.005,0.0
1785433375.878506,A1500_B1100,1,1500,1100,0.5,0.1,11.998,0.0
1785433375.9001822,A1500_B1100,1,1500,1100,0.5,0.1,12.017,0.0
1785433375.9191067,A1500_B1100,1,1500,1100,0.5,0.1,11.992,0.0
1785433375.9384673,A1500_B1100,1,1500,1100,0.5,0.1,12.001,0.0
1785433375.9634414,A1500_B1100,1,1500,1100,0.5,0.1,12.006,0.0
1785433375.9801476,A1500_B1100,1,1500,1100,0.5,0.1,12.01,0.0
1785433375.998471,A1500_B1100,1,1500,1100,0.5,0.1,12.029,0.0
1785433376.0193465,A1500_B1100,1,1500,1100,0.5,0.1,11.991,0.0
1785433376.0401406,A1500_B1100,1,1500,1100,0.5,0.1,12.017,0.0
1785433376.0629015,A1500_B1100,1,1500,1100,0.5,0.1,12.002,0.0
1785433376.0797777,A1500_B1100,1,1500,1100,0.5,0.1,12.004,0.0
1785433376.1001434,A1500_B1100,1,1500,1100,0.5,0.1,12.003,0.0
1785433376.119086,A1500_B1100,1,1500,1100,0.5,0.1,12.001,0.0
1785433376.139728,A1500_B1100,1,1500,1100,0.5,0.1,12.001,0.0
1785433376.1636636,A1500_B1100,1,1500,1100,0.5,0.1,11.998,0.0
1785433376.1811643,A1500_B1100,1,1500,1100,0.5,0.1,12.01,0.0
1785433376.199209,A1500_B1100,1,1500,1100,0.5,0.1,12.014,0.0
1785433376.2203572,A1500_B1100,1,1500,1100,0.5,0.1,12.015,0.0
1785433376.2384884,A1500_B1100,1,1500,1100,0.5,0.1,11.999,0.0
1785433376.2620192,A1500_B1100,1,1500,1100,0.5,0.1,11.996,0.0
1785433376.2784941,A1500_B1100,1,1500,1100,0.5,0.1,12.034,0.0
1785433376.3001473,A1500_B1100,1,1500,1100,0.5,0.1,12.004,0.0
1785433376.318571,A1500_B1100,1,1500,1100,0.5,0.1,11.998,0.0
1785433376.339205,A1500_B1100,1,1500,1100,0.5,0.1,12.005,0.0
1785433376.3628855,A1500_B1100,1,1500,1100,0.5,0.1,11.955,0.0
1785433376.3784912,A1500_B1100,1,1500,1100,0.5,0.1,11.982,0.0
1785433376.3991473,A1500_B1100,1,1500,1100,0.5,0.1,12.001,0.0
1785433376.4201477,A1500_B1100,1,1500,1100,0.5,0.1,12.01,0.0
1785433376.4385695,A1500_B1100,1,1500,1100,0.5,0.1,11.952,0.0
1785433376.4640236,A1500_B1100,1,1500,1100,0.5,0.1,11.995,0.0
1785433376.4801984,A1500_B1100,1,1500,1100,0.5,0.1,12.0,0.0
1785433376.5001695,A1500_B1100,1,1500,1100,0.5,0.1,12.018,0.0
1785433376.5194755,A1500_B1100,1,1500,1100,0.5,0.1,12.013,0.0
1785433376.5401733,A1500_B1100,1,1500,1100,0.5,0.1,12.003,0.0
1785433376.5629113,A1500_B1100,1,1500,1100,0.5,0.1,12.014,0.0
1785433376.579169,A1500_B1100,1,1500,1100,0.5,0.1,12.004,0.0
1785433376.5986145,A1500_B1100,1,1500,1100,0.5,0.1,12.009,0.0
1785433376.6201622,A1500_B1100,1,1500,1100,0.5,0.1,12.013,0.0
1785433376.6388261,A1500_B1100,1,1500,1100,0.5,0.1,12.011,0.0
1785433376.665197,A1500_B1100,1,1500,1100,0.5,0.1,12.009,0.04
1785433376.6785252,A1500_B1100,1,1500,1100,0.5,0.1,11.996,0.0
1785433376.6991904,A1500_B1100,1,1500,1100,0.5,0.1,12.009,0.0
1785433376.719349,A1500_B1100,1,1500,1100,0.5,0.1,11.991,0.0
1785433376.7392282,A1500_B1100,1,1500,1100,0.5,0.1,12.002,0.0
1785433376.762052,A1500_B1100,1,1500,1100,0.5,0.1,12.128,0.0
1785433376.7789125,A1500_B1100,1,1500,1100,0.5,0.1,12.006,0.0
1785433376.7991655,A1500_B1100,1,1500,1100,0.5,0.1,12.03,0.0
1785433376.8201585,A1500_B1100,1,1500,1100,0.5,0.1,11.989,0.0
1785433376.838526,A1500_B1100,1,1500,1100,0.5,0.1,12.001,0.0
1785433376.8639045,A1500_B1100,1,1500,1100,0.5,0.1,12.006,0.0
1785433376.8785756,A1500_B1100,1,1500,1100,0.5,0.1,12.01,0.0
1785433376.9002883,A1500_B1100,1,1500,1100,0.5,0.1,12.005,0.0
1785433376.9186006,A1500_B1100,1,1500,1100,0.5,0.1,11.991,0.0
1785433376.9402695,A1500_B1100,1,1500,1100,0.5,0.1,12.015,0.0
1785433376.963043,A1500_B1100,1,1500,1100,0.5,0.1,12.005,0.0
1785433376.979168,A1500_B1100,1,1500,1100,0.5,0.1,12.013,0.0
1785433377.0001764,A1500_B1100,1,1500,1100,0.5,0.1,11.997,0.0
1785433377.0189128,A1500_B1100,1,1500,1100,0.5,0.1,11.984,0.0
1785433377.0406063,A1500_B1100,1,1500,1100,0.5,0.1,12.019,0.0
1785433377.0630715,A1500_B1100,1,1500,1100,0.5,0.1,11.998,0.0
1785433377.0802274,A1500_B1100,1,1500,1100,0.5,0.1,11.988,0.0
1785433377.0991724,A1500_B1100,1,1500,1100,0.5,0.1,12.007,0.0
1785433377.12044,A1500_B1100,1,1500,1100,0.5,0.1,12.0,0.0
1785433377.1387298,A1500_B1100,1,1500,1100,0.5,0.1,12.021,0.0
1785433377.1636374,A1500_B1100,1,1500,1100,0.5,0.1,11.935,0.0
1785433377.1802506,A1500_B1100,1,1500,1100,0.5,0.1,12.013,0.0
1785433377.1991987,A1500_B1100,1,1500,1100,0.5,0.1,12.002,0.0
1785433377.220263,A1500_B1100,1,1500,1100,0.5,0.1,11.999,0.0
1785433377.238757,A1500_B1100,1,1500,1100,0.5,0.1,12.013,0.0
1785433377.2634854,A1500_B1100,1,1500,1100,0.5,0.1,12.021,0.0
1785433377.2801886,A1500_B1100,1,1500,1100,0.5,0.1,12.0,0.0
1785433377.2987242,A1500_B1100,1,1500,1100,0.5,0.1,12.064,0.0
1785433377.3192668,A1500_B1100,1,1500,1100,0.5,0.1,12.011,0.0
1785433377.338612,A1500_B1100,1,1500,1100,0.5,0.1,12.005,0.0
1785433377.3619516,A1500_B1100,1,1500,1100,0.5,0.1,11.998,0.0
1785433377.3786638,A1500_B1100,1,1500,1100,0.5,0.1,12.008,0.0
1785433377.3986106,A1500_B1100,1,1500,1100,0.5,0.1,12.008,0.0
1785433377.4191782,A1500_B1100,1,1500,1100,0.5,0.1,12.01,0.0
1785433377.440627,A1500_B1100,1,1500,1100,0.5,0.1,12.021,0.0
1785433377.462984,A1500_B1100,1,1500,1100,0.5,0.1,12.037,0.0
1785433377.4793231,A1500_B1100,1,1500,1100,0.5,0.1,12.002,0.0
1785433377.5002153,A1500_B1100,1,1500,1100,0.5,0.1,11.988,0.0
1785433377.519355,A1500_B1100,1,1500,1100,0.5,0.1,11.98,0.0
1785433377.5394752,A1500_B1100,1,1500,1100,0.5,0.1,12.003,0.0
1785433377.5620375,A1500_B1100,1,1500,1100,0.5,0.1,12.006,0.0
1785433377.5787525,A1500_B1100,1,1500,1100,0.5,0.1,12.006,0.0
1785433377.5994146,A1500_B1100,1,1500,1100,0.5,0.1,12.009,0.0
1785433377.621627,A1500_B1100,1,1500,1100,0.5,0.1,12.005,0.0
1785433377.6397495,A1500_B1100,1,1500,1100,0.5,0.1,12.009,0.0
1785433377.6621141,A1500_B1100,1,1500,1100,0.5,0.1,11.98,0.0
1785433377.6785676,A1500_B1100,1,1500,1100,0.5,0.1,12.002,0.0
1785433377.69999,A1500_B1100,1,1500,1100,0.5,0.1,12.008,0.0
1785433377.7204945,A1500_B1100,1,1500,1100,0.5,0.1,12.013,0.0
1785433377.7386105,A1500_B1100,1,1500,1100,0.5,0.1,11.969,0.0
1785433377.7637327,A1500_B1100,1,1500,1100,0.5,0.1,12.008,0.0
1785433377.780298,A1500_B1100,1,1500,1100,0.5,0.1,12.013,0.0
1785433377.798781,A1500_B1100,1,1500,1100,0.5,0.1,12.001,0.0
1785433377.8191967,A1500_B1100,1,1500,1100,0.5,0.1,11.999,0.0
1785433377.839214,A1500_B1100,1,1500,1100,0.5,0.1,11.998,0.0
1785433377.8637924,A1500_B1100,1,1500,1100,0.5,0.1,12.009,0.0
1785433377.880199,A1500_B1100,1,1500,1100,0.5,0.1,12.014,0.0
1785433377.8985403,A1500_B1100,1,1500,1100,0.5,0.1,12.007,0.0
1785433377.9195886,A1500_B1100,1,1500,1100,0.5,0.1,12.015,0.0
1785433377.940194,A1500_B1100,1,1500,1100,0.5,0.1,12.017,0.0
1785433377.9632938,A1500_B1200,1,1500,1200,0.5,0.2,11.968,0.0
1785433377.979186,A1500_B1200,1,1500,1200,0.5,0.2,12.002,0.0
1785433378.0002785,A1500_B1200,1,1500,1200,0.5,0.2,12.003,0.0
1785433378.0187788,A1500_B1200,1,1500,1200,0.5,0.2,12.025,0.0
1785433378.0394282,A1500_B1200,1,1500,1200,0.5,0.2,12.008,0.0
1785433378.061973,A1500_B1200,1,1500,1200,0.5,0.2,12.003,0.0
1785433378.0785296,A1500_B1200,1,1500,1200,0.5,0.2,12.104,0.0
1785433378.1001735,A1500_B1200,1,1500,1200,0.5,0.2,12.005,0.0
1785433378.119739,A1500_B1200,1,1500,1200,0.5,0.2,11.999,0.0
1785433378.1401992,A1500_B1200,1,1500,1200,0.5,0.2,12.0,0.0
1785433378.1630778,A1500_B1200,1,1500,1200,0.5,0.2,12.013,0.0
1785433378.180288,A1500_B1200,1,1500,1200,0.5,0.2,12.002,0.0
1785433378.199069,A1500_B1200,1,1500,1200,0.5,0.2,12.003,0.0
1785433378.2192209,A1500_B1200,1,1500,1200,0.5,0.2,12.013,0.0
1785433378.2402265,A1500_B1200,1,1500,1200,0.5,0.2,12.0,0.0
1785433378.2629771,A1500_B1200,1,1500,1200,0.5,0.2,12.002,0.0
1785433378.2793212,A1500_B1200,1,1500,1200,0.5,0.2,11.975,0.0
1785433378.2981179,A1500_B1200,1,1500,1200,0.5,0.2,12.011,0.0
1785433378.3192225,A1500_B1200,1,1500,1200,0.5,0.2,12.007,0.0
1785433378.3402224,A1500_B1200,1,1500,1200,0.5,0.2,12.011,0.0
1785433378.3630183,A1500_B1200,1,1500,1200,0.5,0.2,11.98,0.0
1785433378.3794072,A1500_B1200,1,1500,1200,0.5,0.2,11.999,0.0
1785433378.4002576,A1500_B1200,1,1500,1200,0.5,0.2,11.94,0.0
1785433378.4187117,A1500_B1200,1,1500,1200,0.5,0.2,12.004,0.0
1785433378.439366,A1500_B1200,1,1500,1200,0.5,0.2,11.999,0.0
1785433378.462979,A1500_B1200,1,1500,1200,0.5,0.2,12.003,0.0
1785433378.4802732,A1500_B1200,1,1500,1200,0.5,0.2,12.11,0.01
1785433378.4992366,A1500_B1200,1,1500,1200,0.5,0.2,12.002,0.0
1785433378.520247,A1500_B1200,1,1500,1200,0.5,0.2,12.013,0.0
1785433378.5385475,A1500_B1200,1,1500,1200,0.5,0.2,12.005,0.0
1785433378.5635412,A1500_B1200,1,1500,1200,0.5,0.2,12.016,0.0
1785433378.578731,A1500_B1200,1,1500,1200,0.5,0.2,11.975,0.0
1785433378.5992703,A1500_B1200,1,1500,1200,0.5,0.2,12.006,0.0
1785433378.6206148,A1500_B1200,1,1500,1200,0.5,0.2,12.0,0.0
1785433378.6385717,A1500_B1200,1,1500,1200,0.5,0.2,12.057,0.0
1785433378.6637416,A1500_B1200,1,1500,1200,0.5,0.2,12.01,0.0
1785433378.6802619,A1500_B1200,1,1500,1200,0.5,0.2,12.023,0.0
1785433378.6986234,A1500_B1200,1,1500,1200,0.5,0.2,12.015,0.0
1785433378.7198184,A1500_B1200,1,1500,1200,0.5,0.2,11.985,0.0
1785433378.7403326,A1500_B1200,1,1500,1200,0.5,0.2,11.981,0.0
1785433378.7648616,A1500_B1200,1,1500,1200,0.5,0.2,12.02,0.0
1785433378.7799604,A1500_B1200,1,1500,1200,0.5,0.2,12.01,0.0
1785433378.8002279,A1500_B1200,1,1500,1200,0.5,0.2,11.983,0.0
1785433378.8185737,A1500_B1200,1,1500,1200,0.5,0.2,12.091,0.0
1785433378.8402393,A1500_B1200,1,1500,1200,0.5,0.2,12.002,0.0
1785433378.863459,A1500_B1200,1,1500,1200,0.5,0.2,12.013,0.0
1785433378.8792336,A1500_B1200,1,1500,1200,0.5,0.2,11.997,0.0
1785433378.900296,A1500_B1200,1,1500,1200,0.5,0.2,11.999,0.0
1785433378.9185722,A1500_B1200,1,1500,1200,0.5,0.2,12.007,0.0
1785433378.9393387,A1500_B1200,1,1500,1200,0.5,0.2,12.007,0.0
1785433378.9620564,A1500_B1200,1,1500,1200,0.5,0.2,12.007,0.0
1785433378.978616,A1500_B1200,1,1500,1200,0.5,0.2,11.964,0.0
1785433378.9993129,A1500_B1200,1,1500,1200,0.5,0.2,12.001,0.0
1785433379.0203855,A1500_B1200,1,1500,1200,0.5,0.2,12.007,0.0
1785433379.0385559,A1500_B1200,1,1500,1200,0.5,0.2,11.987,0.0
1785433379.0635462,A1500_B1200,1,1500,1200,0.5,0.2,12.002,0.0
1785433379.0786362,A1500_B1200,1,1500,1200,0.5,0.2,11.993,0.0
1785433379.0992277,A1500_B1200,1,1500,1200,0.5,0.2,12.01,0.0
1785433379.120242,A1500_B1200,1,1500,1200,0.5,0.2,11.999,0.0
1785433379.1405284,A1500_B1200,1,1500,1200,0.5,0.2,12.019,0.0
1785433379.1636195,A1500_B1200,1,1500,1200,0.5,0.2,11.994,0.0
1785433379.1802552,A1500_B1200,1,1500,1200,0.5,0.2,12.002,0.0
1785433379.198582,A1500_B1200,1,1500,1200,0.5,0.2,11.989,0.0
1785433379.2192404,A1500_B1200,1,1500,1200,0.5,0.2,11.998,0.0
1785433379.240328,A1500_B1200,1,1500,1200,0.5,0.2,12.008,0.0
1785433379.2629848,A1500_B1200,1,1500,1200,0.5,0.2,11.999,0.0
1785433379.279297,A1500_B1200,1,1500,1200,0.5,0.2,11.99,0.0
1785433379.300295,A1500_B1200,1,1500,1200,0.5,0.2,11.919,0.0
1785433379.3185906,A1500_B1200,1,1500,1200,0.5,0.2,12.002,0.0
1785433379.3397934,A1500_B1200,1,1500,1200,0.5,0.2,12.007,0.0
1785433379.3622751,A1500_B1200,1,1500,1200,0.5,0.2,11.995,0.0
1785433379.380211,A1500_B1200,1,1500,1200,0.5,0.2,12.007,0.0
1785433379.3990293,A1500_B1200,1,1500,1200,0.5,0.2,12.014,0.0
1785433379.4208522,A1500_B1200,1,1500,1200,0.5,0.2,12.006,0.0
1785433379.4392395,A1500_B1200,1,1500,1200,0.5,0.2,11.999,0.0
1785433379.4622877,A1500_B1200,1,1500,1200,0.5,0.2,12.009,0.0
1785433379.4786088,A1500_B1200,1,1500,1200,0.5,0.2,11.987,0.0
1785433379.4992743,A1500_B1200,1,1500,1200,0.5,0.2,12.011,0.0
1785433379.5202568,A1500_B1200,1,1500,1200,0.5,0.2,12.017,0.0
1785433379.538654,A1500_B1200,1,1500,1200,0.5,0.2,11.978,0.0
1785433379.5637047,A1500_B1200,1,1500,1200,0.5,0.2,12.0,0.0
1785433379.5785875,A1500_B1200,1,1500,1200,0.5,0.2,12.006,0.0
1785433379.599251,A1500_B1200,1,1500,1200,0.5,0.2,11.998,0.0
1785433379.6194274,A1500_B1200,1,1500,1200,0.5,0.2,12.009,0.0
1785433379.638725,A1500_B1200,1,1500,1200,0.5,0.2,11.993,0.0
1785433379.6639404,A1500_B1200,1,1500,1200,0.5,0.2,12.013,0.0
1785433379.6795304,A1500_B1200,1,1500,1200,0.5,0.2,12.01,0.0
1785433379.6987264,A1500_B1200,1,1500,1200,0.5,0.2,12.006,0.0
1785433379.7192733,A1500_B1200,1,1500,1200,0.5,0.2,12.108,0.0
1785433379.7405221,A1500_B1200,1,1500,1200,0.5,0.2,11.989,0.0
1785433379.7631907,A1500_B1200,1,1500,1200,0.5,0.2,12.005,0.0
1785433379.7796452,A1500_B1200,1,1500,1200,0.5,0.2,11.989,0.0
1785433379.8002715,A1500_B1200,1,1500,1200,0.5,0.2,12.002,0.0
1785433379.818722,A1500_B1200,1,1500,1200,0.5,0.2,12.073,0.0
1785433379.8408506,A1500_B1200,1,1500,1200,0.5,0.2,12.002,0.0
1785433379.8632379,A1500_B1200,1,1500,1200,0.5,0.2,12.008,0.0
1785433379.8793995,A1500_B1200,1,1500,1200,0.5,0.2,11.978,0.0
1785433379.9012432,A1500_B1200,1,1500,1200,0.5,0.2,11.975,0.0
1785433379.920873,A1500_B1200,1,1500,1200,0.5,0.2,12.003,0.0
1785433379.9386132,A1500_B1200,1,1500,1200,0.5,0.2,11.999,0.0
1785433379.9637492,A1500_B1200,1,1500,1200,0.5,0.2,12.013,0.0
1785433379.98079,A1500_B1200,1,1500,1200,0.5,0.2,12.004,0.0
