t_epoch,phase,sweep_idx,a_cmd_us,b_cmd_us,a_cmd_norm,b_cmd_norm,t_fc_us,servo1_raw,servo2_raw,servo3_raw,servo4_raw,servo5_raw,servo6_raw,servo7_raw,servo8_raw
1785433359.963951,idle_pre,0,1000,1000,0.0,0.0,81910462,1000,1000,1000,1000,0,0,0,0
1785433359.9800103,idle_pre,0,1000,1000,0.0,0.0,81929947,1000,1000,1000,1000,0,0,0,0
1785433360.0009463,idle_pre,0,1000,1000,0.0,0.0,81952390,1000,1000,1000,1000,0,0,0,0
1785433360.0200422,idle_pre,0,1000,1000,0.0,0.0,81971928,1000,1000,1000,1000,0,0,0,0
1785433360.0405326,idle_pre,0,1000,1000,0.0,0.0,81992863,1000,1000,1000,1000,0,0,0,0
1785433360.0625546,idle_pre,0,1000,1000,0.0,0.0,82012291,1000,1000,1000,1000,0,0,0,0
1785433360.0788374,idle_pre,0,1000,1000,0.0,0.0,82030255,1000,1000,1000,1000,0,0,0,0
1785433360.0993466,idle_pre,0,1000,1000,0.0,0.0,82049724,1000,1000,1000,1000,0,0,0,0
1785433360.1208806,idle_pre,0,1000,1000,0.0,0.0,82072187,1000,1000,1000,1000,0,0,0,0
1785433360.138834,idle_pre,0,1000,1000,0.0,0.0,82090150,1000,1000,1000,1000,0,0,0,0
1785433360.162359,idle_pre,0,1000,1000,0.0,0.0,82109616,1000,1000,1000,1000,0,0,0,0
1785433360.179528,idle_pre,0,1000,1000,0.0,0.0,82132076,1000,1000,1000,1000,0,0,0,0
1785433360.1988614,idle_pre,0,1000,1000,0.0,0.0,82150046,1000,1000,1000,1000,0,0,0,0
1785433360.2199707,idle_pre,0,1000,1000,0.0,0.0,82169517,1000,1000,1000,1000,0,0,0,0
1785433360.2402244,idle_pre,0,1000,1000,0.0,0.0,82191975,1000,1000,1000,1000,0,0,0,0
1785433360.2640674,idle_pre,0,1000,1000,0.0,0.0,82209941,1000,1000,1000,1000,0,0,0,0
1785433360.2798846,idle_pre,0,1000,1000,0.0,0.0,82229407,1000,1000,1000,1000,0,0,0,0
1785433360.2995853,idle_pre,0,1000,1000,0.0,0.0,82251870,1000,1000,1000,1000,0,0,0,0
1785433360.3194215,idle_pre,0,1000,1000,0.0,0.0,82269924,1000,1000,1000,1000,0,0,0,0
1785433360.3398664,idle_pre,0,1000,1000,0.0,0.0,82289303,1000,1000,1000,1000,0,0,0,0
1785433360.3632922,idle_pre,0,1000,1000,0.0,0.0,82311765,1000,1000,1000,1000,0,0,0,0
1785433360.3798416,idle_pre,0,1000,1000,0.0,0.0,82329730,1000,1000,1000,1000,0,0,0,0
1785433360.3989239,idle_pre,0,1000,1000,0.0,0.0,82349199,1000,1000,1000,1000,0,0,0,0
1785433360.4207332,idle_pre,0,1000,1000,0.0,0.0,82371655,1000,1000,1000,1000,0,0,0,0
1785433360.4388425,idle_pre,0,1000,1000,0.0,0.0,82389628,1000,1000,1000,1000,0,0,0,0
1785433360.462911,idle_pre,0,1000,1000,0.0,0.0,82410639,1000,1000,1000,1000,0,0,0,0
1785433360.478903,idle_pre,0,1000,1000,0.0,0.0,82428568,1000,1000,1000,1000,0,0,0,0
1785433360.499883,idle_pre,0,1000,1000,0.0,0.0,82451017,1000,1000,1000,1000,0,0,0,0
1785433360.519572,idle_pre,0,1000,1000,0.0,0.0,82470582,1000,1000,1000,1000,0,0,0,0
1785433360.5388803,idle_pre,0,1000,1000,0.0,0.0,82488469,1000,1000,1000,1000,0,0,0,0
1785433360.5624819,idle_pre,0,1000,1000,0.0,0.0,82510912,1000,1000,1000,1000,0,0,0,0
1785433360.5796623,idle_pre,0,1000,1000,0.0,0.0,82530461,1000,1000,1000,1000,0,0,0,0
1785433360.5988567,idle_pre,0,1000,1000,0.0,0.0,82548357,1000,1000,1000,1000,0,0,0,0
1785433360.6198683,idle_pre,0,1000,1000,0.0,0.0,82570809,1000,1000,1000,1000,0,0,0,0
1785433360.6395457,idle_pre,0,1000,1000,0.0,0.0,82590330,1000,1000,1000,1000,0,0,0,0
1785433360.6648443,idle_pre,0,1000,1000,0.0,0.0,82611244,1000,1000,1000,1000,0,0,0,0
1785433360.6795506,idle_pre,0,1000,1000,0.0,0.0,82630708,1000,1000,1000,1000,0,0,0,0
1785433360.6996906,idle_pre,0,1000,1000,0.0,0.0,82651670,1000,1000,1000,1000,0,0,0,0
1785433360.719858,idle_pre,0,1000,1000,0.0,0.0,82671136,1000,1000,1000,1000,0,0,0,0
1785433360.738856,idle_pre,0,1000,1000,0.0,0.0,82690599,1000,1000,1000,1000,0,0,0,0
1785433360.7623625,idle_pre,0,1000,1000,0.0,0.0,82711565,1000,1000,1000,1000,0,0,0,0
1785433360.7798657,idle_pre,0,1000,1000,0.0,0.0,82731031,1000,1000,1000,1000,0,0,0,0
1785433360.7995095,idle_pre,0,1000,1000,0.0,0.0,82750499,1000,1000,1000,1000,0,0,0,0
1785433360.8188822,idle_pre,0,1000,1000,0.0,0.0,82768536,1000,1000,1000,1000,0,0,0,0
1785433360.8404188,idle_pre,0,1000,1000,0.0,0.0,82790925,1000,1000,1000,1000,0,0,0,0
1785433360.8656895,idle_pre,0,1000,1000,0.0,0.0,82810418,1000,1000,1000,1000,0,0,0,0
1785433360.878891,idle_pre,0,1000,1000,0.0,0.0,82828363,1000,1000,1000,1000,0,0,0,0
1785433360.8999314,idle_pre,0,1000,1000,0.0,0.0,82850823,1000,1000,1000,1000,0,0,0,0
1785433360.9205668,idle_pre,0,1000,1000,0.0,0.0,82870289,1000,1000,1000,1000,0,0,0,0
1785433360.9399154,idle_pre,0,1000,1000,0.0,0.0,82891256,1000,1000,1000,1000,0,0,0,0
1785433360.9633512,idle_pre,0,1000,1000,0.0,0.0,82910724,1000,1000,1000,1000,0,0,0,0
1785433360.9799967,idle_pre,0,1000,1000,0.0,0.0,82931688,1000,1000,1000,1000,0,0,0,0
1785433360.9995596,idle_pre,0,1000,1000,0.0,0.0,82951148,1000,1000,1000,1000,0,0,0,0
1785433361.019888,idle_pre,0,1000,1000,0.0,0.0,82970615,1000,1000,1000,1000,0,0,0,0
1785433361.0389795,idle_pre,0,1000,1000,0.0,0.0,82988582,1000,1000,1000,1000,0,0,0,0
1785433361.0654585,idle_pre,0,1000,1000,0.0,0.0,83011079,1000,1000,1000,1000,0,0,0,0
1785433361.0795333,idle_pre,0,1000,1000,0.0,0.0,83030507,1000,1000,1000,1000,0,0,0,0
1785433361.0988803,idle_pre,0,1000,1000,0.0,0.0,83048484,1000,1000,1000,1000,0,0,0,0
1785433361.1198664,idle_pre,0,1000,1000,0.0,0.0,83070945,1000,1000,1000,1000,0,0,0,0
1785433361.1391273,idle_pre,0,1000,1000,0.0,0.0,83090406,1000,1000,1000,1000,0,0,0,0
1785433361.1634774,idle_pre,0,1000,1000,0.0,0.0,83111372,1000,1000,1000,1000,0,0,0,0
1785433361.1789217,idle_pre,0,1000,1000,0.0,0.0,83130836,1000,1000,1000,1000,0,0,0,0
1785433361.1995738,idle_pre,0,1000,1000,0.0,0.0,83150304,1000,1000,1000,1000,0,0,0,0
1785433361.2189782,idle_pre,0,1000,1000,0.0,0.0,83168269,1000,1000,1000,1000,0,0,0,0
1785433361.2401578,idle_pre,0,1000,1000,0.0,0.0,83190727,1000,1000,1000,1000,0,0,0,0
1785433361.263537,idle_pre,0,1000,1000,0.0,0.0,83211770,1000,1000,1000,1000,0,0,0,0
1785433361.2788808,idle_pre,0,1000,1000,0.0,0.0,83228166,1000,1000,1000,1000,0,0,0,0
1785433361.2998686,idle_pre,0,1000,1000,0.0,0.0,83250629,1000,1000,1000,1000,0,0,0,0
1785433361.3196366,idle_pre,0,1000,1000,0.0,0.0,83271633,1000,1000,1000,1000,0,0,0,0
1785433361.3399222,idle_pre,0,1000,1000,0.0,0.0,83291061,1000,1000,1000,1000,0,0,0,0
1785433361.3636208,idle_pre,0,1000,1000,0.0,0.0,83310524,1000,1000,1000,1000,0,0,0,0
1785433361.3791947,idle_pre,0,1000,1000,0.0,0.0,83331532,1000,1000,1000,1000,0,0,0,0
1785433361.3995855,idle_pre,0,1000,1000,0.0,0.0,83350956,1000,1000,1000,1000,0,0,0,0
1785433361.4188714,idle_pre,0,1000,1000,0.0,0.0,83370415,1000,1000,1000,1000,0,0,0,0
1785433361.4407701,idle_pre,0,1000,1000,0.0,0.0,83391423,1000,1000,1000,1000,0,0,0,0
1785433361.4641817,idle_pre,0,1000,1000,0.0,0.0,83406397,1000,1000,1000,1000,0,0,0,0
1785433361.4810011,idle_pre,0,1000,1000,0.0,0.0,83431811,1000,1000,1000,1000,0,0,0,0
1785433361.4989493,idle_pre,0,1000,1000,0.0,0.0,83449773,1000,1000,1000,1000,0,0,0,0
1785433361.5199358,idle_pre,0,1000,1000,0.0,0.0,83469243,1000,1000,1000,1000,0,0,0,0
1785433361.539616,idle_pre,0,1000,1000,0.0,0.0,83491704,1000,1000,1000,1000,0,0,0,0
1785433361.5638838,idle_pre,0,1000,1000,0.0,0.0,83512676,1000,1000,1000,1000,0,0,0,0
1785433361.5805533,idle_pre,0,1000,1000,0.0,0.0,83532136,1000,1000,1000,1000,0,0,0,0
1785433361.5988889,idle_pre,0,1000,1000,0.0,0.0,83550099,1000,1000,1000,1000,0,0,0,0
1785433361.6198928,idle_pre,0,1000,1000,0.0,0.0,83569572,1000,1000,1000,1000,0,0,0,0
1785433361.6395323,idle_pre,0,1000,1000,0.0,0.0,83592031,1000,1000,1000,1000,0,0,0,0
1785433361.6644995,idle_pre,0,1000,1000,0.0,0.0,83609999,1000,1000,1000,1000,0,0,0,0
1785433361.6802003,idle_pre,0,1000,1000,0.0,0.0,83629467,1000,1000,1000,1000,0,0,0,0
1785433361.6995416,idle_pre,0,1000,1000,0.0,0.0,83651921,1000,1000,1000,1000,0,0,0,0
1785433361.7188888,idle_pre,0,1000,1000,0.0,0.0,83669901,1000,1000,1000,1000,0,0,0,0
1785433361.7398994,idle_pre,0,1000,1000,0.0,0.0,83689363,1000,1000,1000,1000,0,0,0,0
1785433361.763429,idle_pre,0,1000,1000,0.0,0.0,83711818,1000,1000,1000,1000,0,0,0,0
1785433361.7792773,idle_pre,0,1000,1000,0.0,0.0,83729790,1000,1000,1000,1000,0,0,0,0
1785433361.7996163,idle_pre,0,1000,1000,0.0,0.0,83752311,1000,1000,1000,1000,0,0,0,0
1785433361.8188846,idle_pre,0,1000,1000,0.0,0.0,83770221,1000,1000,1000,1000,0,0,0,0
1785433361.8399007,idle_pre,0,1000,1000,0.0,0.0,83789682,1000,1000,1000,1000,0,0,0,0
1785433361.8670661,idle_pre,0,1000,1000,0.0,0.0,83812155,1000,1000,1000,1000,0,0,0,0
1785433361.8795397,idle_pre,0,1000,1000,0.0,0.0,83830121,1000,1000,1000,1000,0,0,0,0
1785433361.9003165,idle_pre,0,1000,1000,0.0,0.0,83849577,1000,1000,1000,1000,0,0,0,0
1785433361.9195666,idle_pre,0,1000,1000,0.0,0.0,83872048,1000,1000,1000,1000,0,0,0,0
1785433361.9389029,idle_pre,0,1000,1000,0.0,0.0,83890014,1000,1000,1000,1000,0,0,0,0
1785433361.9628055,idle_pre,0,1000,1000,0.0,0.0,83909488,1000,1000,1000,1000,0,0,0,0
1785433361.979571,idle_pre,0,1000,1000,0.0,0.0,83932034,1000,1000,1000,1000,0,0,0,0
1785433361.9991806,idle_pre,0,1000,1000,0.0,0.0,83949907,1000,1000,1000,1000,0,0,0,0
1785433362.019973,idle_pre,0,1000,1000,0.0,0.0,83969376,1000,1000,1000,1000,0,0,0,0
1785433362.0395737,idle_pre,0,1000,1000,0.0,0.0,83991838,1000,1000,1000,1000,0,0,0,0
1785433362.064128,idle_pre,0,1000,1000,0.0,0.0,84009809,1000,1000,1000,1000,0,0,0,0
1785433362.0800138,idle_pre,0,1000,1000,0.0,0.0,84029299,1000,1000,1000,1000,0,0,0,0
1785433362.1008556,idle_pre,0,1000,1000,0.0,0.0,84051734,1000,1000,1000,1000,0,0,0,0
1785433362.1199956,idle_pre,0,1000,1000,0.0,0.0,84069705,1000,1000,1000,1000,0,0,0,0
1785433362.139557,idle_pre,0,1000,1000,0.0,0.0,84092181,1000,1000,1000,1000,0,0,0,0
1785433362.1639898,idle_pre,0,1000,1000,0.0,0.0,84110173,1000,1000,1000,1000,0,0,0,0
1785433362.1799107,idle_pre,0,1000,1000,0.0,0.0,84129598,1000,1000,1000,1000,0,0,0,0
1785433362.2004192,idle_pre,0,1000,1000,0.0,0.0,84152053,1000,1000,1000,1000,0,0,0,0
1785433362.2190917,idle_pre,0,1000,1000,0.0,0.0,84170068,1000,1000,1000,1000,0,0,0,0
1785433362.2400408,idle_pre,0,1000,1000,0.0,0.0,84189498,1000,1000,1000,1000,0,0,0,0
1785433362.2637007,idle_pre,0,1000,1000,0.0,0.0,84215005,1000,1000,1000,1000,0,0,0,0
1785433362.280124,idle_pre,0,1000,1000,0.0,0.0,84229987,1000,1000,1000,1000,0,0,0,0
1785433362.2999485,idle_pre,0,1000,1000,0.0,0.0,84249388,1000,1000,1000,1000,0,0,0,0
1785433362.3195748,idle_pre,0,1000,1000,0.0,0.0,84271847,1000,1000,1000,1000,0,0,0,0
1785433362.3403423,idle_pre,0,1000,1000,0.0,0.0,84289858,1000,1000,1000,1000,0,0,0,0
1785433362.363661,idle_pre,0,1000,1000,0.0,0.0,84312323,1000,1000,1000,1000,0,0,0,0
1785433362.3789017,idle_pre,0,1000,1000,0.0,0.0,84330243,1000,1000,1000,1000,0,0,0,0
1785433362.4000192,idle_pre,0,1000,1000,0.0,0.0,84349753,1000,1000,1000,1000,0,0,0,0
1785433362.4204118,idle_pre,0,1000,1000,0.0,0.0,84372216,1000,1000,1000,1000,0,0,0,0
1785433362.4412868,idle_pre,0,1000,1000,0.0,0.0,84391636,1000,1000,1000,1000,0,0,0,0
1785433362.465166,idle_pre,0,1000,1000,0.0,0.0,84409739,1000,1000,1000,1000,0,0,0,0
1785433362.47982,idle_pre,0,1000,1000,0.0,0.0,84430569,1000,1000,1000,1000,0,0,0,0
1785433362.4989119,idle_pre,0,1000,1000,0.0,0.0,84448543,1000,1000,1000,1000,0,0,0,0
1785433362.5201454,idle_pre,0,1000,1000,0.0,0.0,84471004,1000,1000,1000,1000,0,0,0,0
1785433362.5396695,idle_pre,0,1000,1000,0.0,0.0,84490462,1000,1000,1000,1000,0,0,0,0
1785433362.5639079,idle_pre,0,1000,1000,0.0,0.0,84508434,1000,1000,1000,1000,0,0,0,0
1785433362.5790918,idle_pre,0,1000,1000,0.0,0.0,84530893,1000,1000,1000,1000,0,0,0,0
1785433362.5996885,idle_pre,0,1000,1000,0.0,0.0,84550358,1000,1000,1000,1000,0,0,0,0
1785433362.619068,idle_pre,0,1000,1000,0.0,0.0,84568329,1000,1000,1000,1000,0,0,0,0
1785433362.639712,idle_pre,0,1000,1000,0.0,0.0,84590792,1000,1000,1000,1000,0,0,0,0
1785433362.6642647,idle_pre,0,1000,1000,0.0,0.0,84608765,1000,1000,1000,1000,0,0,0,0
1785433362.6799283,idle_pre,0,1000,1000,0.0,0.0,84631220,1000,1000,1000,1000,0,0,0,0
1785433362.699668,idle_pre,0,1000,1000,0.0,0.0,84650687,1000,1000,1000,1000,0,0,0,0
1785433362.7189305,idle_pre,0,1000,1000,0.0,0.0,84668654,1000,1000,1000,1000,0,0,0,0
1785433362.7396584,idle_pre,0,1000,1000,0.0,0.0,84691127,1000,1000,1000,1000,0,0,0,0
1785433362.764134,idle_pre,0,1000,1000,0.0,0.0,84710580,1000,1000,1000,1000,0,0,0,0
1785433362.7798455,idle_pre,0,1000,1000,0.0,0.0,84733045,1000,1000,1000,1000,0,0,0,0
1785433362.8001928,idle_pre,0,1000,1000,0.0,0.0,84751011,1000,1000,1000,1000,0,0,0,0
1785433362.8200893,idle_pre,0,1000,1000,0.0,0.0,84770495,1000,1000,1000,1000,0,0,0,0
1785433362.8389266,idle_pre,0,1000,1000,0.0,0.0,84788448,1000,1000,1000,1000,0,0,0,0
1785433362.8648775,idle_pre,0,1000,1000,0.0,0.0,84810902,1000,1000,1000,1000,0,0,0,0
1785433362.879588,idle_pre,0,1000,1000,0.0,0.0,84830370,1000,1000,1000,1000,0,0,0,0
1785433362.899987,idle_pre,0,1000,1000,0.0,0.0,84851396,1000,1000,1000,1000,0,0,0,0
1785433362.9196637,idle_pre,0,1000,1000,0.0,0.0,84870804,1000,1000,1000,1000,0,0,0,0
1785433362.9402363,idle_pre,0,1000,1000,0.0,0.0,84891768,1000,1000,1000,1000,0,0,0,0
1785433362.9633894,idle_pre,0,1000,1000,0.0,0.0,84911275,1000,1000,1000,1000,0,0,0,0
1785433362.9799461,idle_pre,0,1000,1000,0.0,0.0,84930696,1000,1000,1000,1000,0,0,0,0
1785433363.0000155,idle_pre,0,1000,1000,0.0,0.0,84951658,1000,1000,1000,1000,0,0,0,0
1785433363.0189512,idle_pre,0,1000,1000,0.0,0.0,84968134,1000,1000,1000,1000,0,0,0,0
1785433363.0396996,idle_pre,0,1000,1000,0.0,0.0,84990587,1000,1000,1000,1000,0,0,0,0
1785433363.064172,idle_pre,0,1000,1000,0.0,0.0,85008607,1000,1000,1000,1000,0,0,0,0
1785433363.0791268,idle_pre,0,1000,1000,0.0,0.0,85031076,1000,1000,1000,1000,0,0,0,0
1785433363.0997217,idle_pre,0,1000,1000,0.0,0.0,85050490,1000,1000,1000,1000,0,0,0,0
1785433363.119279,idle_pre,0,1000,1000,0.0,0.0,85068498,1000,1000,1000,1000,0,0,0,0
1785433363.139952,idle_pre,0,1000,1000,0.0,0.0,85090958,1000,1000,1000,1000,0,0,0,0
1785433363.1635523,idle_pre,0,1000,1000,0.0,0.0,85110383,1000,1000,1000,1000,0,0,0,0
1785433363.179031,idle_pre,0,1000,1000,0.0,0.0,85128397,1000,1000,1000,1000,0,0,0,0
1785433363.2001238,idle_pre,0,1000,1000,0.0,0.0,85150929,1000,1000,1000,1000,0,0,0,0
1785433363.2197127,idle_pre,0,1000,1000,0.0,0.0,85170278,1000,1000,1000,1000,0,0,0,0
1785433363.2389424,idle_pre,0,1000,1000,0.0,0.0,85188292,1000,1000,1000,1000,0,0,0,0
1785433363.2638857,idle_pre,0,1000,1000,0.0,0.0,85210754,1000,1000,1000,1000,0,0,0,0
1785433363.279328,idle_pre,0,1000,1000,0.0,0.0,85228670,1000,1000,1000,1000,0,0,0,0
1785433363.2999852,idle_pre,0,1000,1000,0.0,0.0,85251137,1000,1000,1000,1000,0,0,0,0
1785433363.3195987,idle_pre,0,1000,1000,0.0,0.0,85270649,1000,1000,1000,1000,0,0,0,0
1785433363.3393126,idle_pre,0,1000,1000,0.0,0.0,85288575,1000,1000,1000,1000,0,0,0,0
1785433363.3623767,idle_pre,0,1000,1000,0.0,0.0,85311032,1000,1000,1000,1000,0,0,0,0
1785433363.3797176,idle_pre,0,1000,1000,0.0,0.0,85330541,1000,1000,1000,1000,0,0,0,0
1785433363.3989558,idle_pre,0,1000,1000,0.0,0.0,85348469,1000,1000,1000,1000,0,0,0,0
1785433363.419939,idle_pre,0,1000,1000,0.0,0.0,85370924,1000,1000,1000,1000,0,0,0,0
1785433363.4396913,idle_pre,0,1000,1000,0.0,0.0,85390439,1000,1000,1000,1000,0,0,0,0
1785433363.4641707,idle_pre,0,1000,1000,0.0,0.0,85411364,1000,1000,1000,1000,0,0,0,0
1785433363.479806,idle_pre,0,1000,1000,0.0,0.0,85432322,1000,1000,1000,1000,0,0,0,0
1785433363.498953,idle_pre,0,1000,1000,0.0,0.0,85450331,1000,1000,1000,1000,0,0,0,0
1785433363.520876,idle_pre,0,1000,1000,0.0,0.0,85469817,1000,1000,1000,1000,0,0,0,0
1785433363.5406115,idle_pre,0,1000,1000,0.0,0.0,85492218,1000,1000,1000,1000,0,0,0,0
1785433363.5633914,idle_pre,0,1000,1000,0.0,0.0,85511682,1000,1000,1000,1000,0,0,0,0
1785433363.5799506,idle_pre,0,1000,1000,0.0,0.0,85529654,1000,1000,1000,1000,0,0,0,0
1785433363.5996015,idle_pre,0,1000,1000,0.0,0.0,85552112,1000,1000,1000,1000,0,0,0,0
1785433363.6190674,idle_pre,0,1000,1000,0.0,0.0,85570122,1000,1000,1000,1000,0,0,0,0
1785433363.640468,idle_pre,0,1000,1000,0.0,0.0,85589542,1000,1000,1000,1000,0,0,0,0
1785433363.6637065,idle_pre,0,1000,1000,0.0,0.0,85612007,1000,1000,1000,1000,0,0,0,0
1785433363.6789985,idle_pre,0,1000,1000,0.0,0.0,85630022,1000,1000,1000,1000,0,0,0,0
1785433363.700048,idle_pre,0,1000,1000,0.0,0.0,85649441,1000,1000,1000,1000,0,0,0,0
1785433363.719598,idle_pre,0,1000,1000,0.0,0.0,85671902,1000,1000,1000,1000,0,0,0,0
1785433363.7391279,idle_pre,0,1000,1000,0.0,0.0,85689918,1000,1000,1000,1000,0,0,0,0
1785433363.763395,idle_pre,0,1000,1000,0.0,0.0,85712404,1000,1000,1000,1000,0,0,0,0
1785433363.7790592,idle_pre,0,1000,1000,0.0,0.0,85730300,1000,1000,1000,1000,0,0,0,0
1785433363.79896,idle_pre,0,1000,1000,0.0,0.0,85749812,1000,1000,1000,1000,0,0,0,0
1785433363.8199563,idle_pre,0,1000,1000,0.0,0.0,85769232,1000,1000,1000,1000,0,0,0,0
1785433363.8389578,idle_pre,0,1000,1000,0.0,0.0,85790195,1000,1000,1000,1000,0,0,0,0
1785433363.8651829,idle_pre,0,1000,1000,0.0,0.0,85812659,1000,1000,1000,1000,0,0,0,0
1785433363.8790305,idle_pre,0,1000,1000,0.0,0.0,85829125,1000,1000,1000,1000,0,0,0,0
1785433363.9000075,idle_pre,0,1000,1000,0.0,0.0,85851587,1000,1000,1000,1000,0,0,0,0
1785433363.9190478,idle_pre,0,1000,1000,0.0,0.0,85869602,1000,1000,1000,1000,0,0,0,0
1785433363.9395995,idle_pre,0,1000,1000,0.0,0.0,85892122,1000,1000,1000,1000,0,0,0,0
1785433363.9640284,idle_pre,0,1000,1000,0.0,0.0,85909987,1000,1000,1000,1000,0,0,0,0
1785433363.9799585,idle_pre,0,1000,1000,0.0,0.0,85929496,1000,1000,1000,1000,0,0,0,0
1785433363.999633,idle_pre,0,1000,1000,0.0,0.0,85951960,1000,1000,1000,1000,0,0,0,0
1785433364.0190315,idle_pre,0,1000,1000,0.0,0.0,85969881,1000,1000,1000,1000,0,0,0,0
1785433364.040048,idle_pre,0,1000,1000,0.0,0.0,85989398,1000,1000,1000,1000,0,0,0,0
1785433364.0637167,idle_pre,0,1000,1000,0.0,0.0,86011857,1000,1000,1000,1000,0,0,0,0
1785433364.0789685,idle_pre,0,1000,1000,0.0,0.0,86029781,1000,1000,1000,1000,0,0,0,0
1785433364.0999956,idle_pre,0,1000,1000,0.0,0.0,86049293,1000,1000,1000,1000,0,0,0,0
1785433364.1201167,idle_pre,0,1000,1000,0.0,0.0,86071748,1000,1000,1000,1000,0,0,0,0
1785433364.1390953,idle_pre,0,1000,1000,0.0,0.0,86089669,1000,1000,1000,1000,0,0,0,0
1785433364.1637664,idle_pre,0,1000,1000,0.0,0.0,86112142,1000,1000,1000,1000,0,0,0,0
1785433364.1790454,idle_pre,0,1000,1000,0.0,0.0,86130103,1000,1000,1000,1000,0,0,0,0
1785433364.200211,idle_pre,0,1000,1000,0.0,0.0,86149574,1000,1000,1000,1000,0,0,0,0
1785433364.2196171,idle_pre,0,1000,1000,0.0,0.0,86172035,1000,1000,1000,1000,0,0,0,0
1785433364.238958,idle_pre,0,1000,1000,0.0,0.0,86190076,1000,1000,1000,1000,0,0,0,0
1785433364.262676,idle_pre,0,1000,1000,0.0,0.0,86209466,1000,1000,1000,1000,0,0,0,0
1785433364.279649,idle_pre,0,1000,1000,0.0,0.0,86231944,1000,1000,1000,1000,0,0,0,0
1785433364.2990174,idle_pre,0,1000,1000,0.0,0.0,86249901,1000,1000,1000,1000,0,0,0,0
1785433364.3200161,idle_pre,0,1000,1000,0.0,0.0,86269366,1000,1000,1000,1000,0,0,0,0
1785433364.3391197,idle_pre,0,1000,1000,0.0,0.0,86290328,1000,1000,1000,1000,0,0,0,0
1785433364.363976,idle_pre,0,1000,1000,0.0,0.0,86309800,1000,1000,1000,1000,0,0,0,0
1785433364.3809721,idle_pre,0,1000,1000,0.0,0.0,86332249,1000,1000,1000,1000,0,0,0,0
1785433364.3990443,idle_pre,0,1000,1000,0.0,0.0,86350223,1000,1000,1000,1000,0,0,0,0
1785433364.4204519,idle_pre,0,1000,1000,0.0,0.0,86369691,1000,1000,1000,1000,0,0,0,0
1785433364.439632,idle_pre,0,1000,1000,0.0,0.0,86392182,1000,1000,1000,1000,0,0,0,0
1785433364.4634647,idle_pre,0,1000,1000,0.0,0.0,86411723,1000,1000,1000,1000,0,0,0,0
1785433364.4789746,idle_pre,0,1000,1000,0.0,0.0,86430303,1000,1000,1000,1000,0,0,0,0
1785433364.500058,idle_pre,0,1000,1000,0.0,0.0,86450541,1000,1000,1000,1000,0,0,0,0
1785433364.5189638,idle_pre,0,1000,1000,0.0,0.0,86468560,1000,1000,1000,1000,0,0,0,0
1785433364.53999,idle_pre,0,1000,1000,0.0,0.0,86491017,1000,1000,1000,1000,0,0,0,0
1785433364.563524,idle_pre,0,1000,1000,0.0,0.0,86510441,1000,1000,1000,1000,0,0,0,0
1785433364.5791588,idle_pre,0,1000,1000,0.0,0.0,86528455,1000,1000,1000,1000,0,0,0,0
1785433364.6004767,idle_pre,0,1000,1000,0.0,0.0,86550916,1000,1000,1000,1000,0,0,0,0
1785433364.6196814,idle_pre,0,1000,1000,0.0,0.0,86570339,1000,1000,1000,1000,0,0,0,0
1785433364.6391518,idle_pre,0,1000,1000,0.0,0.0,86591302,1000,1000,1000,1000,0,0,0,0
1785433364.6638227,idle_pre,0,1000,1000,0.0,0.0,86610831,1000,1000,1000,1000,0,0,0,0
1785433364.6790051,idle_pre,0,1000,1000,0.0,0.0,86628734,1000,1000,1000,1000,0,0,0,0
1785433364.6996334,idle_pre,0,1000,1000,0.0,0.0,86651197,1000,1000,1000,1000,0,0,0,0
1785433364.7199945,idle_pre,0,1000,1000,0.0,0.0,86670704,1000,1000,1000,1000,0,0,0,0
1785433364.7399142,idle_pre,0,1000,1000,0.0,0.0,86691622,1000,1000,1000,1000,0,0,0,0
1785433364.7650204,idle_pre,0,1000,1000,0.0,0.0,86711090,1000,1000,1000,1000,0,0,0,0
1785433364.7799916,idle_pre,0,1000,1000,0.0,0.0,86730601,1000,1000,1000,1000,0,0,0,0
1785433364.7989852,idle_pre,0,1000,1000,0.0,0.0,86748525,1000,1000,1000,1000,0,0,0,0
1785433364.8199902,idle_pre,0,1000,1000,0.0,0.0,86770991,1000,1000,1000,1000,0,0,0,0
1785433364.8390083,idle_pre,0,1000,1000,0.0,0.0,86790494,1000,1000,1000,1000,0,0,0,0
1785433364.8647954,idle_pre,0,1000,1000,0.0,0.0,86811415,1000,1000,1000,1000,0,0,0,0
1785433364.8796272,idle_pre,0,1000,1000,0.0,0.0,86830884,1000,1000,1000,1000,0,0,0,0
1785433364.8989882,idle_pre,0,1000,1000,0.0,0.0,86850390,1000,1000,1000,1000,0,0,0,0
1785433364.9205642,idle_pre,0,1000,1000,0.0,0.0,86871312,1000,1000,1000,1000,0,0,0,0
1785433364.9396555,idle_pre,0,1000,1000,0.0,0.0,86890789,1000,1000,1000,1000,0,0,0,0
1785433364.9639826,idle_pre,0,1000,1000,0.0,0.0,86910342,1000,1000,1000,1000,0,0,0,0
1785433364.979645,idle_pre,0,1000,1000,0.0,0.0,86931272,1000,1000,1000,1000,0,0,0,0
1785433365.0002744,idle_pre,0,1000,1000,0.0,0.0,86950674,1000,1000,1000,1000,0,0,0,0
1785433365.020631,idle_pre,0,1000,1000,0.0,0.0,86973131,1000,1000,1000,1000,0,0,0,0
1785433365.0400152,idle_pre,0,1000,1000,0.0,0.0,86991100,1000,1000,1000,1000,0,0,0,0
1785433365.0636806,idle_pre,0,1000,1000,0.0,0.0,87010578,1000,1000,1000,1000,0,0,0,0
1785433365.0790334,idle_pre,0,1000,1000,0.0,0.0,87028552,1000,1000,1000,1000,0,0,0,0
1785433365.1002684,idle_pre,0,1000,1000,0.0,0.0,87050997,1000,1000,1000,1000,0,0,0,0
1785433365.1196527,idle_pre,0,1000,1000,0.0,0.0,87070466,1000,1000,1000,1000,0,0,0,0
1785433365.1400082,idle_pre,0,1000,1000,0.0,0.0,87091427,1000,1000,1000,1000,0,0,0,0
1785433365.164163,idle_pre,0,1000,1000,0.0,0.0,87107900,1000,1000,1000,1000,0,0,0,0
1785433365.1800675,idle_pre,0,1000,1000,0.0,0.0,87130360,1000,1000,1000,1000,0,0,0,0
1785433365.2011979,idle_pre,0,1000,1000,0.0,0.0,87152889,1000,1000,1000,1000,0,0,0,0
1785433365.2199996,idle_pre,0,1000,1000,0.0,0.0,87170792,1000,1000,1000,1000,0,0,0,0
1785433365.239645,idle_pre,0,1000,1000,0.0,0.0,87191752,1000,1000,1000,1000,0,0,0,0
1785433365.2642238,idle_pre,0,1000,1000,0.0,0.0,87208306,1000,1000,1000,1000,0,0,0,0
1785433365.280001,idle_pre,0,1000,1000,0.0,0.0,87230684,1000,1000,1000,1000,0,0,0,0
1785433365.2997937,idle_pre,0,1000,1000,0.0,0.0,87251646,1000,1000,1000,1000,0,0,0,0
1785433365.320003,idle_pre,0,1000,1000,0.0,0.0,87271113,1000,1000,1000,1000,0,0,0,0
1785433365.3396585,idle_pre,0,1000,1000,0.0,0.0,87290586,1000,1000,1000,1000,0,0,0,0
1785433365.364047,idle_pre,0,1000,1000,0.0,0.0,87308550,1000,1000,1000,1000,0,0,0,0
1785433365.3800058,idle_pre,0,1000,1000,0.0,0.0,87331014,1000,1000,1000,1000,0,0,0,0
1785433365.3996441,idle_pre,0,1000,1000,0.0,0.0,87350477,1000,1000,1000,1000,0,0,0,0
1785433365.4190714,idle_pre,0,1000,1000,0.0,0.0,87368443,1000,1000,1000,1000,0,0,0,0
1785433365.440064,idle_pre,0,1000,1000,0.0,0.0,87390903,1000,1000,1000,1000,0,0,0,0
1785433365.463654,idle_pre,0,1000,1000,0.0,0.0,87410375,1000,1000,1000,1000,0,0,0,0
1785433365.479069,idle_pre,0,1000,1000,0.0,0.0,87428344,1000,1000,1000,1000,0,0,0,0
1785433365.5008337,idle_pre,0,1000,1000,0.0,0.0,87452301,1000,1000,1000,1000,0,0,0,0
1785433365.5206797,idle_pre,0,1000,1000,0.0,0.0,87471814,1000,1000,1000,1000,0,0,0,0
1785433365.539007,idle_pre,0,1000,1000,0.0,0.0,87489733,1000,1000,1000,1000,0,0,0,0
1785433365.5624545,idle_pre,0,1000,1000,0.0,0.0,87509245,1000,1000,1000,1000,0,0,0,0
1785433365.5816479,idle_pre,0,1000,1000,0.0,0.0,87534650,1000,1000,1000,1000,0,0,0,0
1785433365.5992572,idle_pre,0,1000,1000,0.0,0.0,87549632,1000,1000,1000,1000,0,0,0,0
1785433365.6197114,idle_pre,0,1000,1000,0.0,0.0,87572087,1000,1000,1000,1000,0,0,0,0
1785433365.6390233,idle_pre,0,1000,1000,0.0,0.0,87590061,1000,1000,1000,1000,0,0,0,0
1785433365.6635487,idle_pre,0,1000,1000,0.0,0.0,87612518,1000,1000,1000,1000,0,0,0,0
1785433365.6790745,idle_pre,0,1000,1000,0.0,0.0,87630485,1000,1000,1000,1000,0,0,0,0
1785433365.6991918,idle_pre,0,1000,1000,0.0,0.0,87649961,1000,1000,1000,1000,0,0,0,0
1785433365.719659,idle_pre,0,1000,1000,0.0,0.0,87672501,1000,1000,1000,1000,0,0,0,0
1785433365.7400177,idle_pre,0,1000,1000,0.0,0.0,87691879,1000,1000,1000,1000,0,0,0,0
1785433365.764016,idle_pre,0,1000,1000,0.0,0.0,87709850,1000,1000,1000,1000,0,0,0,0
1785433365.7791836,idle_pre,0,1000,1000,0.0,0.0,87729323,1000,1000,1000,1000,0,0,0,0
1785433365.7996936,idle_pre,0,1000,1000,0.0,0.0,87751777,1000,1000,1000,1000,0,0,0,0
1785433365.8190465,idle_pre,0,1000,1000,0.0,0.0,87769743,1000,1000,1000,1000,0,0,0,0
1785433365.840001,idle_pre,0,1000,1000,0.0,0.0,87789217,1000,1000,1000,1000,0,0,0,0
1785433365.866175,idle_pre,0,1000,1000,0.0,0.0,87810174,1000,1000,1000,1000,0,0,0,0
1785433365.8800163,idle_pre,0,1000,1000,0.0,0.0,87829646,1000,1000,1000,1000,0,0,0,0
1785433365.8996572,idle_pre,0,1000,1000,0.0,0.0,87852101,1000,1000,1000,1000,0,0,0,0
1785433365.9190156,idle_pre,0,1000,1000,0.0,0.0,87870068,1000,1000,1000,1000,0,0,0,0
1785433365.940364,idle_pre,0,1000,1000,0.0,0.0,87889533,1000,1000,1000,1000,0,0,0,0
1785433365.9636998,idle_pre,0,1000,1000,0.0,0.0,87912000,1000,1000,1000,1000,0,0,0,0
1785433365.980011,idle_pre,0,1000,1000,0.0,0.0,87929969,1000,1000,1000,1000,0,0,0,0
1785433366.000355,idle_pre,0,1000,1000,0.0,0.0,87949491,1000,1000,1000,1000,0,0,0,0
1785433366.0197246,idle_pre,0,1000,1000,0.0,0.0,87971893,1000,1000,1000,1000,0,0,0,0
1785433366.0395083,idle_pre,0,1000,1000,0.0,0.0,87989861,1000,1000,1000,1000,0,0,0,0
1785433366.062686,idle_pre,0,1000,1000,0.0,0.0,88009329,1000,1000,1000,1000,0,0,0,0
1785433366.079706,idle_pre,0,1000,1000,0.0,0.0,88031788,1000,1000,1000,1000,0,0,0,0
1785433366.0991304,idle_pre,0,1000,1000,0.0,0.0,88049754,1000,1000,1000,1000,0,0,0,0
1785433366.1200428,idle_pre,0,1000,1000,0.0,0.0,88069224,1000,1000,1000,1000,0,0,0,0
1785433366.1397161,idle_pre,0,1000,1000,0.0,0.0,88091682,1000,1000,1000,1000,0,0,0,0
1785433366.1642425,idle_pre,0,1000,1000,0.0,0.0,88109651,1000,1000,1000,1000,0,0,0,0
1785433366.1802168,idle_pre,0,1000,1000,0.0,0.0,88129121,1000,1000,1000,1000,0,0,0,0
1785433366.2012026,idle_pre,0,1000,1000,0.0,0.0,88151594,1000,1000,1000,1000,0,0,0,0
1785433366.2200458,idle_pre,0,1000,1000,0.0,0.0,88169550,1000,1000,1000,1000,0,0,0,0
1785433366.2399247,idle_pre,0,1000,1000,0.0,0.0,88192044,1000,1000,1000,1000,0,0,0,0
1785433366.2644398,idle_pre,0,1000,1000,0.0,0.0,88209980,1000,1000,1000,1000,0,0,0,0
1785433366.2801166,idle_pre,0,1000,1000,0.0,0.0,88229456,1000,1000,1000,1000,0,0,0,0
1785433366.299961,idle_pre,0,1000,1000,0.0,0.0,88251908,1000,1000,1000,1000,0,0,0,0
1785433366.3191159,idle_pre,0,1000,1000,0.0,0.0,88269874,1000,1000,1000,1000,0,0,0,0
1785433366.3400328,idle_pre,0,1000,1000,0.0,0.0,88289340,1000,1000,1000,1000,0,0,0,0
1785433366.3635452,idle_pre,0,1000,1000,0.0,0.0,88311805,1000,1000,1000,1000,0,0,0,0
1785433366.3792126,idle_pre,0,1000,1000,0.0,0.0,88329778,1000,1000,1000,1000,0,0,0,0
1785433366.400059,idle_pre,0,1000,1000,0.0,0.0,88349239,1000,1000,1000,1000,0,0,0,0
1785433366.4198666,idle_pre,0,1000,1000,0.0,0.0,88371697,1000,1000,1000,1000,0,0,0,0
1785433366.4400332,idle_pre,0,1000,1000,0.0,0.0,88389669,1000,1000,1000,1000,0,0,0,0
1785433366.463681,idle_pre,0,1000,1000,0.0,0.0,88412129,1000,1000,1000,1000,0,0,0,0
1785433366.4791617,idle_pre,0,1000,1000,0.0,0.0,88430145,1000,1000,1000,1000,0,0,0,0
1785433366.4992056,idle_pre,0,1000,1000,0.0,0.0,88451056,1000,1000,1000,1000,0,0,0,0
1785433366.519695,idle_pre,0,1000,1000,0.0,0.0,88470544,1000,1000,1000,1000,0,0,0,0
1785433366.5393717,idle_pre,0,1000,1000,0.0,0.0,88491496,1000,1000,1000,1000,0,0,0,0
1785433366.563463,idle_pre,0,1000,1000,0.0,0.0,88510960,1000,1000,1000,1000,0,0,0,0
1785433366.5798454,idle_pre,0,1000,1000,0.0,0.0,88530426,1000,1000,1000,1000,0,0,0,0
1785433366.5991397,idle_pre,0,1000,1000,0.0,0.0,88548391,1000,1000,1000,1000,0,0,0,0
1785433366.6200306,idle_pre,0,1000,1000,0.0,0.0,88570846,1000,1000,1000,1000,0,0,0,0
1785433366.6396801,idle_pre,0,1000,1000,0.0,0.0,88591814,1000,1000,1000,1000,0,0,0,0
1785433366.6648273,idle_pre,0,1000,1000,0.0,0.0,88611286,1000,1000,1000,1000,0,0,0,0
1785433366.6800528,idle_pre,0,1000,1000,0.0,0.0,88630744,1000,1000,1000,1000,0,0,0,0
1785433366.6992493,idle_pre,0,1000,1000,0.0,0.0,88648718,1000,1000,1000,1000,0,0,0,0
1785433366.7204332,idle_pre,0,1000,1000,0.0,0.0,88671175,1000,1000,1000,1000,0,0,0,0
1785433366.7400882,idle_pre,0,1000,1000,0.0,0.0,88690686,1000,1000,1000,1000,0,0,0,0
1785433366.7641318,idle_pre,0,1000,1000,0.0,0.0,88708606,1000,1000,1000,1000,0,0,0,0
1785433366.780425,idle_pre,0,1000,1000,0.0,0.0,88731070,1000,1000,1000,1000,0,0,0,0
1785433366.7990465,idle_pre,0,1000,1000,0.0,0.0,88750536,1000,1000,1000,1000,0,0,0,0
1785433366.8199396,idle_pre,0,1000,1000,0.0,0.0,88773002,1000,1000,1000,1000,0,0,0,0
1785433366.8402638,idle_pre,0,1000,1000,0.0,0.0,88790967,1000,1000,1000,1000,0,0,0,0
1785433366.8659234,idle_pre,0,1000,1000,0.0,0.0,88810433,1000,1000,1000,1000,0,0,0,0
1785433366.8812048,idle_pre,0,1000,1000,0.0,0.0,88832896,1000,1000,1000,1000,0,0,0,0
1785433366.8992176,idle_pre,0,1000,1000,0.0,0.0,88850867,1000,1000,1000,1000,0,0,0,0
1785433366.9197805,idle_pre,0,1000,1000,0.0,0.0,88871869,1000,1000,1000,1000,0,0,0,0
1785433366.9390345,idle_pre,0,1000,1000,0.0,0.0,88888297,1000,1000,1000,1000,0,0,0,0
1785433366.9624918,idle_pre,0,1000,1000,0.0,0.0,88910757,1000,1000,1000,1000,0,0,0,0
1785433366.9800265,idle_pre,0,1000,1000,0.0,0.0,88931764,1000,1000,1000,1000,0,0,0,0
1785433367.000063,idle_pre,0,1000,1000,0.0,0.0,88951191,1000,1000,1000,1000,0,0,0,0
1785433367.0197835,idle_pre,0,1000,1000,0.0,0.0,88970655,1000,1000,1000,1000,0,0,0,0
1785433367.0390873,idle_pre,0,1000,1000,0.0,0.0,88988647,1000,1000,1000,1000,0,0,0,0
1785433367.0628054,idle_pre,0,1000,1000,0.0,0.0,89011084,1000,1000,1000,1000,0,0,0,0
1785433367.0798104,idle_pre,0,1000,1000,0.0,0.0,89030548,1000,1000,1000,1000,0,0,0,0
1785433367.0991507,idle_pre,0,1000,1000,0.0,0.0,89048516,1000,1000,1000,1000,0,0,0,0
1785433367.1208572,idle_pre,0,1000,1000,0.0,0.0,89070989,1000,1000,1000,1000,0,0,0,0
1785433367.1399415,idle_pre,0,1000,1000,0.0,0.0,89090448,1000,1000,1000,1000,0,0,0,0
1785433367.1642668,idle_pre,0,1000,1000,0.0,0.0,89108445,1000,1000,1000,1000,0,0,0,0
1785433367.1804836,idle_pre,0,1000,1000,0.0,0.0,89130880,1000,1000,1000,1000,0,0,0,0
1785433367.1998534,idle_pre,0,1000,1000,0.0,0.0,89151842,1000,1000,1000,1000,0,0,0,0
1785433367.2190897,idle_pre,0,1000,1000,0.0,0.0,89168436,1000,1000,1000,1000,0,0,0,0
1785433367.2400928,idle_pre,0,1000,1000,0.0,0.0,89190777,1000,1000,1000,1000,0,0,0,0
1785433367.2637136,idle_pre,0,1000,1000,0.0,0.0,89211733,1000,1000,1000,1000,0,0,0,0
1785433367.2791502,idle_pre,0,1000,1000,0.0,0.0,89228206,1000,1000,1000,1000,0,0,0,0
1785433367.3001025,idle_pre,0,1000,1000,0.0,0.0,89250668,1000,1000,1000,1000,0,0,0,0
1785433367.319078,idle_pre,0,1000,1000,0.0,0.0,89268688,1000,1000,1000,1000,0,0,0,0
1785433367.3400636,idle_pre,0,1000,1000,0.0,0.0,89291139,1000,1000,1000,1000,0,0,0,0
1785433367.3635747,idle_pre,0,1000,1000,0.0,0.0,89310568,1000,1000,1000,1000,0,0,0,0
1785433367.379168,idle_pre,0,1000,1000,0.0,0.0,89328581,1000,1000,1000,1000,0,0,0,0
1785433367.400183,idle_pre,0,1000,1000,0.0,0.0,89351036,1000,1000,1000,1000,0,0,0,0
1785433367.4190528,idle_pre,0,1000,1000,0.0,0.0,89368962,1000,1000,1000,1000,0,0,0,0
1785433367.43907,idle_pre,0,1000,1000,0.0,0.0,89388477,1000,1000,1000,1000,0,0,0,0
1785433367.4629197,idle_pre,0,1000,1000,0.0,0.0,89410946,1000,1000,1000,1000,0,0,0,0
1785433367.4806645,idle_pre,0,1000,1000,0.0,0.0,89433397,1000,1000,1000,1000,0,0,0,0
1785433367.5001035,idle_pre,0,1000,1000,0.0,0.0,89449823,1000,1000,1000,1000,0,0,0,0
1785433367.5189621,idle_pre,0,1000,1000,0.0,0.0,89469282,1000,1000,1000,1000,0,0,0,0
1785433367.5393848,idle_pre,0,1000,1000,0.0,0.0,89490248,1000,1000,1000,1000,0,0,0,0
1785433367.5625036,idle_pre,0,1000,1000,0.0,0.0,89509719,1000,1000,1000,1000,0,0,0,0
1785433367.5797224,idle_pre,0,1000,1000,0.0,0.0,89532176,1000,1000,1000,1000,0,0,0,0
1785433367.5991123,idle_pre,0,1000,1000,0.0,0.0,89550154,1000,1000,1000,1000,0,0,0,0
1785433367.6200702,idle_pre,0,1000,1000,0.0,0.0,89569611,1000,1000,1000,1000,0,0,0,0
1785433367.6397922,idle_pre,0,1000,1000,0.0,0.0,89592075,1000,1000,1000,1000,0,0,0,0
1785433367.663461,idle_pre,0,1000,1000,0.0,0.0,89611537,1000,1000,1000,1000,0,0,0,0
1785433367.6797338,idle_pre,0,1000,1000,0.0,0.0,89632566,1000,1000,1000,1000,0,0,0,0
1785433367.699759,idle_pre,0,1000,1000,0.0,0.0,89650516,1000,1000,1000,1000,0,0,0,0
1785433367.7201264,idle_pre,0,1000,1000,0.0,0.0,89669937,1000,1000,1000,1000,0,0,0,0
1785433367.739714,idle_pre,0,1000,1000,0.0,0.0,89692394,1000,1000,1000,1000,0,0,0,0
1785433367.7640965,idle_pre,0,1000,1000,0.0,0.0,89710411,1000,1000,1000,1000,0,0,0,0
1785433367.7796736,idle_pre,0,1000,1000,0.0,0.0,89729836,1000,1000,1000,1000,0,0,0,0
1785433367.8001163,idle_pre,0,1000,1000,0.0,0.0,89749298,1000,1000,1000,1000,0,0,0,0
1785433367.8197134,idle_pre,0,1000,1000,0.0,0.0,89771761,1000,1000,1000,1000,0,0,0,0
1785433367.839075,idle_pre,0,1000,1000,0.0,0.0,89789735,1000,1000,1000,1000,0,0,0,0
1785433367.8647087,idle_pre,0,1000,1000,0.0,0.0,89812197,1000,1000,1000,1000,0,0,0,0
1785433367.8797154,idle_pre,0,1000,1000,0.0,0.0,89831661,1000,1000,1000,1000,0,0,0,0
1785433367.899506,idle_pre,0,1000,1000,0.0,0.0,89849625,1000,1000,1000,1000,0,0,0,0
1785433367.9197276,idle_pre,0,1000,1000,0.0,0.0,89872080,1000,1000,1000,1000,0,0,0,0
1785433367.9399076,idle_pre,0,1000,1000,0.0,0.0,89891559,1000,1000,1000,1000,0,0,0,0
1785433367.9643593,idle_pre,0,1000,1000,0.0,0.0,89909596,1000,1000,1000,1000,0,0,0,0
1785433367.9797804,idle_pre,0,1000,1000,0.0,0.0,89931983,1000,1000,1000,1000,0,0,0,0
1785433367.9990761,idle_pre,0,1000,1000,0.0,0.0,89949995,1000,1000,1000,1000,0,0,0,0
1785433368.0200794,idle_pre,0,1000,1000,0.0,0.0,89969421,1000,1000,1000,1000,0,0,0,0
1785433368.0397186,idle_pre,0,1000,1000,0.0,0.0,89991877,1000,1000,1000,1000,0,0,0,0
1785433368.064293,idle_pre,0,1000,1000,0.0,0.0,90009893,1000,1000,1000,1000,0,0,0,0
1785433368.0800939,idle_pre,0,1000,1000,0.0,0.0,90029316,1000,1000,1000,1000,0,0,0,0
1785433368.0997496,idle_pre,0,1000,1000,0.0,0.0,90051777,1000,1000,1000,1000,0,0,0,0
1785433368.1190994,idle_pre,0,1000,1000,0.0,0.0,90069789,1000,1000,1000,1000,0,0,0,0
1785433368.1401918,idle_pre,0,1000,1000,0.0,0.0,90089215,1000,1000,1000,1000,0,0,0,0
1785433368.1645257,idle_pre,0,1000,1000,0.0,0.0,90111669,1000,1000,1000,1000,0,0,0,0
1785433368.180889,idle_pre,0,1000,1000,0.0,0.0,90129681,1000,1000,1000,1000,0,0,0,0
1785433368.1998038,idle_pre,0,1000,1000,0.0,0.0,90152147,1000,1000,1000,1000,0,0,0,0
1785433368.2191615,idle_pre,0,1000,1000,0.0,0.0,90170061,1000,1000,1000,1000,0,0,0,0
1785433368.2402132,idle_pre,0,1000,1000,0.0,0.0,90189580,1000,1000,1000,1000,0,0,0,0
1785433368.2640617,idle_pre,0,1000,1000,0.0,0.0,90212042,1000,1000,1000,1000,0,0,0,0
1785433368.2790947,idle_pre,0,1000,1000,0.0,0.0,90229963,1000,1000,1000,1000,0,0,0,0
1785433368.300104,idle_pre,0,1000,1000,0.0,0.0,90249474,1000,1000,1000,1000,0,0,0,0
1785433368.3203049,idle_pre,0,1000,1000,0.0,0.0,90271933,1000,1000,1000,1000,0,0,0,0
1785433368.339129,idle_pre,0,1000,1000,0.0,0.0,90289863,1000,1000,1000,1000,0,0,0,0
1785433368.3625438,idle_pre,0,1000,1000,0.0,0.0,90309370,1000,1000,1000,1000,0,0,0,0
1785433368.3798447,idle_pre,0,1000,1000,0.0,0.0,90331900,1000,1000,1000,1000,0,0,0,0
1785433368.4000962,idle_pre,0,1000,1000,0.0,0.0,90349750,1000,1000,1000,1000,0,0,0,0
1785433368.419097,idle_pre,0,1000,1000,0.0,0.0,90369263,1000,1000,1000,1000,0,0,0,0
1785433368.439867,idle_pre,0,1000,1000,0.0,0.0,90391730,1000,1000,1000,1000,0,0,0,0
1785433368.4642925,idle_pre,0,1000,1000,0.0,0.0,90409645,1000,1000,1000,1000,0,0,0,0
1785433368.4797454,idle_pre,0,1000,1000,0.0,0.0,90432111,1000,1000,1000,1000,0,0,0,0
1785433368.49917,idle_pre,0,1000,1000,0.0,0.0,90450113,1000,1000,1000,1000,0,0,0,0
1785433368.5197425,idle_pre,0,1000,1000,0.0,0.0,90471043,1000,1000,1000,1000,0,0,0,0
1785433368.5391579,idle_pre,0,1000,1000,0.0,0.0,90490509,1000,1000,1000,1000,0,0,0,0
1785433368.56482,idle_pre,0,1000,1000,0.0,0.0,90511524,1000,1000,1000,1000,0,0,0,0
1785433368.580159,idle_pre,0,1000,1000,0.0,0.0,90530934,1000,1000,1000,1000,0,0,0,0
1785433368.5998342,idle_pre,0,1000,1000,0.0,0.0,90550409,1000,1000,1000,1000,0,0,0,0
1785433368.619158,idle_pre,0,1000,1000,0.0,0.0,90568376,1000,1000,1000,1000,0,0,0,0
1785433368.640098,idle_pre,0,1000,1000,0.0,0.0,90590838,1000,1000,1000,1000,0,0,0,0
1785433368.663795,idle_pre,0,1000,1000,0.0,0.0,90610303,1000,1000,1000,1000,0,0,0,0
1785433368.6791334,idle_pre,0,1000,1000,0.0,0.0,90628273,1000,1000,1000,1000,0,0,0,0
1785433368.7001956,idle_pre,0,1000,1000,0.0,0.0,90650790,1000,1000,1000,1000,0,0,0,0
1785433368.7202406,idle_pre,0,1000,1000,0.0,0.0,90673204,1000,1000,1000,1000,0,0,0,0
1785433368.739094,idle_pre,0,1000,1000,0.0,0.0,90688201,1000,1000,1000,1000,0,0,0,0
1785433368.7625506,idle_pre,0,1000,1000,0.0,0.0,90710622,1000,1000,1000,1000,0,0,0,0
1785433368.7795832,idle_pre,0,1000,1000,0.0,0.0,90728642,1000,1000,1000,1000,0,0,0,0
1785433368.8002083,idle_pre,0,1000,1000,0.0,0.0,90751098,1000,1000,1000,1000,0,0,0,0
1785433368.8198476,idle_pre,0,1000,1000,0.0,0.0,90770520,1000,1000,1000,1000,0,0,0,0
1785433368.8400598,idle_pre,0,1000,1000,0.0,0.0,90791489,1000,1000,1000,1000,0,0,0,0
1785433368.8659482,idle_pre,0,1000,1000,0.0,0.0,90811000,1000,1000,1000,1000,0,0,0,0
1785433368.8791192,idle_pre,0,1000,1000,0.0,0.0,90830412,1000,1000,1000,1000,0,0,0,0
1785433368.9001236,idle_pre,0,1000,1000,0.0,0.0,90851385,1000,1000,1000,1000,0,0,0,0
1785433368.9190443,idle_pre,0,1000,1000,0.0,0.0,90867855,1000,1000,1000,1000,0,0,0,0
1785433368.9401953,idle_pre,0,1000,1000,0.0,0.0,90890311,1000,1000,1000,1000,0,0,0,0
1785433368.963546,idle_pre,0,1000,1000,0.0,0.0,90911277,1000,1000,1000,1000,0,0,0,0
1785433368.9791603,idle_pre,0,1000,1000,0.0,0.0,90930791,1000,1000,1000,1000,0,0,0,0
1785433368.9997826,idle_pre,0,1000,1000,0.0,0.0,90951709,1000,1000,1000,1000,0,0,0,0
1785433369.0190983,idle_pre,0,1000,1000,0.0,0.0,90968223,1000,1000,1000,1000,0,0,0,0
1785433369.043109,idle_pre,0,1000,1000,0.0,0.0,90990682,1000,1000,1000,1000,0,0,0,0
1785433369.0643425,idle_pre,0,1000,1000,0.0,0.0,91008603,1000,1000,1000,1000,0,0,0,0
1785433369.0801735,idle_pre,0,1000,1000,0.0,0.0,91031065,1000,1000,1000,1000,0,0,0,0
1785433369.100083,idle_pre,0,1000,1000,0.0,0.0,91050580,1000,1000,1000,1000,0,0,0,0
1785433369.1191528,idle_pre,0,1000,1000,0.0,0.0,91068509,1000,1000,1000,1000,0,0,0,0
1785433369.1401,idle_pre,0,1000,1000,0.0,0.0,91090963,1000,1000,1000,1000,0,0,0,0
1785433369.1638062,idle_pre,0,1000,1000,0.0,0.0,91113430,1000,1000,1000,1000,0,0,0,0
1785433369.179134,idle_pre,0,1000,1000,0.0,0.0,91128401,1000,1000,1000,1000,0,0,0,0
1785433369.1993632,idle_pre,0,1000,1000,0.0,0.0,91150862,1000,1000,1000,1000,0,0,0,0
1785433369.2198,idle_pre,0,1000,1000,0.0,0.0,91170372,1000,1000,1000,1000,0,0,0,0
1785433369.2391279,idle_pre,0,1000,1000,0.0,0.0,91188294,1000,1000,1000,1000,0,0,0,0
1785433369.2627845,idle_pre,0,1000,1000,0.0,0.0,91210751,1000,1000,1000,1000,0,0,0,0
1785433369.2798111,idle_pre,0,1000,1000,0.0,0.0,91231720,1000,1000,1000,1000,0,0,0,0
1785433369.2991664,idle_pre,0,1000,1000,0.0,0.0,91248191,1000,1000,1000,1000,0,0,0,0
1785433369.3204198,idle_pre,0,1000,1000,0.0,0.0,91270648,1000,1000,1000,1000,0,0,0,0
1785433369.3396912,idle_pre,0,1000,1000,0.0,0.0,91288621,1000,1000,1000,1000,0,0,0,0
1785433369.362706,idle_pre,0,1000,1000,0.0,0.0,91311105,1000,1000,1000,1000,0,0,0,0
1785433369.3792603,idle_pre,0,1000,1000,0.0,0.0,91330548,1000,1000,1000,1000,0,0,0,0
1785433369.3991299,idle_pre,0,1000,1000,0.0,0.0,91348513,1000,1000,1000,1000,0,0,0,0
1785433369.4201455,idle_pre,0,1000,1000,0.0,0.0,91371055,1000,1000,1000,1000,0,0,0,0
1785433369.4398358,idle_pre,0,1000,1000,0.0,0.0,91390453,1000,1000,1000,1000,0,0,0,0
1785433369.4643445,idle_pre,0,1000,1000,0.0,0.0,91408414,1000,1000,1000,1000,0,0,0,0
1785433369.480128,idle_pre,0,1000,1000,0.0,0.0,91430871,1000,1000,1000,1000,0,0,0,0
1785433369.4997964,idle_pre,0,1000,1000,0.0,0.0,91450337,1000,1000,1000,1000,0,0,0,0
1785433369.5192778,idle_pre,0,1000,1000,0.0,0.0,91469854,1000,1000,1000,1000,0,0,0,0
1785433369.5401325,idle_pre,0,1000,1000,0.0,0.0,91489270,1000,1000,1000,1000,0,0,0,0
1785433369.5635793,idle_pre,0,1000,1000,0.0,0.0,91511731,1000,1000,1000,1000,0,0,0,0
1785433369.579154,idle_pre,0,1000,1000,0.0,0.0,91529742,1000,1000,1000,1000,0,0,0,0
1785433369.600133,idle_pre,0,1000,1000,0.0,0.0,91549170,1000,1000,1000,1000,0,0,0,0
1785433369.6192062,idle_pre,0,1000,1000,0.0,0.0,91570127,1000,1000,1000,1000,0,0,0,0
1785433369.639792,idle_pre,0,1000,1000,0.0,0.0,91592678,1000,1000,1000,1000,0,0,0,0
1785433369.6644928,idle_pre,0,1000,1000,0.0,0.0,91609061,1000,1000,1000,1000,0,0,0,0
1785433369.6808171,idle_pre,0,1000,1000,0.0,0.0,91630055,1000,1000,1000,1000,0,0,0,0
1785433369.699816,idle_pre,0,1000,1000,0.0,0.0,91652487,1000,1000,1000,1000,0,0,0,0
1785433369.719137,idle_pre,0,1000,1000,0.0,0.0,91670455,1000,1000,1000,1000,0,0,0,0
1785433369.7408125,idle_pre,0,1000,1000,0.0,0.0,91689943,1000,1000,1000,1000,0,0,0,0
1785433369.7635884,idle_pre,0,1000,1000,0.0,0.0,91712388,1000,1000,1000,1000,0,0,0,0
1785433369.7791216,idle_pre,0,1000,1000,0.0,0.0,91730350,1000,1000,1000,1000,0,0,0,0
1785433369.8001313,idle_pre,0,1000,1000,0.0,0.0,91749822,1000,1000,1000,1000,0,0,0,0
1785433369.819133,idle_pre,0,1000,1000,0.0,0.0,91769326,1000,1000,1000,1000,0,0,0,0
1785433369.8402376,idle_pre,0,1000,1000,0.0,0.0,91791792,1000,1000,1000,1000,0,0,0,0
1785433369.866302,idle_pre,0,1000,1000,0.0,0.0,91809717,1000,1000,1000,1000,0,0,0,0
1785433369.880136,idle_pre,0,1000,1000,0.0,0.0,91829224,1000,1000,1000,1000,0,0,0,0
1785433369.8992023,idle_pre,0,1000,1000,0.0,0.0,91850144,1000,1000,1000,1000,0,0,0,0
1785433369.9202385,idle_pre,0,1000,1000,0.0,0.0,91869702,1000,1000,1000,1000,0,0,0,0
1785433369.94012,idle_pre,0,1000,1000,0.0,0.0,91892070,1000,1000,1000,1000,0,0,0,0
1785433369.96414,A1500_B1000,1,1500,1000,0.5,0.0,91910042,1000,1000,1000,1000,0,0,0,0
1785433369.9801555,A1500_B1000,1,1500,1000,0.5,0.0,91929508,1000,1000,1000,1000,0,0,0,0
1785433369.9997816,A1500_B1000,1,1500,1000,0.5,0.0,91952005,1000,1000,1000,1000,0,0,0,0
1785433370.0191395,A1500_B1000,1,1500,1000,0.5,0.0,91969940,1000,1000,1000,1000,0,0,0,0
1785433370.0401394,A1500_B1000,1,1500,1000,0.5,0.0,91989404,1000,1000,1000,1000,0,0,0,0
1785433370.063912,A1500_B1000,1,1500,1000,0.5,0.0,92011863,1000,1000,1000,1000,0,0,0,0
1785433370.0791302,A1500_B1000,1,1500,1000,0.5,0.0,92029835,1000,1000,1000,1000,0,0,0,0
1785433370.1004727,A1500_B1000,1,1500,1000,0.5,0.0,92049301,1000,1000,1000,1000,0,0,0,0
1785433370.1198237,A1500_B1000,1,1500,1000,0.5,0.0,92071762,1000,1000,1000,1000,0,0,0,0
1785433370.1391451,A1500_B1000,1,1500,1000,0.5,0.0,92089727,1000,1000,1000,1000,0,0,0,0
1785433370.1635711,A1500_B1000,1,1500,1000,0.5,0.0,92112250,1000,1000,1000,1000,0,0,0,0
1785433370.179413,A1500_B1000,1,1500,1000,0.5,0.0,92130149,1000,1000,1000,1000,0,0,0,0
1785433370.1998122,A1500_B1000,1,1500,1000,0.5,0.0,92152614,1000,1000,1000,1000,0,0,0,0
1785433370.219408,A1500_B1000,1,1500,1000,0.5,0.0,92169086,1000,1000,1000,1000,0,0,0,0
1785433370.2404659,A1500_B1000,1,1500,1000,0.5,0.0,92191551,1000,1000,1000,1000,0,0,0,0
1785433370.264451,A1500_B1000,1,1500,1000,0.5,0.0,92209553,1000,1000,1000,1000,0,0,0,0
1785433370.2798781,A1500_B1000,1,1500,1000,0.5,0.0,92231977,1000,1000,1000,1000,0,0,0,0
1785433370.2992156,A1500_B1000,1,1500,1000,0.5,0.0,92249960,1000,1000,1000,1000,0,0,0,0
1785433370.3201628,A1500_B1000,1,1500,1000,0.5,0.0,92269419,1000,1000,1000,1000,0,0,0,0
1785433370.339859,A1500_B1000,1,1500,1000,0.5,0.0,92291873,1000,1000,1000,1000,0,0,0,0
1785433370.362819,A1500_B1000,1,1500,1000,0.5,0.0,92309847,1000,1000,1000,1000,0,0,0,0
1785433370.379906,A1500_B1000,1,1500,1000,0.5,0.0,92332299,1000,1000,1000,1000,0,0,0,0
1785433370.3996868,A1500_B1000,1,1500,1000,0.5,0.0,92350272,1000,1000,1000,1000,0,0,0,0
1785433370.4202955,A1500_B1000,1,1500,1000,0.5,0.0,92369737,1000,1000,1000,1000,0,0,0,0
1785433370.4398296,A1500_B1000,1,1500,1000,0.5,0.0,92392196,1000,1000,1000,1000,0,0,0,0
1785433370.4643767,A1500_B1000,1,1500,1000,0.5,0.0,92410202,1000,1000,1000,1000,0,0,0,0
1785433370.4802225,A1500_B1000,1,1500,1000,0.5,0.0,92429635,1000,1000,1000,1000,0,0,0,0
1785433370.4998744,A1500_B1000,1,1500,1000,0.5,0.0,92452093,1000,1000,1000,1000,0,0,0,0
1785433370.520187,A1500_B1000,1,1500,1000,0.5,0.0,92471561,1000,1000,1000,1000,0,0,0,0
1785433370.539805,A1500_B1000,1,1500,1000,0.5,0.0,92491036,1000,1000,1000,1000,0,0,0,0
1785433370.5641744,A1500_B1000,1,1500,1000,0.5,0.0,92510543,1000,1000,1000,1000,0,0,0,0
1785433370.579936,A1500_B1000,1,1500,1000,0.5,0.0,92531457,1000,1000,1000,1000,0,0,0,0
1785433370.5992424,A1500_B1000,1,1500,1000,0.5,0.0,92550925,1000,1000,1000,1000,0,0,0,0
1785433370.6198337,A1500_B1000,1,1500,1000,0.5,0.0,92570436,1000,1000,1000,1000,0,0,0,0
1785433370.6392035,A1500_B1000,1,1500,1000,0.5,0.0,92588359,1000,1000,1000,1000,0,0,0,0
1785433370.6634583,A1500_B1000,1,1500,1000,0.5,0.0,92610904,1000,1000,1000,1000,0,0,0,0
1785433370.6802917,A1500_B1000,1,1500,1000,0.5,0.0,92630332,1000,1000,1000,1000,0,0,0,0
1785433370.699232,A1500_B1000,1,1500,1000,0.5,0.0,92648255,1000,1000,1000,1000,0,0,0,0
1785433370.7201672,A1500_B1000,1,1500,1000,0.5,0.0,92670724,1000,1000,1000,1000,0,0,0,0
1785433370.7398078,A1500_B1000,1,1500,1000,0.5,0.0,92691677,1000,1000,1000,1000,0,0,0,0
1785433370.764165,A1500_B1000,1,1500,1000,0.5,0.0,92708166,1000,1000,1000,1000,0,0,0,0
1785433370.7798657,A1500_B1000,1,1500,1000,0.5,0.0,92730611,1000,1000,1000,1000,0,0,0,0
1785433370.7991464,A1500_B1000,1,1500,1000,0.5,0.0,92748584,1000,1000,1000,1000,0,0,0,0
1785433370.8202443,A1500_B1000,1,1500,1000,0.5,0.0,92771045,1000,1000,1000,1000,0,0,0,0
1785433370.8398294,A1500_B1000,1,1500,1000,0.5,0.0,92790516,1000,1000,1000,1000,0,0,0,0
1785433370.8674707,A1500_B1000,1,1500,1000,0.5,0.0,92811478,1000,1000,1000,1000,0,0,0,0
1785433370.8798158,A1500_B1000,1,1500,1000,0.5,0.0,92830940,1000,1000,1000,1000,0,0,0,0
1785433370.9003463,A1500_B1000,1,1500,1000,0.5,0.0,92850407,1000,1000,1000,1000,0,0,0,0
1785433370.919678,A1500_B1000,1,1500,1000,0.5,0.0,92868373,1000,1000,1000,1000,0,0,0,0
1785433370.9402597,A1500_B1000,1,1500,1000,0.5,0.0,92890860,1000,1000,1000,1000,0,0,0,0
1785433370.9636247,A1500_B1000,1,1500,1000,0.5,0.0,92910303,1000,1000,1000,1000,0,0,0,0
1785433370.9791546,A1500_B1000,1,1500,1000,0.5,0.0,92928272,1000,1000,1000,1000,0,0,0,0
1785433371.000155,A1500_B1000,1,1500,1000,0.5,0.0,92950725,1000,1000,1000,1000,0,0,0,0
1785433371.0200098,A1500_B1000,1,1500,1000,0.5,0.0,92971693,1000,1000,1000,1000,0,0,0,0
1785433371.0397363,A1500_B1000,1,1500,1000,0.5,0.0,92991160,1000,1000,1000,1000,0,0,0,0
1785433371.0638125,A1500_B1000,1,1500,1000,0.5,0.0,93010624,1000,1000,1000,1000,0,0,0,0
1785433371.079169,A1500_B1000,1,1500,1000,0.5,0.0,93028589,1000,1000,1000,1000,0,0,0,0
1785433371.1005676,A1500_B1000,1,1500,1000,0.5,0.0,93051054,1000,1000,1000,1000,0,0,0,0
1785433371.1199036,A1500_B1000,1,1500,1000,0.5,0.0,93070516,1000,1000,1000,1000,0,0,0,0
1785433371.139304,A1500_B1000,1,1500,1000,0.5,0.0,93088490,1000,1000,1000,1000,0,0,0,0
1785433371.1628053,A1500_B1000,1,1500,1000,0.5,0.0,93110947,1000,1000,1000,1000,0,0,0,0
1785433371.1799233,A1500_B1000,1,1500,1000,0.5,0.0,93130476,1000,1000,1000,1000,0,0,0,0
1785433371.1991954,A1500_B1000,1,1500,1000,0.5,0.0,93148386,1000,1000,1000,1000,0,0,0,0
1785433371.2201874,A1500_B1000,1,1500,1000,0.5,0.0,93170844,1000,1000,1000,1000,0,0,0,0
1785433371.239971,A1500_B1000,1,1500,1000,0.5,0.0,93190309,1000,1000,1000,1000,0,0,0,0
1785433371.26443,A1500_B1000,1,1500,1000,0.5,0.0,93208278,1000,1000,1000,1000,0,0,0,0
1785433371.280528,A1500_B1000,1,1500,1000,0.5,0.0,93230737,1000,1000,1000,1000,0,0,0,0
1785433371.2992783,A1500_B1000,1,1500,1000,0.5,0.0,93248710,1000,1000,1000,1000,0,0,0,0
1785433371.319468,A1500_B1000,1,1500,1000,0.5,0.0,93271171,1000,1000,1000,1000,0,0,0,0
1785433371.3407233,A1500_B1000,1,1500,1000,0.5,0.0,93293636,1000,1000,1000,1000,0,0,0,0
1785433371.3626366,A1500_B1000,1,1500,1000,0.5,0.0,93311655,1000,1000,1000,1000,0,0,0,0
1785433371.3809543,A1500_B1000,1,1500,1000,0.5,0.0,93331160,1000,1000,1000,1000,0,0,0,0
1785433371.4007692,A1500_B1000,1,1500,1000,0.5,0.0,93350528,1000,1000,1000,1000,0,0,0,0
1785433371.4198687,A1500_B1000,1,1500,1000,0.5,0.0,93368496,1000,1000,1000,1000,0,0,0,0
1785433371.440184,A1500_B1000,1,1500,1000,0.5,0.0,93390964,1000,1000,1000,1000,0,0,0,0
1785433371.4638433,A1500_B1000,1,1500,1000,0.5,0.0,93410432,1000,1000,1000,1000,0,0,0,0
1785433371.4794238,A1500_B1000,1,1500,1000,0.5,0.0,93428426,1000,1000,1000,1000,0,0,0,0
1785433371.5001786,A1500_B1000,1,1500,1000,0.5,0.0,93450860,1000,1000,1000,1000,0,0,0,0
1785433371.5199485,A1500_B1000,1,1500,1000,0.5,0.0,93470326,1000,1000,1000,1000,0,0,0,0
1785433371.5392406,A1500_B1000,1,1500,1000,0.5,0.0,93488292,1000,1000,1000,1000,0,0,0,0
1785433371.5626528,A1500_B1000,1,1500,1000,0.5,0.0,93512252,1000,1000,1000,1000,0,0,0,0
1785433371.5793822,A1500_B1000,1,1500,1000,0.5,0.0,93528774,1000,1000,1000,1000,0,0,0,0
1785433371.6012962,A1500_B1000,1,1500,1000,0.5,0.0,93554183,1000,1000,1000,1000,0,0,0,0
1785433371.6201756,A1500_B1000,1,1500,1000,0.5,0.0,93572150,1000,1000,1000,1000,0,0,0,0
1785433371.639188,A1500_B1000,1,1500,1000,0.5,0.0,93588670,1000,1000,1000,1000,0,0,0,0
1785433371.6629603,A1500_B1000,1,1500,1000,0.5,0.0,93611121,1000,1000,1000,1000,0,0,0,0
1785433371.6804209,A1500_B1000,1,1500,1000,0.5,0.0,93632048,1000,1000,1000,1000,0,0,0,0
1785433371.6992245,A1500_B1000,1,1500,1000,0.5,0.0,93648564,1000,1000,1000,1000,0,0,0,0
1785433371.720195,A1500_B1000,1,1500,1000,0.5,0.0,93671020,1000,1000,1000,1000,0,0,0,0
1785433371.7391067,A1500_B1000,1,1500,1000,0.5,0.0,93688945,1000,1000,1000,1000,0,0,0,0
1785433371.7641954,A1500_B1000,1,1500,1000,0.5,0.0,93709907,1000,1000,1000,1000,0,0,0,0
1785433371.7801948,A1500_B1000,1,1500,1000,0.5,0.0,93729369,1000,1000,1000,1000,0,0,0,0
1785433371.8005095,A1500_B1000,1,1500,1000,0.5,0.0,93751834,1000,1000,1000,1000,0,0,0,0
1785433371.8191915,A1500_B1000,1,1500,1000,0.5,0.0,93769804,1000,1000,1000,1000,0,0,0,0
1785433371.8402228,A1500_B1000,1,1500,1000,0.5,0.0,93789270,1000,1000,1000,1000,0,0,0,0
1785433371.8658898,A1500_B1000,1,1500,1000,0.5,0.0,93811733,1000,1000,1000,1000,0,0,0,0
1785433371.8802667,A1500_B1000,1,1500,1000,0.5,0.0,93831192,1000,1000,1000,1000,0,0,0,0
1785433371.899179,A1500_B1000,1,1500,1000,0.5,0.0,93849163,1000,1000,1000,1000,0,0,0,0
1785433371.9216204,A1500_B1000,1,1500,1000,0.5,0.0,93871709,1000,1000,1000,1000,0,0,0,0
1785433371.9401965,A1500_B1000,1,1500,1000,0.5,0.0,93891091,1000,1000,1000,1000,0,0,0,0
1785433371.9639769,A1500_B1000,1,1500,1000,0.5,0.0,93912055,1000,1000,1000,1000,0,0,0,0
1785433371.9791949,A1500_B1000,1,1500,1000,0.5,0.0,93928526,1000,1000,1000,1000,0,0,0,0
1785433372.000214,A1500_B1000,1,1500,1000,0.5,0.0,93949488,1000,1000,1000,1000,0,0,0,0
1785433372.020297,A1500_B1000,1,1500,1000,0.5,0.0,93971960,1000,1000,1000,1000,0,0,0,0
1785433372.0392616,A1500_B1000,1,1500,1000,0.5,0.0,93989919,1000,1000,1000,1000,0,0,0,0
1785433372.0628486,A1500_B1000,1,1500,1000,0.5,0.0,94009389,1000,1000,1000,1000,0,0,0,0
1785433372.079854,A1500_B1000,1,1500,1000,0.5,0.0,94031854,1000,1000,1000,1000,0,0,0,0
1785433372.0993178,A1500_B1000,1,1500,1000,0.5,0.0,94049819,1000,1000,1000,1000,0,0,0,0
1785433372.119918,A1500_B1000,1,1500,1000,0.5,0.0,94072356,1000,1000,1000,1000,0,0,0,0
1785433372.139381,A1500_B1000,1,1500,1000,0.5,0.0,94088745,1000,1000,1000,1000,0,0,0,0
1785433372.1626768,A1500_B1000,1,1500,1000,0.5,0.0,94111210,1000,1000,1000,1000,0,0,0,0
1785433372.1799543,A1500_B1000,1,1500,1000,0.5,0.0,94132173,1000,1000,1000,1000,0,0,0,0
1785433372.199214,A1500_B1000,1,1500,1000,0.5,0.0,94148733,1000,1000,1000,1000,0,0,0,0
1785433372.220337,A1500_B1000,1,1500,1000,0.5,0.0,94171102,1000,1000,1000,1000,0,0,0,0
1785433372.2401853,A1500_B1000,1,1500,1000,0.5,0.0,94192068,1000,1000,1000,1000,0,0,0,0
1785433372.264451,A1500_B1000,1,1500,1000,0.5,0.0,94208539,1000,1000,1000,1000,0,0,0,0
1785433372.2802262,A1500_B1000,1,1500,1000,0.5,0.0,94231009,1000,1000,1000,1000,0,0,0,0
1785433372.3001559,A1500_B1000,1,1500,1000,0.5,0.0,94251967,1000,1000,1000,1000,0,0,0,0
1785433372.319248,A1500_B1000,1,1500,1000,0.5,0.0,94269984,1000,1000,1000,1000,0,0,0,0
1785433372.3402433,A1500_B1000,1,1500,1000,0.5,0.0,94289404,1000,1000,1000,1000,0,0,0,0
1785433372.3636675,A1500_B1000,1,1500,1000,0.5,0.0,94311862,1000,1000,1000,1000,0,0,0,0
1785433372.3792393,A1500_B1000,1,1500,1000,0.5,0.0,94329873,1000,1000,1000,1000,0,0,0,0
1785433372.400269,A1500_B1000,1,1500,1000,0.5,0.0,94349390,1000,1000,1000,1000,0,0,0,0
1785433372.4198804,A1500_B1000,1,1500,1000,0.5,0.0,94371761,1000,1000,1000,1000,0,0,0,0
1785433372.4393537,A1500_B1000,1,1500,1000,0.5,0.0,94389771,1000,1000,1000,1000,0,0,0,0
1785433372.463855,A1500_B1000,1,1500,1000,0.5,0.0,94412237,1000,1000,1000,1000,0,0,0,0
1785433372.479642,A1500_B1000,1,1500,1000,0.5,0.0,94428658,1000,1000,1000,1000,0,0,0,0
1785433372.500218,A1500_B1000,1,1500,1000,0.5,0.0,94451119,1000,1000,1000,1000,0,0,0,0
1785433372.5203464,A1500_B1000,1,1500,1000,0.5,0.0,94469091,1000,1000,1000,1000,0,0,0,0
1785433372.5408757,A1500_B1000,1,1500,1000,0.5,0.0,94491554,1000,1000,1000,1000,0,0,0,0
1785433372.562652,A1500_B1000,1,1500,1000,0.5,0.0,94511018,1000,1000,1000,1000,0,0,0,0
1785433372.5800698,A1500_B1000,1,1500,1000,0.5,0.0,94530478,1000,1000,1000,1000,0,0,0,0
1785433372.5992308,A1500_B1000,1,1500,1000,0.5,0.0,94549945,1000,1000,1000,1000,0,0,0,0
1785433372.6202059,A1500_B1000,1,1500,1000,0.5,0.0,94571011,1000,1000,1000,1000,0,0,0,0
1785433372.6404285,A1500_B1000,1,1500,1000,0.5,0.0,94590373,1000,1000,1000,1000,0,0,0,0
1785433372.6644998,A1500_B1000,1,1500,1000,0.5,0.0,94608347,1000,1000,1000,1000,0,0,0,0
1785433372.6798718,A1500_B1000,1,1500,1000,0.5,0.0,94630814,1000,1000,1000,1000,0,0,0,0
1785433372.6993167,A1500_B1000,1,1500,1000,0.5,0.0,94650272,1000,1000,1000,1000,0,0,0,0
1785433372.7213743,A1500_B1000,1,1500,1000,0.5,0.0,94672739,1000,1000,1000,1000,0,0,0,0
1785433372.7407005,A1500_B1000,1,1500,1000,0.5,0.0,94690708,1000,1000,1000,1000,0,0,0,0
1785433372.7636635,A1500_B1000,1,1500,1000,0.5,0.0,94710171,1000,1000,1000,1000,0,0,0,0
1785433372.7802072,A1500_B1000,1,1500,1000,0.5,0.0,94731134,1000,1000,1000,1000,0,0,0,0
1785433372.799873,A1500_B1000,1,1500,1000,0.5,0.0,94750604,1000,1000,1000,1000,0,0,0,0
1785433372.8192112,A1500_B1000,1,1500,1000,0.5,0.0,94770065,1000,1000,1000,1000,0,0,0,0
1785433372.838871,A1500_B1000,1,1500,1000,0.5,0.0,94791036,1000,1000,1000,1000,0,0,0,0
1785433372.866326,A1500_B1000,1,1500,1000,0.5,0.0,94810505,1000,1000,1000,1000,0,0,0,0
1785433372.879222,A1500_B1000,1,1500,1000,0.5,0.0,94829963,1000,1000,1000,1000,0,0,0,0
1785433372.9002488,A1500_B1000,1,1500,1000,0.5,0.0,94850919,1000,1000,1000,1000,0,0,0,0
1785433372.919877,A1500_B1000,1,1500,1000,0.5,0.0,94870394,1000,1000,1000,1000,0,0,0,0
1785433372.9392364,A1500_B1000,1,1500,1000,0.5,0.0,94889893,1000,1000,1000,1000,0,0,0,0
1785433372.9627182,A1500_B1000,1,1500,1000,0.5,0.0,94910822,1000,1000,1000,1000,0,0,0,0
1785433372.9798985,A1500_B1000,1,1500,1000,0.5,0.0,94930289,1000,1000,1000,1000,0,0,0,0
1785433372.999228,A1500_B1000,1,1500,1000,0.5,0.0,94948262,1000,1000,1000,1000,0,0,0,0
1785433373.019398,A1500_B1000,1,1500,1000,0.5,0.0,94970712,1000,1000,1000,1000,0,0,0,0
1785433373.0398672,A1500_B1000,1,1500,1000,0.5,0.0,94990189,1000,1000,1000,1000,0,0,0,0
1785433373.0644968,A1500_B1000,1,1500,1000,0.5,0.0,95011196,1000,1000,1000,1000,0,0,0,0
1785433373.079973,A1500_B1000,1,1500,1000,0.5,0.0,95030616,1000,1000,1000,1000,0,0,0,0
1785433373.0992293,A1500_B1000,1,1500,1000,0.5,0.0,95050080,1000,1000,1000,1000,0,0,0,0
1785433373.1205466,A1500_B1000,1,1500,1000,0.5,0.0,95071090,1000,1000,1000,1000,0,0,0,0
1785433373.1398766,A1500_B1000,1,1500,1000,0.5,0.0,95090584,1000,1000,1000,1000,0,0,0,0
1785433373.164609,A1500_B1000,1,1500,1000,0.5,0.0,95109983,1000,1000,1000,1000,0,0,0,0
1785433373.1802478,A1500_B1000,1,1500,1000,0.5,0.0,95130985,1000,1000,1000,1000,0,0,0,0
1785433373.1998985,A1500_B1000,1,1500,1000,0.5,0.0,95150405,1000,1000,1000,1000,0,0,0,0
1785433373.2192302,A1500_B1000,1,1500,1000,0.5,0.0,95169872,1000,1000,1000,1000,0,0,0,0
1785433373.2398775,A1500_B1000,1,1500,1000,0.5,0.0,95190880,1000,1000,1000,1000,0,0,0,0
1785433373.2641838,A1500_B1000,1,1500,1000,0.5,0.0,95210295,1000,1000,1000,1000,0,0,0,0
1785433373.2803664,A1500_B1000,1,1500,1000,0.5,0.0,95231262,1000,1000,1000,1000,0,0,0,0
1785433373.3003252,A1500_B1000,1,1500,1000,0.5,0.0,95250777,1000,1000,1000,1000,0,0,0,0
1785433373.3192413,A1500_B1000,1,1500,1000,0.5,0.0,95270192,1000,1000,1000,1000,0,0,0,0
1785433373.340236,A1500_B1000,1,1500,1000,0.5,0.0,95291156,1000,1000,1000,1000,0,0,0,0
1785433373.3637373,A1500_B1000,1,1500,1000,0.5,0.0,95310672,1000,1000,1000,1000,0,0,0,0
1785433373.379289,A1500_B1000,1,1500,1000,0.5,0.0,95330096,1000,1000,1000,1000,0,0,0,0
1785433373.4002695,A1500_B1000,1,1500,1000,0.5,0.0,95351059,1000,1000,1000,1000,0,0,0,0
1785433373.4199898,A1500_B1000,1,1500,1000,0.5,0.0,95370568,1000,1000,1000,1000,0,0,0,0
1785433373.4396493,A1500_B1000,1,1500,1000,0.5,0.0,95389987,1000,1000,1000,1000,0,0,0,0
1785433373.4634757,A1500_B1000,1,1500,1000,0.5,0.0,95412472,1000,1000,1000,1000,0,0,0,0
1785433373.4805038,A1500_B1000,1,1500,1000,0.5,0.0,95430471,1000,1000,1000,1000,0,0,0,0
1785433373.4992309,A1500_B1000,1,1500,1000,0.5,0.0,95449885,1000,1000,1000,1000,0,0,0,0
1785433373.5193048,A1500_B1000,1,1500,1000,0.5,0.0,95470849,1000,1000,1000,1000,0,0,0,0
1785433373.539786,A1500_B1000,1,1500,1000,0.5,0.0,95490361,1000,1000,1000,1000,0,0,0,0
1785433373.5631738,A1500_B1000,1,1500,1000,0.5,0.0,95511276,1000,1000,1000,1000,0,0,0,0
1785433373.5803955,A1500_B1000,1,1500,1000,0.5,0.0,95532238,1000,1000,1000,1000,0,0,0,0
1785433373.5992734,A1500_B1000,1,1500,1000,0.5,0.0,95548717,1000,1000,1000,1000,0,0,0,0
1785433373.6202474,A1500_B1000,1,1500,1000,0.5,0.0,95571173,1000,1000,1000,1000,0,0,0,0
1785433373.6403775,A1500_B1000,1,1500,1000,0.5,0.0,95592134,1000,1000,1000,1000,0,0,0,0
1785433373.6646025,A1500_B1000,1,1500,1000,0.5,0.0,95608613,1000,1000,1000,1000,0,0,0,0
1785433373.6807158,A1500_B1000,1,1500,1000,0.5,0.0,95631099,1000,1000,1000,1000,0,0,0,0
1785433373.6998937,A1500_B1000,1,1500,1000,0.5,0.0,95652035,1000,1000,1000,1000,0,0,0,0
1785433373.719263,A1500_B1000,1,1500,1000,0.5,0.0,95668502,1000,1000,1000,1000,0,0,0,0
1785433373.7402618,A1500_B1000,1,1500,1000,0.5,0.0,95689507,1000,1000,1000,1000,0,0,0,0
1785433373.7638783,A1500_B1000,1,1500,1000,0.5,0.0,95711924,1000,1000,1000,1000,0,0,0,0
1785433373.7792811,A1500_B1000,1,1500,1000,0.5,0.0,95729944,1000,1000,1000,1000,0,0,0,0
1785433373.8002791,A1500_B1000,1,1500,1000,0.5,0.0,95749362,1000,1000,1000,1000,0,0,0,0
1785433373.819937,A1500_B1000,1,1500,1000,0.5,0.0,95771822,1000,1000,1000,1000,0,0,0,0
1785433373.8403175,A1500_B1000,1,1500,1000,0.5,0.0,95791285,1000,1000,1000,1000,0,0,0,0
1785433373.8659382,A1500_B1000,1,1500,1000,0.5,0.0,95812335,1000,1000,1000,1000,0,0,0,0
1785433373.8792439,A1500_B1000,1,1500,1000,0.5,0.0,95828726,1000,1000,1000,1000,0,0,0,0
1785433373.900314,A1500_B1000,1,1500,1000,0.5,0.0,95851184,1000,1000,1000,1000,0,0,0,0
1785433373.9199219,A1500_B1000,1,1500,1000,0.5,0.0,95872193,1000,1000,1000,1000,0,0,0,0
1785433373.9392548,A1500_B1000,1,1500,1000,0.5,0.0,95888625,1000,1000,1000,1000,0,0,0,0
1785433373.9629989,A1500_B1100,1,1500,1100,0.5,0.1,95911081,1000,1000,1000,1000,0,0,0,0
1785433373.979973,A1500_B1100,1,1500,1100,0.5,0.1,95932096,1000,1000,1000,1000,0,0,0,0
1785433373.999298,A1500_B1100,1,1500,1100,0.5,0.1,95948523,1000,1000,1000,1000,0,0,0,0
1785433374.02074,A1500_B1100,1,1500,1100,0.5,0.1,95970980,1000,1000,1000,1000,0,0,0,0
1785433374.039943,A1500_B1100,1,1500,1100,0.5,0.1,95991993,1000,1000,1000,1000,0,0,0,0
1785433374.066123,A1500_B1100,1,1500,1100,0.5,0.1,96011409,1000,1000,1000,1000,0,0,0,0
1785433374.0803654,A1500_B1100,1,1500,1100,0.5,0.1,96029452,1000,1000,1000,1000,0,0,0,0
1785433374.0998974,A1500_B1100,1,1500,1100,0.5,0.1,96051881,1000,1000,1000,1000,0,0,0,0
1785433374.1192632,A1500_B1100,1,1500,1100,0.5,0.1,96069808,1000,1000,1000,1000,0,0,0,0
1785433374.1403637,A1500_B1100,1,1500,1100,0.5,0.1,96089321,1000,1000,1000,1000,0,0,0,0
1785433374.16422,A1500_B1100,1,1500,1100,0.5,0.1,96108802,1000,1000,1000,1000,0,0,0,0
1785433374.1793253,A1500_B1100,1,1500,1100,0.5,0.1,96129748,1000,1000,1000,1000,0,0,0,0
1785433374.201619,A1500_B1100,1,1500,1100,0.5,0.1,96152171,1000,1000,1000,1000,0,0,0,0
1785433374.2192652,A1500_B1100,1,1500,1100,0.5,0.1,96168632,1000,1000,1000,1000,0,0,0,0
1785433374.2407439,A1500_B1100,1,1500,1100,0.5,0.1,96191100,1000,1000,1000,1000,0,0,0,0
1785433374.2645,A1500_B1100,1,1500,1100,0.5,0.1,96209110,1000,1000,1000,1000,0,0,0,0
1785433374.2810583,A1500_B1100,1,1500,1100,0.5,0.1,96231574,1000,1000,1000,1000,0,0,0,0
1785433374.3000157,A1500_B1100,1,1500,1100,0.5,0.1,96250995,1000,1000,1000,1000,0,0,0,0
1785433374.3213618,A1500_B1100,1,1500,1100,0.5,0.1,96271960,1000,1000,1000,1000,0,0,0,0
1785433374.33927,A1500_B1100,1,1500,1100,0.5,0.1,96289924,1000,1000,1000,1000,0,0,0,0
1785433374.3627274,A1500_B1100,1,1500,1100,0.5,0.1,96309393,1000,1000,1000,1000,0,0,0,0
1785433374.3799207,A1500_B1100,1,1500,1100,0.5,0.1,96331858,1000,1000,1000,1000,0,0,0,0
1785433374.3992858,A1500_B1100,1,1500,1100,0.5,0.1,96349823,1000,1000,1000,1000,0,0,0,0
1785433374.4206254,A1500_B1100,1,1500,1100,0.5,0.1,96369323,1000,1000,1000,1000,0,0,0,0
1785433374.439985,A1500_B1100,1,1500,1100,0.5,0.1,96391746,1000,1000,1000,1000,0,0,0,0
1785433374.4644766,A1500_B1100,1,1500,1100,0.5,0.1,96411263,1000,1000,1000,1000,0,0,0,0
1785433374.4799767,A1500_B1100,1,1500,1100,0.5,0.1,96432176,1000,1000,1000,1000,0,0,0,0
1785433374.499586,A1500_B1100,1,1500,1100,0.5,0.1,96448692,1000,1000,1000,1000,0,0,0,0
1785433374.520278,A1500_B1100,1,1500,1100,0.5,0.1,96471152,1000,1000,1000,1000,0,0,0,0
1785433374.5400796,A1500_B1100,1,1500,1100,0.5,0.1,96489079,1000,1000,1000,1000,0,0,0,0
1785433374.562783,A1500_B1100,1,1500,1100,0.5,0.1,96507050,1000,1000,1000,1000,0,0,0,0
1785433374.5804012,A1500_B1100,1,1500,1100,0.5,0.1,96532500,1000,1000,1000,1000,0,0,0,0
1785433374.5993288,A1500_B1100,1,1500,1100,0.5,0.1,96550471,1000,1000,1000,1000,0,0,0,0
1785433374.6202726,A1500_B1100,1,1500,1100,0.5,0.1,96569937,1000,1000,1000,1000,0,0,0,0
1785433374.6399732,A1500_B1100,1,1500,1100,0.5,0.1,96592399,1000,1000,1000,1000,0,0,0,0
1785433374.6651728,A1500_B1100,1,1500,1100,0.5,0.1,96610364,1000,1000,1000,1000,0,0,0,0
1785433374.6792963,A1500_B1100,1,1500,1100,0.5,0.1,96629836,1000,1000,1000,1000,0,0,0,0
1785433374.7005847,A1500_B1100,1,1500,1100,0.5,0.1,96650840,1000,1000,1000,1000,0,0,0,0
1785433374.719928,A1500_B1100,1,1500,1100,0.5,0.1,96670277,1000,1000,1000,1000,0,0,0,0
1785433374.7403579,A1500_B1100,1,1500,1100,0.5,0.1,96691236,1000,1000,1000,1000,0,0,0,0
1785433374.763709,A1500_B1100,1,1500,1100,0.5,0.1,96710735,1000,1000,1000,1000,0,0,0,0
1785433374.77927,A1500_B1100,1,1500,1100,0.5,0.1,96730160,1000,1000,1000,1000,0,0,0,0
1785433374.8003013,A1500_B1100,1,1500,1100,0.5,0.1,96751126,1000,1000,1000,1000,0,0,0,0
1785433374.8194048,A1500_B1100,1,1500,1100,0.5,0.1,96767592,1000,1000,1000,1000,0,0,0,0
1785433374.839284,A1500_B1100,1,1500,1100,0.5,0.1,96790054,1000,1000,1000,1000,0,0,0,0
1785433374.8651078,A1500_B1100,1,1500,1100,0.5,0.1,96811022,1000,1000,1000,1000,0,0,0,0
1785433374.879965,A1500_B1100,1,1500,1100,0.5,0.1,96830529,1000,1000,1000,1000,0,0,0,0
1785433374.899304,A1500_B1100,1,1500,1100,0.5,0.1,96850005,1000,1000,1000,1000,0,0,0,0
1785433374.9204226,A1500_B1100,1,1500,1100,0.5,0.1,96870941,1000,1000,1000,1000,0,0,0,0
1785433374.9400275,A1500_B1100,1,1500,1100,0.5,0.1,96890428,1000,1000,1000,1000,0,0,0,0
1785433374.9642696,A1500_B1100,1,1500,1100,0.5,0.1,96909849,1000,1000,1000,1000,0,0,0,0
1785433374.980366,A1500_B1100,1,1500,1100,0.5,0.1,96930813,1000,1000,1000,1000,0,0,0,0
1785433374.999926,A1500_B1100,1,1500,1100,0.5,0.1,96950325,1000,1000,1000,1000,0,0,0,0
1785433375.0193024,A1500_B1100,1,1500,1100,0.5,0.1,96968246,1000,1000,1000,1000,0,0,0,0
1785433375.040283,A1500_B1100,1,1500,1100,0.5,0.1,96990709,1000,1000,1000,1000,0,0,0,0
1785433375.0640142,A1500_B1100,1,1500,1100,0.5,0.1,97013170,1000,1000,1000,1000,0,0,0,0
1785433375.0802739,A1500_B1100,1,1500,1100,0.5,0.1,97031138,1000,1000,1000,1000,0,0,0,0
1785433375.099973,A1500_B1100,1,1500,1100,0.5,0.1,97050705,1000,1000,1000,1000,0,0,0,0
1785433375.119296,A1500_B1100,1,1500,1100,0.5,0.1,97070115,1000,1000,1000,1000,0,0,0,0
1785433375.140276,A1500_B1100,1,1500,1100,0.5,0.1,97091036,1000,1000,1000,1000,0,0,0,0
1785433375.1643553,A1500_B1100,1,1500,1100,0.5,0.1,97110502,1000,1000,1000,1000,0,0,0,0
1785433375.1803384,A1500_B1100,1,1500,1100,0.5,0.1,97130010,1000,1000,1000,1000,0,0,0,0
1785433375.200649,A1500_B1100,1,1500,1100,0.5,0.1,97152471,1000,1000,1000,1000,0,0,0,0
1785433375.2193584,A1500_B1100,1,1500,1100,0.5,0.1,97170394,1000,1000,1000,1000,0,0,0,0
1785433375.2403831,A1500_B1100,1,1500,1100,0.5,0.1,97189903,1000,1000,1000,1000,0,0,0,0
1785433375.263956,A1500_B1100,1,1500,1100,0.5,0.1,97212370,1000,1000,1000,1000,0,0,0,0
1785433375.2819598,A1500_B1100,1,1500,1100,0.5,0.1,97233290,1000,1000,1000,1000,0,0,0,0
1785433375.2992957,A1500_B1100,1,1500,1100,0.5,0.1,97249804,1000,1000,1000,1000,0,0,0,0
1785433375.3202968,A1500_B1100,1,1500,1100,0.5,0.1,97270719,1000,1000,1000,1000,0,0,0,0
1785433375.3403103,A1500_B1100,1,1500,1100,0.5,0.1,97290190,1000,1000,1000,1000,0,0,0,0
1785433375.3644772,A1500_B1100,1,1500,1100,0.5,0.1,97308179,1000,1000,1000,1000,0,0,0,0
1785433375.3806252,A1500_B1100,1,1500,1100,0.5,0.1,97330614,1000,1000,1000,1000,0,0,0,0
1785433375.3997014,A1500_B1100,1,1500,1100,0.5,0.1,97350088,1000,1000,1000,1000,0,0,0,0
1785433375.4203155,A1500_B1100,1,1500,1100,0.5,0.1,97371049,1000,1000,1000,1000,0,0,0,0
1785433375.4399405,A1500_B1100,1,1500,1100,0.5,0.1,97390563,1000,1000,1000,1000,0,0,0,0
1785433375.4644368,A1500_B1100,1,1500,1100,0.5,0.1,97409984,1000,1000,1000,1000,0,0,0,0
1785433375.4799712,A1500_B1100,1,1500,1100,0.5,0.1,97432439,1000,1000,1000,1000,0,0,0,0
1785433375.500382,A1500_B1100,1,1500,1100,0.5,0.1,97450411,1000,1000,1000,1000,0,0,0,0
1785433375.520087,A1500_B1100,1,1500,1100,0.5,0.1,97472866,1000,1000,1000,1000,0,0,0,0
1785433375.539517,A1500_B1100,1,1500,1100,0.5,0.1,97490842,1000,1000,1000,1000,0,0,0,0
1785433375.5637531,A1500_B1100,1,1500,1100,0.5,0.1,97510308,1000,1000,1000,1000,0,0,0,0
1785433375.5793734,A1500_B1100,1,1500,1100,0.5,0.1,97529771,1000,1000,1000,1000,0,0,0,0
1785433375.6003442,A1500_B1100,1,1500,1100,0.5,0.1,97549387,1000,1000,1000,1000,0,0,0,0
1785433375.6199684,A1500_B1100,1,1500,1100,0.5,0.1,97571745,1000,1000,1000,1000,0,0,0,0
1785433375.6403146,A1500_B1100,1,1500,1100,0.5,0.1,97591210,1000,1000,1000,1000,0,0,0,0
1785433375.6640165,A1500_B1100,1,1500,1100,0.5,0.1,97612138,1000,1000,1000,1000,0,0,0,0
1785433375.6793265,A1500_B1100,1,1500,1100,0.5,0.1,97628600,1000,1000,1000,1000,0,0,0,0
1785433375.700524,A1500_B1100,1,1500,1100,0.5,0.1,97651055,1000,1000,1000,1000,0,0,0,0
1785433375.7200062,A1500_B1100,1,1500,1100,0.5,0.1,97672025,1000,1000,1000,1000,0,0,0,0
1785433375.7393246,A1500_B1100,1,1500,1100,0.5,0.1,97688492,1000,1000,1000,1000,0,0,0,0
1785433375.7628665,A1500_B1100,1,1500,1100,0.5,0.1,97709463,1000,1000,1000,1000,0,0,0,0
1785433375.7800481,A1500_B1100,1,1500,1100,0.5,0.1,97731919,1000,1000,1000,1000,0,0,0,0
1785433375.8014028,A1500_B1100,1,1500,1100,0.5,0.1,97751433,1000,1000,1000,1000,0,0,0,0
1785433375.8193228,A1500_B1100,1,1500,1100,0.5,0.1,97769357,1000,1000,1000,1000,0,0,0,0
1785433375.841531,A1500_B1100,1,1500,1100,0.5,0.1,97791894,1000,1000,1000,1000,0,0,0,0
1785433375.866483,A1500_B1100,1,1500,1100,0.5,0.1,97811333,1000,1000,1000,1000,0,0,0,0
1785433375.8799517,A1500_B1100,1,1500,1100,0.5,0.1,97832245,1000,1000,1000,1000,0,0,0,0
1785433375.9003603,A1500_B1100,1,1500,1100,0.5,0.1,97851710,1000,1000,1000,1000,0,0,0,0
1785433375.9195054,A1500_B1100,1,1500,1100,0.5,0.1,97871235,1000,1000,1000,1000,0,0,0,0
1785433375.9402363,A1500_B1100,1,1500,1100,0.5,0.1,97892142,1000,1000,1000,1000,0,0,0,0
1785433375.9643047,A1500_B1100,1,1500,1100,0.5,0.1,97908660,1000,1000,1000,1000,0,0,0,0
1785433375.9803243,A1500_B1100,1,1500,1100,0.5,0.1,97931120,1000,1000,1000,1000,0,0,0,0
1785433375.9999735,A1500_B1100,1,1500,1100,0.5,0.1,97952079,1000,1000,1000,1000,0,0,0,0
1785433376.0195217,A1500_B1100,1,1500,1100,0.5,0.1,97968555,1000,1000,1000,1000,0,0,0,0
1785433376.040305,A1500_B1100,1,1500,1100,0.5,0.1,97991017,1000,1000,1000,1000,0,0,0,0
1785433376.0639625,A1500_B1100,1,1500,1100,0.5,0.1,98011939,1000,1000,1000,1000,0,0,0,0
1785433376.0799565,A1500_B1100,1,1500,1100,0.5,0.1,98031403,1000,1000,1000,1000,0,0,0,0
1785433376.1003082,A1500_B1100,1,1500,1100,0.5,0.1,98049367,1000,1000,1000,1000,0,0,0,0
1785433376.119981,A1500_B1100,1,1500,1100,0.5,0.1,98071826,1000,1000,1000,1000,0,0,0,0
1785433376.1399052,A1500_B1100,1,1500,1100,0.5,0.1,98091297,1000,1000,1000,1000,0,0,0,0
1785433376.1643872,A1500_B1100,1,1500,1100,0.5,0.1,98113757,1000,1000,1000,1000,0,0,0,0
1785433376.181321,A1500_B1100,1,1500,1100,0.5,0.1,98131724,1000,1000,1000,1000,0,0,0,0
1785433376.199386,A1500_B1100,1,1500,1100,0.5,0.1,98149697,1000,1000,1000,1000,0,0,0,0
1785433376.2205203,A1500_B1100,1,1500,1100,0.5,0.1,98169162,1000,1000,1000,1000,0,0,0,0
1785433376.2401862,A1500_B1100,1,1500,1100,0.5,0.1,98191621,1000,1000,1000,1000,0,0,0,0
1785433376.2631063,A1500_B1100,1,1500,1100,0.5,0.1,98211088,1000,1000,1000,1000,0,0,0,0
1785433376.279965,A1500_B1100,1,1500,1100,0.5,0.1,98232051,1000,1000,1000,1000,0,0,0,0
1785433376.3003123,A1500_B1100,1,1500,1100,0.5,0.1,98251519,1000,1000,1000,1000,0,0,0,0
1785433376.3206894,A1500_B1100,1,1500,1100,0.5,0.1,98270986,1000,1000,1000,1000,0,0,0,0
1785433376.339369,A1500_B1100,1,1500,1100,0.5,0.1,98288955,1000,1000,1000,1000,0,0,0,0
1785433376.3637497,A1500_B1100,1,1500,1100,0.5,0.1,98311483,1000,1000,1000,1000,0,0,0,0
1785433376.3806624,A1500_B1100,1,1500,1100,0.5,0.1,98332405,1000,1000,1000,1000,0,0,0,0
1785433376.3993118,A1500_B1100,1,1500,1100,0.5,0.1,98348847,1000,1000,1000,1000,0,0,0,0
1785433376.4203131,A1500_B1100,1,1500,1100,0.5,0.1,98371308,1000,1000,1000,1000,0,0,0,0
1785433376.4399776,A1500_B1100,1,1500,1100,0.5,0.1,98392277,1000,1000,1000,1000,0,0,0,0
1785433376.4651082,A1500_B1100,1,1500,1100,0.5,0.1,98408745,1000,1000,1000,1000,0,0,0,0
1785433376.4803746,A1500_B1100,1,1500,1100,0.5,0.1,98431203,1000,1000,1000,1000,0,0,0,0
1785433376.5002625,A1500_B1100,1,1500,1100,0.5,0.1,98449176,1000,1000,1000,1000,0,0,0,0
1785433376.51968,A1500_B1100,1,1500,1100,0.5,0.1,98468643,1000,1000,1000,1000,0,0,0,0
1785433376.540349,A1500_B1100,1,1500,1100,0.5,0.1,98491098,1000,1000,1000,1000,0,0,0,0
1785433376.5637684,A1500_B1100,1,1500,1100,0.5,0.1,98512076,1000,1000,1000,1000,0,0,0,0
1785433376.5793357,A1500_B1100,1,1500,1100,0.5,0.1,98530082,1000,1000,1000,1000,0,0,0,0
1785433376.6001399,A1500_B1100,1,1500,1100,0.5,0.1,98552538,1000,1000,1000,1000,0,0,0,0
1785433376.620305,A1500_B1100,1,1500,1100,0.5,0.1,98570460,1000,1000,1000,1000,0,0,0,0
1785433376.6402621,A1500_B1100,1,1500,1100,0.5,0.1,98589983,1000,1000,1000,1000,0,0,0,0
1785433376.6662245,A1500_B1100,1,1500,1100,0.5,0.1,98612443,1000,1000,1000,1000,0,0,0,0
1785433376.6799946,A1500_B1100,1,1500,1100,0.5,0.1,98630364,1000,1000,1000,1000,0,0,0,0
1785433376.6993504,A1500_B1100,1,1500,1100,0.5,0.1,98649875,1000,1000,1000,1000,0,0,0,0
1785433376.7195594,A1500_B1100,1,1500,1100,0.5,0.1,98670795,1000,1000,1000,1000,0,0,0,0
1785433376.7393935,A1500_B1100,1,1500,1100,0.5,0.1,98690257,1000,1000,1000,1000,0,0,0,0
1785433376.7629166,A1500_B1100,1,1500,1100,0.5,0.1,98711220,1000,1000,1000,1000,0,0,0,0
1785433376.780148,A1500_B1100,1,1500,1100,0.5,0.1,98730687,1000,1000,1000,1000,0,0,0,0
1785433376.79933,A1500_B1100,1,1500,1100,0.5,0.1,98750153,1000,1000,1000,1000,0,0,0,0
1785433376.8203485,A1500_B1100,1,1500,1100,0.5,0.1,98771114,1000,1000,1000,1000,0,0,0,0
1785433376.8399825,A1500_B1100,1,1500,1100,0.5,0.1,98790580,1000,1000,1000,1000,0,0,0,0
1785433376.8669379,A1500_B1100,1,1500,1100,0.5,0.1,98810120,1000,1000,1000,1000,0,0,0,0
1785433376.8799853,A1500_B1100,1,1500,1100,0.5,0.1,98832508,1000,1000,1000,1000,0,0,0,0
1785433376.900463,A1500_B1100,1,1500,1100,0.5,0.1,98850476,1000,1000,1000,1000,0,0,0,0
1785433376.920061,A1500_B1100,1,1500,1100,0.5,0.1,98869943,1000,1000,1000,1000,0,0,0,0
1785433376.9404354,A1500_B1100,1,1500,1100,0.5,0.1,98890934,1000,1000,1000,1000,0,0,0,0
1785433376.9639082,A1500_B1100,1,1500,1100,0.5,0.1,98910372,1000,1000,1000,1000,0,0,0,0
1785433376.979346,A1500_B1100,1,1500,1100,0.5,0.1,98929840,1000,1000,1000,1000,0,0,0,0
1785433377.0003495,A1500_B1100,1,1500,1100,0.5,0.1,98950804,1000,1000,1000,1000,0,0,0,0
1785433377.0200806,A1500_B1100,1,1500,1100,0.5,0.1,98970275,1000,1000,1000,1000,0,0,0,0
1785433377.0407717,A1500_B1100,1,1500,1100,0.5,0.1,98991237,1000,1000,1000,1000,0,0,0,0
1785433377.0641522,A1500_B1100,1,1500,1100,0.5,0.1,99010705,1000,1000,1000,1000,0,0,0,0
1785433377.0803924,A1500_B1100,1,1500,1100,0.5,0.1,99030163,1000,1000,1000,1000,0,0,0,0
1785433377.099334,A1500_B1100,1,1500,1100,0.5,0.1,99048133,1000,1000,1000,1000,0,0,0,0
1785433377.1206174,A1500_B1100,1,1500,1100,0.5,0.1,99070594,1000,1000,1000,1000,0,0,0,0
1785433377.1402638,A1500_B1100,1,1500,1100,0.5,0.1,99093060,1000,1000,1000,1000,0,0,0,0
1785433377.1645288,A1500_B1100,1,1500,1100,0.5,0.1,99111033,1000,1000,1000,1000,0,0,0,0
1785433377.180422,A1500_B1100,1,1500,1100,0.5,0.1,99130490,1000,1000,1000,1000,0,0,0,0
1785433377.1993582,A1500_B1100,1,1500,1100,0.5,0.1,99149960,1000,1000,1000,1000,0,0,0,0
1785433377.2204285,A1500_B1100,1,1500,1100,0.5,0.1,99170921,1000,1000,1000,1000,0,0,0,0
1785433377.2408223,A1500_B1100,1,1500,1100,0.5,0.1,99193380,1000,1000,1000,1000,0,0,0,0
1785433377.264565,A1500_B1100,1,1500,1100,0.5,0.1,99209884,1000,1000,1000,1000,0,0,0,0
1785433377.2803633,A1500_B1100,1,1500,1100,0.5,0.1,99230818,1000,1000,1000,1000,0,0,0,0
1785433377.3007078,A1500_B1100,1,1500,1100,0.5,0.1,99253368,1000,1000,1000,1000,0,0,0,0
1785433377.3194308,A1500_B1100,1,1500,1100,0.5,0.1,99268254,1000,1000,1000,1000,0,0,0,0
1785433377.3400133,A1500_B1100,1,1500,1100,0.5,0.1,99290719,1000,1000,1000,1000,0,0,0,0
1785433377.362816,A1500_B1100,1,1500,1100,0.5,0.1,99310181,1000,1000,1000,1000,0,0,0,0
1785433377.3808837,A1500_B1100,1,1500,1100,0.5,0.1,99332642,1000,1000,1000,1000,0,0,0,0
1785433377.4000201,A1500_B1100,1,1500,1100,0.5,0.1,99350638,1000,1000,1000,1000,0,0,0,0
1785433377.4193563,A1500_B1100,1,1500,1100,0.5,0.1,99370080,1000,1000,1000,1000,0,0,0,0
1785433377.440806,A1500_B1100,1,1500,1100,0.5,0.1,99391089,1000,1000,1000,1000,0,0,0,0
1785433377.4640636,A1500_B1100,1,1500,1100,0.5,0.1,99410508,1000,1000,1000,1000,0,0,0,0
1785433377.479491,A1500_B1100,1,1500,1100,0.5,0.1,99429976,1000,1000,1000,1000,0,0,0,0
1785433377.5003743,A1500_B1100,1,1500,1100,0.5,0.1,99450985,1000,1000,1000,1000,0,0,0,0
1785433377.5195308,A1500_B1100,1,1500,1100,0.5,0.1,99470410,1000,1000,1000,1000,0,0,0,0
1785433377.5396862,A1500_B1100,1,1500,1100,0.5,0.1,99489869,1000,1000,1000,1000,0,0,0,0
1785433377.562894,A1500_B1100,1,1500,1100,0.5,0.1,99510880,1000,1000,1000,1000,0,0,0,0
1785433377.5800927,A1500_B1100,1,1500,1100,0.5,0.1,99531834,1000,1000,1000,1000,0,0,0,0
1785433377.599571,A1500_B1100,1,1500,1100,0.5,0.1,99549768,1000,1000,1000,1000,0,0,0,0
1785433377.6217854,A1500_B1100,1,1500,1100,0.5,0.1,99572261,1000,1000,1000,1000,0,0,0,0
1785433377.6399007,A1500_B1100,1,1500,1100,0.5,0.1,99588694,1000,1000,1000,1000,0,0,0,0
1785433377.6631055,A1500_B1100,1,1500,1100,0.5,0.1,99611156,1000,1000,1000,1000,0,0,0,0
1785433377.680038,A1500_B1100,1,1500,1100,0.5,0.1,99632127,1000,1000,1000,1000,0,0,0,0
1785433377.7001593,A1500_B1100,1,1500,1100,0.5,0.1,99651590,1000,1000,1000,1000,0,0,0,0
1785433377.7206955,A1500_B1100,1,1500,1100,0.5,0.1,99671056,1000,1000,1000,1000,0,0,0,0
1785433377.74011,A1500_B1100,1,1500,1100,0.5,0.1,99692018,1000,1000,1000,1000,0,0,0,0
1785433377.7645948,A1500_B1100,1,1500,1100,0.5,0.1,99709994,1000,1000,1000,1000,0,0,0,0
1785433377.7804635,A1500_B1100,1,1500,1100,0.5,0.1,99729449,1000,1000,1000,1000,0,0,0,0
1785433377.8000205,A1500_B1100,1,1500,1100,0.5,0.1,99751918,1000,1000,1000,1000,0,0,0,0
1785433377.8193753,A1500_B1100,1,1500,1100,0.5,0.1,99769886,1000,1000,1000,1000,0,0,0,0
1785433377.8393788,A1500_B1100,1,1500,1100,0.5,0.1,99789349,1000,1000,1000,1000,0,0,0,0
1785433377.8666046,A1500_B1100,1,1500,1100,0.5,0.1,99808812,1000,1000,1000,1000,0,0,0,0
1785433377.880377,A1500_B1100,1,1500,1100,0.5,0.1,99831278,1000,1000,1000,1000,0,0,0,0
1785433377.9004,A1500_B1100,1,1500,1100,0.5,0.1,99852236,1000,1000,1000,1000,0,0,0,0
1785433377.919766,A1500_B1100,1,1500,1100,0.5,0.1,99868712,1000,1000,1000,1000,0,0,0,0
1785433377.9403584,A1500_B1100,1,1500,1100,0.5,0.1,99891171,1000,1000,1000,1000,0,0,0,0
1785433377.9641573,A1500_B1200,1,1500,1200,0.5,0.2,99912136,1000,1000,1000,1000,0,0,0,0
1785433377.979365,A1500_B1200,1,1500,1200,0.5,0.2,99928609,1000,1000,1000,1000,0,0,0,0
1785433378.0004516,A1500_B1200,1,1500,1200,0.5,0.2,99951068,1000,1000,1000,1000,0,0,0,0
1785433378.0200171,A1500_B1200,1,1500,1200,0.5,0.2,99972032,1000,1000,1000,1000,0,0,0,0
1785433378.0396075,A1500_B1200,1,1500,1200,0.5,0.2,99988540,1000,1000,1000,1000,0,0,0,0
1785433378.0630543,A1500_B1200,1,1500,1200,0.5,0.2,100009471,1000,1000,1000,1000,0,0,0,0
1785433378.080491,A1500_B1200,1,1500,1200,0.5,0.2,100031967,1000,1000,1000,1000,0,0,0,0
1785433378.100353,A1500_B1200,1,1500,1200,0.5,0.2,100051400,1000,1000,1000,1000,0,0,0,0
1785433378.1199021,A1500_B1200,1,1500,1200,0.5,0.2,100069363,1000,1000,1000,1000,0,0,0,0
1785433378.1403654,A1500_B1200,1,1500,1200,0.5,0.2,100091829,1000,1000,1000,1000,0,0,0,0
1785433378.1638663,A1500_B1200,1,1500,1200,0.5,0.2,100111293,1000,1000,1000,1000,0,0,0,0
1785433378.1804595,A1500_B1200,1,1500,1200,0.5,0.2,100129267,1000,1000,1000,1000,0,0,0,0
1785433378.199245,A1500_B1200,1,1500,1200,0.5,0.2,100148740,1000,1000,1000,1000,0,0,0,0
1785433378.2193944,A1500_B1200,1,1500,1200,0.5,0.2,100169736,1000,1000,1000,1000,0,0,0,0
1785433378.2403874,A1500_B1200,1,1500,1200,0.5,0.2,100189164,1000,1000,1000,1000,0,0,0,0
1785433378.2640467,A1500_B1200,1,1500,1200,0.5,0.2,100211613,1000,1000,1000,1000,0,0,0,0
1785433378.2794955,A1500_B1200,1,1500,1200,0.5,0.2,100229630,1000,1000,1000,1000,0,0,0,0
1785433378.300061,A1500_B1200,1,1500,1200,0.5,0.2,100252090,1000,1000,1000,1000,0,0,0,0
1785433378.319398,A1500_B1200,1,1500,1200,0.5,0.2,100270012,1000,1000,1000,1000,0,0,0,0
1785433378.3403976,A1500_B1200,1,1500,1200,0.5,0.2,100289529,1000,1000,1000,1000,0,0,0,0
1785433378.3638797,A1500_B1200,1,1500,1200,0.5,0.2,100311992,1000,1000,1000,1000,0,0,0,0
1785433378.3795707,A1500_B1200,1,1500,1200,0.5,0.2,100329908,1000,1000,1000,1000,0,0,0,0
1785433378.4004314,A1500_B1200,1,1500,1200,0.5,0.2,100349423,1000,1000,1000,1000,0,0,0,0
1785433378.4200556,A1500_B1200,1,1500,1200,0.5,0.2,100371883,1000,1000,1000,1000,0,0,0,0
1785433378.4395711,A1500_B1200,1,1500,1200,0.5,0.2,100391303,1000,1000,1000,1000,0,0,0,0
1785433378.4640558,A1500_B1200,1,1500,1200,0.5,0.2,100412269,1000,1000,1000,1000,0,0,0,0
1785433378.480424,A1500_B1200,1,1500,1200,0.5,0.2,100431781,1000,1000,1000,1000,0,0,0,0
1785433378.4994125,A1500_B1200,1,1500,1200,0.5,0.2,100449705,1000,1000,1000,1000,0,0,0,0
1785433378.5204105,A1500_B1200,1,1500,1200,0.5,0.2,100469216,1000,1000,1000,1000,0,0,0,0
1785433378.5400503,A1500_B1200,1,1500,1200,0.5,0.2,100491686,1000,1000,1000,1000,0,0,0,0
1785433378.564405,A1500_B1200,1,1500,1200,0.5,0.2,100509596,1000,1000,1000,1000,0,0,0,0
1785433378.5801492,A1500_B1200,1,1500,1200,0.5,0.2,100532056,1000,1000,1000,1000,0,0,0,0
1785433378.5994303,A1500_B1200,1,1500,1200,0.5,0.2,100550028,1000,1000,1000,1000,0,0,0,0
1785433378.6208057,A1500_B1200,1,1500,1200,0.5,0.2,100570997,1000,1000,1000,1000,0,0,0,0
1785433378.6400907,A1500_B1200,1,1500,1200,0.5,0.2,100590483,1000,1000,1000,1000,0,0,0,0
1785433378.6650982,A1500_B1200,1,1500,1200,0.5,0.2,100609922,1000,1000,1000,1000,0,0,0,0
1785433378.6804194,A1500_B1200,1,1500,1200,0.5,0.2,100630890,1000,1000,1000,1000,0,0,0,0
1785433378.700048,A1500_B1200,1,1500,1200,0.5,0.2,100650359,1000,1000,1000,1000,0,0,0,0
1785433378.7199907,A1500_B1200,1,1500,1200,0.5,0.2,100669821,1000,1000,1000,1000,0,0,0,0
1785433378.740517,A1500_B1200,1,1500,1200,0.5,0.2,100690820,1000,1000,1000,1000,0,0,0,0
1785433378.7657347,A1500_B1200,1,1500,1200,0.5,0.2,100710256,1000,1000,1000,1000,0,0,0,0
1785433378.7801359,A1500_B1200,1,1500,1200,0.5,0.2,100728225,1000,1000,1000,1000,0,0,0,0
1785433378.8004045,A1500_B1200,1,1500,1200,0.5,0.2,100750683,1000,1000,1000,1000,0,0,0,0
1785433378.8213995,A1500_B1200,1,1500,1200,0.5,0.2,100773143,1000,1000,1000,1000,0,0,0,0
1785433378.840404,A1500_B1200,1,1500,1200,0.5,0.2,100791172,1000,1000,1000,1000,0,0,0,0
1785433378.86656,A1500_B1200,1,1500,1200,0.5,0.2,100810578,1000,1000,1000,1000,0,0,0,0
1785433378.8793974,A1500_B1200,1,1500,1200,0.5,0.2,100830046,1000,1000,1000,1000,0,0,0,0
1785433378.9004734,A1500_B1200,1,1500,1200,0.5,0.2,100851052,1000,1000,1000,1000,0,0,0,0
1785433378.920042,A1500_B1200,1,1500,1200,0.5,0.2,100870478,1000,1000,1000,1000,0,0,0,0
1785433378.9395301,A1500_B1200,1,1500,1200,0.5,0.2,100889940,1000,1000,1000,1000,0,0,0,0
1785433378.962913,A1500_B1200,1,1500,1200,0.5,0.2,100910951,1000,1000,1000,1000,0,0,0,0
1785433378.9800415,A1500_B1200,1,1500,1200,0.5,0.2,100930365,1000,1000,1000,1000,0,0,0,0
1785433378.9994762,A1500_B1200,1,1500,1200,0.5,0.2,100949846,1000,1000,1000,1000,0,0,0,0
1785433379.0205622,A1500_B1200,1,1500,1200,0.5,0.2,100970929,1000,1000,1000,1000,0,0,0,0
1785433379.0401282,A1500_B1200,1,1500,1200,0.5,0.2,100990264,1000,1000,1000,1000,0,0,0,0
1785433379.064629,A1500_B1200,1,1500,1200,0.5,0.2,101011234,1000,1000,1000,1000,0,0,0,0
1785433379.080048,A1500_B1200,1,1500,1200,0.5,0.2,101030744,1000,1000,1000,1000,0,0,0,0
1785433379.099405,A1500_B1200,1,1500,1200,0.5,0.2,101050159,1000,1000,1000,1000,0,0,0,0
1785433379.1204042,A1500_B1200,1,1500,1200,0.5,0.2,101071125,1000,1000,1000,1000,0,0,0,0
1785433379.1407053,A1500_B1200,1,1500,1200,0.5,0.2,101090635,1000,1000,1000,1000,0,0,0,0
1785433379.164704,A1500_B1200,1,1500,1200,0.5,0.2,101110065,1000,1000,1000,1000,0,0,0,0
1785433379.1804118,A1500_B1200,1,1500,1200,0.5,0.2,101131018,1000,1000,1000,1000,0,0,0,0
1785433379.2022567,A1500_B1200,1,1500,1200,0.5,0.2,101154982,1000,1000,1000,1000,0,0,0,0
1785433379.219403,A1500_B1200,1,1500,1200,0.5,0.2,101169959,1000,1000,1000,1000,0,0,0,0
1785433379.240507,A1500_B1200,1,1500,1200,0.5,0.2,101190913,1000,1000,1000,1000,0,0,0,0
1785433379.2640646,A1500_B1200,1,1500,1200,0.5,0.2,101210434,1000,1000,1000,1000,0,0,0,0
1785433379.2794635,A1500_B1200,1,1500,1200,0.5,0.2,101229851,1000,1000,1000,1000,0,0,0,0
1785433379.3004723,A1500_B1200,1,1500,1200,0.5,0.2,101250810,1000,1000,1000,1000,0,0,0,0
1785433379.3201156,A1500_B1200,1,1500,1200,0.5,0.2,101270324,1000,1000,1000,1000,0,0,0,0
1785433379.3399718,A1500_B1200,1,1500,1200,0.5,0.2,101289821,1000,1000,1000,1000,0,0,0,0
1785433379.3631299,A1500_B1200,1,1500,1200,0.5,0.2,101310752,1000,1000,1000,1000,0,0,0,0
1785433379.380389,A1500_B1200,1,1500,1200,0.5,0.2,101330219,1000,1000,1000,1000,0,0,0,0
1785433379.4010372,A1500_B1200,1,1500,1200,0.5,0.2,101352680,1000,1000,1000,1000,0,0,0,0
1785433379.4210594,A1500_B1200,1,1500,1200,0.5,0.2,101370609,1000,1000,1000,1000,0,0,0,0
1785433379.4394035,A1500_B1200,1,1500,1200,0.5,0.2,101390116,1000,1000,1000,1000,0,0,0,0
1785433379.4633582,A1500_B1200,1,1500,1200,0.5,0.2,101411039,1000,1000,1000,1000,0,0,0,0
1785433379.4802456,A1500_B1200,1,1500,1200,0.5,0.2,101430503,1000,1000,1000,1000,0,0,0,0
1785433379.4994385,A1500_B1200,1,1500,1200,0.5,0.2,101450010,1000,1000,1000,1000,0,0,0,0
1785433379.52042,A1500_B1200,1,1500,1200,0.5,0.2,101470931,1000,1000,1000,1000,0,0,0,0
1785433379.5401611,A1500_B1200,1,1500,1200,0.5,0.2,101490400,1000,1000,1000,1000,0,0,0,0
1785433379.5645552,A1500_B1200,1,1500,1200,0.5,0.2,101509910,1000,1000,1000,1000,0,0,0,0
1785433379.5801406,A1500_B1200,1,1500,1200,0.5,0.2,101532375,1000,1000,1000,1000,0,0,0,0
1785433379.599428,A1500_B1200,1,1500,1200,0.5,0.2,101548800,1000,1000,1000,1000,0,0,0,0
1785433379.6196134,A1500_B1200,1,1500,1200,0.5,0.2,101571253,1000,1000,1000,1000,0,0,0,0
1785433379.6400943,A1500_B1200,1,1500,1200,0.5,0.2,101592269,1000,1000,1000,1000,0,0,0,0
1785433379.6652358,A1500_B1200,1,1500,1200,0.5,0.2,101608712,1000,1000,1000,1000,0,0,0,0
1785433379.679667,A1500_B1200,1,1500,1200,0.5,0.2,101631152,1000,1000,1000,1000,0,0,0,0
1785433379.7001116,A1500_B1200,1,1500,1200,0.5,0.2,101652161,1000,1000,1000,1000,0,0,0,0
1785433379.719438,A1500_B1200,1,1500,1200,0.5,0.2,101668590,1000,1000,1000,1000,0,0,0,0
1785433379.7406845,A1500_B1200,1,1500,1200,0.5,0.2,101691052,1000,1000,1000,1000,0,0,0,0
1785433379.7640343,A1500_B1200,1,1500,1200,0.5,0.2,101712132,1000,1000,1000,1000,0,0,0,0
1785433379.7797537,A1500_B1200,1,1500,1200,0.5,0.2,101729986,1000,1000,1000,1000,0,0,0,0
1785433379.8004344,A1500_B1200,1,1500,1200,0.5,0.2,101749497,1000,1000,1000,1000,0,0,0,0
1785433379.8210833,A1500_B1200,1,1500,1200,0.5,0.2,101771958,1000,1000,1000,1000,0,0,0,0
1785433379.8410285,A1500_B1200,1,1500,1200,0.5,0.2,101791375,1000,1000,1000,1000,0,0,0,0
1785433379.8660395,A1500_B1200,1,1500,1200,0.5,0.2,101812345,1000,1000,1000,1000,0,0,0,0
1785433379.8795743,A1500_B1200,1,1500,1200,0.5,0.2,101828807,1000,1000,1000,1000,0,0,0,0
1785433379.9014199,A1500_B1200,1,1500,1200,0.5,0.2,101851269,1000,1000,1000,1000,0,0,0,0
1785433379.9210343,A1500_B1200,1,1500,1200,0.5,0.2,101872242,1000,1000,1000,1000,0,0,0,0
1785433379.9401534,A1500_B1200,1,1500,1200,0.5,0.2,101891750,1000,1000,1000,1000,0,0,0,0
1785433379.9646094,A1500_B1200,1,1500,1200,0.5,0.2,101911173,1000,1000,1000,1000,0,0,0,0
1785433379.9809673,A1500_B1200,1,1500,1200,0.5,0.2,101932138,1000,1000,1000,1000,0,0,0,0
