run,phase,a_us,b_us,n,thrust_N,thrust_std,torque_Nm,voltage_V,current_A
A1000_B1000-2000_2026-07-31_015904,A1000_B1000,1000,1000,151,0.009811099337748447,0.0839489518480181,0.0001612582781456712,11.939432432432433,0.0
A1000_B1000-2000_2026-07-31_015904,A1000_B1100,1000,1100,148,0.4223462702702704,0.09429808935860637,0.007289189189189165,11.929782312925171,0.00027210884353741496
A1000_B1000-2000_2026-07-31_015904,A1000_B1200,1000,1200,151,1.2501488476821192,0.08068991413357735,0.020220860927152296,11.902657718120807,0.24006711409395975
A1000_B1000-2000_2026-07-31_015904,A1000_B1300,1000,1300,151,2.095168715231788,0.161331108293545,0.03381026490066223,11.873113333333334,1.1627999999999998
A1000_B1000-2000_2026-07-31_015904,A1000_B1400,1000,1400,151,2.9194468609271524,0.08323155412009055,0.04745927152317878,11.824290540540542,2.2692567567567568
A1000_B1000-2000_2026-07-31_015904,A1000_B1500,1000,1500,151,3.8685461986754968,0.14147495544853808,0.061571854304635736,11.779140939597315,3.556442953020134
A1000_B1000-2000_2026-07-31_015904,A1000_B1600,1000,1600,148,4.884481405405405,0.11966630618368082,0.0789716216216216,11.708871621621622,5.1275
A1000_B1000-2000_2026-07-31_015904,A1000_B1700,1000,1700,151,6.257638913907285,0.09730450437488286,0.10231357615894038,11.611906666666668,7.5696
A1000_B1000-2000_2026-07-31_015904,A1000_B1800,1000,1800,151,7.95823494039735,0.4530556899340948,0.12305529801324501,11.486166666666666,10.832933333333333
A1000_B1000-2000_2026-07-31_015904,A1000_B1900,1000,1900,152,9.702832578947369,0.43449082415225637,0.15174473684210524,11.339167785234899,14.856510067114094
A1000_B1000-2000_2026-07-31_015904,A1000_B2000,1000,2000,149,11.282465261744967,0.32882072615910934,0.17666879194630872,11.179344594594594,19.002905405405404
A1100_B1000-2000_2026-07-31_021029,A1100_B1000,1100,1000,151,0.33728688741721796,0.3669348141617993,-0.007527284768211949,11.944973154362415,0.00087248322147651
A1100_B1000-2000_2026-07-31_021029,A1100_B1100,1100,1100,149,0.7292059060402679,0.3912272126897761,-0.0002642953020134515,11.930621621621622,0.005135135135135136
A1100_B1000-2000_2026-07-31_021029,A1100_B1200,1100,1200,151,1.4829027814569533,0.5570775132151825,0.012267417218543018,11.90912,0.6338
A1100_B1000-2000_2026-07-31_021029,A1100_B1300,1100,1300,151,2.350631258278145,0.40279198097712465,0.02537337748344368,11.872758389261744,1.576510067114094
A1100_B1000-2000_2026-07-31_021029,A1100_B1400,1100,1400,151,3.214578278145695,0.2513181531189131,0.03894291390728474,11.829445945945945,2.6770945945945943
A1100_B1000-2000_2026-07-31_021029,A1100_B1500,1100,1500,148,4.176826756756756,0.21306265721681997,0.05267054054054052,11.77566891891892,3.9698648648648645
A1100_B1000-2000_2026-07-31_021029,A1100_B1600,1100,1600,151,5.209253774834436,0.2322982972935569,0.06959192052980129,11.719553333333334,5.5388
A1100_B1000-2000_2026-07-31_021029,A1100_B1700,1100,1700,151,6.575260397350993,0.18971970373144714,0.09137999999999998,11.61710067114094,7.962885906040269
A1100_B1000-2000_2026-07-31_021029,A1100_B1800,1100,1800,151,8.237611390728475,0.2040926808491955,0.11632039735099335,11.488859060402683,11.252013422818791
A1100_B1000-2000_2026-07-31_021029,A1100_B1900,1100,1900,149,9.989548187919462,0.3675239501999045,0.14489677852348992,11.345398648648649,15.287094594594594
A1100_B1000-2000_2026-07-31_021029,A1100_B2000,1100,2000,151,11.561094834437085,0.2429323665774753,0.17222105960264897,11.18444,19.5334
A1200_B1000-2000_2026-07-31_021641,A1200_B1000,1200,1000,151,1.0131191125827816,0.306474017506979,-0.018938874172185448,11.837966216216216,0.14364864864864865
A1200_B1000-2000_2026-07-31_021641,A1200_B1100,1200,1100,148,1.3172954594594595,0.3264375949918026,-0.012465945945945961,11.816148648648648,0.4734459459459459
A1200_B1000-2000_2026-07-31_021641,A1200_B1200,1200,1200,151,2.021152225165563,0.3445273693003343,0.00046509933774833024,11.792106666666667,1.1736666666666666
A1200_B1000-2000_2026-07-31_021641,A1200_B1300,1200,1300,151,2.8403111655629143,0.349143287767622,0.013637284768211909,11.753489932885905,2.1035570469798657
A1200_B1000-2000_2026-07-31_021641,A1200_B1400,1200,1400,151,3.7186091788079474,0.377752377536219,0.025690264900662237,11.710709459459459,3.2041216216216215
A1200_B1000-2000_2026-07-31_021641,A1200_B1500,1200,1500,149,4.614992040268457,0.4482051055877483,0.041837382550335554,11.654979729729728,4.496824324324324
A1200_B1000-2000_2026-07-31_021641,A1200_B1600,1200,1600,151,5.640198582781458,0.38812455403429785,0.05821344370860926,11.581926666666666,6.097799999999999
A1200_B1000-2000_2026-07-31_021641,A1200_B1700,1200,1700,151,7.067595933774835,0.39661240804997633,0.07977635761589402,11.478261744966442,8.513422818791947
A1200_B1000-2000_2026-07-31_021641,A1200_B1800,1200,1800,151,8.653304543046358,0.4078778529994166,0.10547172185430462,11.354892617449664,11.749194630872482
A1200_B1000-2000_2026-07-31_021641,A1200_B1900,1200,1900,148,10.360241405405406,0.46876395421158273,0.13397324324324322,11.203662162162162,15.73635135135135
A1200_B1000-2000_2026-07-31_021641,A1200_B2000,1200,2000,151,11.979264807947022,0.360823874889079,0.16147834437086092,11.034326666666665,19.980733333333333
A1300_B1000-2000_2026-07-31_022512,A1300_B1000,1300,1000,151,1.8178854740849433,0.5750279347476078,-0.03214293267769103,11.870926174496644,1.1825503355704696
A1300_B1000-2000_2026-07-31_022512,A1300_B1100,1300,1100,151,2.1148192489193804,0.6842124753118056,-0.02449392605517447,11.85520945945946,1.5141891891891892
A1300_B1000-2000_2026-07-31_022512,A1300_B1200,1300,1200,148,2.7518646221071372,0.705419321727697,-0.012330689971408581,11.823721088435374,2.205986394557823
A1300_B1000-2000_2026-07-31_022512,A1300_B1300,1300,1300,151,3.519057659515407,0.7552407171580935,0.0013007759315805003,11.790413333333333,3.1413333333333333
A1300_B1000-2000_2026-07-31_022512,A1300_B1400,1300,1400,150,4.346020838323354,0.7860282478384604,0.012933093812375203,11.748993288590603,4.2344966442953025
A1300_B1000-2000_2026-07-31_022512,A1300_B1500,1300,1500,151,5.2151636197803075,0.8416444747963224,0.02853918652760699,11.694979729729729,5.533243243243243
A1300_B1000-2000_2026-07-31_022512,A1300_B1600,1300,1600,151,6.219150374747194,0.7704749503638622,0.04524779579913017,11.630310810810812,7.131621621621622
A1300_B1000-2000_2026-07-31_022512,A1300_B1700,1300,1700,149,7.627708355101878,0.5893946648789704,0.0683054428056638,11.532533783783784,9.581216216216216
A1300_B1000-2000_2026-07-31_022512,A1300_B1800,1300,1800,151,9.175435142959115,0.6128817977213542,0.09465839182562023,11.40814,12.824
A1300_B1000-2000_2026-07-31_022512,A1300_B1900,1300,1900,151,10.84712388468097,0.5975469582821998,0.12363852427595136,11.258288590604026,16.771409395973155
A1300_B1000-2000_2026-07-31_022512,A1300_B2000,1300,2000,152,12.342580838323354,0.5723780495257896,0.1498544096018489,11.100375838926174,20.80805369127517
A1400_B1000-2000_2026-07-31_023421,A1400_B1000,1400,1000,151,3.253984225165563,0.7477092315546036,-0.04888398675496692,11.829456375838927,2.335167785234899
A1400_B1000-2000_2026-07-31_023421,A1400_B1100,1400,1100,148,3.5340396216216217,0.7484594529937802,-0.041925243243243274,11.809885135135136,2.6458108108108105
A1400_B1000-2000_2026-07-31_023421,A1400_B1200,1400,1200,151,4.155911377483444,0.8640479544017283,-0.029678688741721884,11.7845,3.331733333333333
A1400_B1000-2000_2026-07-31_023421,A1400_B1300,1400,1300,151,5.006374953642384,0.8159424302434054,-0.016261470198675524,11.74676,4.2447333333333335
A1400_B1000-2000_2026-07-31_023421,A1400_B1400,1400,1400,151,5.705672966887418,0.896527347229093,-0.0028839867549669165,11.696228187919463,5.329261744966443
A1400_B1000-2000_2026-07-31_023421,A1400_B1500,1400,1500,151,6.598076940397352,0.9787609012880868,0.011996807947019838,11.647668918918919,6.6187162162162165
A1400_B1000-2000_2026-07-31_023421,A1400_B1600,1400,1600,151,7.631759059602649,0.8773937330625404,0.027976940397350963,11.58091216216216,8.17027027027027
A1400_B1000-2000_2026-07-31_023421,A1400_B1700,1400,1700,148,8.975140972972973,0.7977772738436661,0.05040583783783781,11.49169387755102,10.606054421768707
A1400_B1000-2000_2026-07-31_023421,A1400_B1800,1400,1800,151,10.507818662251657,0.9585128848361468,0.07951336423841057,11.367885906040268,13.888523489932885
A1400_B1000-2000_2026-07-31_023421,A1400_B1900,1400,1900,151,12.164553761589406,0.8383748508329602,0.10610276821192051,11.208677852348993,17.952818791946306
A1400_B1000-2000_2026-07-31_023421,A1400_B2000,1400,2000,151,13.712434556291392,0.9065809932973493,0.13597694039735098,11.055412162162161,22.114932432432433
A1500_B1000-2000_2026-07-31_024313,A1500_B1000,1500,1000,151,3.774813604578921,0.5678341877269684,-0.061168946874463025,11.877026845637584,3.706040268456376
A1500_B1000-2000_2026-07-31_024313,A1500_B1100,1500,1100,151,4.036548703916669,0.6458724209614385,-0.054102721708900126,11.84672972972973,4.019459459459459
A1500_B1000-2000_2026-07-31_024313,A1500_B1200,1500,1200,149,4.612900186204771,0.8338395748325405,-0.038979249554582145,11.818333333333333,4.709251700680272
A1500_B1000-2000_2026-07-31_024313,A1500_B1300,1500,1300,151,5.46760168404912,0.8872494569113734,-0.024566297867840512,11.769926174496645,5.566174496644296
A1500_B1000-2000_2026-07-31_024313,A1500_B1400,1500,1400,151,6.2200387701418345,0.5475936104879875,-0.007553052834727931,11.734436241610739,6.674228187919463
A1500_B1000-2000_2026-07-31_024313,A1500_B1500,1500,1500,151,7.073912942327265,0.5339249976936293,0.009029728622225711,11.684364864864865,7.936891891891892
A1500_B1000-2000_2026-07-31_024313,A1500_B1600,1500,1600,148,8.160228138317958,0.8704271679534528,0.017367521713330062,11.62939455782313,9.498095238095239
A1500_B1000-2000_2026-07-31_024313,A1500_B1700,1500,1700,151,9.486972544976272,1.1327097497296392,0.0455793974963979,11.539826666666666,11.946933333333334
A1500_B1000-2000_2026-07-31_024313,A1500_B1800,1500,1800,151,11.078773869479583,0.9174096145928093,0.06987078822487472,11.41355033557047,15.295436241610739
A1500_B1000-2000_2026-07-31_024313,A1500_B1900,1500,1900,151,12.721045392658391,0.8492285893474415,0.09915555643679524,11.259168918918919,19.243986486486488
A1500_B1000-2000_2026-07-31_024313,A1500_B2000,1500,2000,151,14.124230823121968,0.923578669424457,0.13259264252951047,11.118297297297298,23.46668918918919
A1600_B1000-2000_2026-07-31_025055,A1600_B1000,1600,1000,151,4.469580834437085,0.6490972046531619,-0.07450907284768216,11.773114093959732,4.916577181208054
A1600_B1000-2000_2026-07-31_025055,A1600_B1100,1600,1100,148,4.6033735675675675,0.6057741993265798,-0.06728891891891897,11.738621621621622,5.3360810810810815
A1600_B1000-2000_2026-07-31_025055,A1600_B1200,1600,1200,151,5.280421894039734,0.6061000164544257,-0.05532364238410601,11.708413333333333,5.9266
A1600_B1000-2000_2026-07-31_025055,A1600_B1300,1600,1300,151,5.936117258278146,0.5829147721537905,-0.04145609271523183,11.668866666666666,6.7909999999999995
A1600_B1000-2000_2026-07-31_025055,A1600_B1400,1600,1400,151,6.733547721854304,0.7512223722025971,-0.023144834437086138,11.617442953020134,7.852013422818792
A1600_B1000-2000_2026-07-31_025055,A1600_B1500,1600,1500,151,7.462117258278146,0.6313481337837245,-0.016469337748344415,11.567871621621622,9.088243243243243
A1600_B1000-2000_2026-07-31_025055,A1600_B1600,1600,1600,150,8.385852666666667,0.6168868976472827,0.0004433333333332895,11.50206081081081,10.56168918918919
A1600_B1000-2000_2026-07-31_025055,A1600_B1700,1600,1700,148,9.67386681081081,0.6418772323717211,0.024778648648648604,11.419272108843538,12.971972789115647
A1600_B1000-2000_2026-07-31_025055,A1600_B1800,1600,1800,151,11.172594079470198,0.7379022854716325,0.053245894039735064,11.293489932885906,16.2151677852349
A1600_B1000-2000_2026-07-31_025055,A1600_B1900,1600,1900,151,12.878620569536423,0.8059303077684705,0.08733198675496685,11.141597315436242,20.228120805369127
A1600_B1000-2000_2026-07-31_025055,A1600_B2000,1600,2000,151,14.234766264900662,1.238953023503156,0.11492139072847678,10.982614864864864,24.326756756756758
A1700_B1000-2000_2026-07-31_025921,A1700_B1000,1700,1000,151,5.675793721854306,0.33655889073798595,-0.09616350993377484,11.744677852348994,7.2805369127516775
A1700_B1000-2000_2026-07-31_025921,A1700_B1100,1700,1100,148,5.916673621621622,0.39166072958630027,-0.08919000000000002,11.700121621621621,7.5926351351351355
A1700_B1000-2000_2026-07-31_025921,A1700_B1200,1700,1200,151,6.516634781456954,0.3818479007486761,-0.07732245033112584,11.66208,8.186200000000001
A1700_B1000-2000_2026-07-31_025921,A1700_B1300,1700,1300,151,7.057959284768213,0.37184023043075876,-0.06615688741721855,11.626520000000001,8.966266666666668
A1700_B1000-2000_2026-07-31_025921,A1700_B1400,1700,1400,151,7.692681139072849,0.34019518386424047,-0.050209867549668885,11.574302013422818,9.940536912751678
A1700_B1000-2000_2026-07-31_025921,A1700_B1500,1700,1500,151,8.468270543046357,0.32722586512754964,-0.0358919867549669,11.531798657718122,11.111140939597314
A1700_B1000-2000_2026-07-31_025921,A1700_B1600,1700,1600,150,9.265738666666667,0.3122303452403191,-0.01985666666666668,11.469587837837839,12.477972972972973
A1700_B1000-2000_2026-07-31_025921,A1700_B1700,1700,1700,148,10.518477675675676,0.3382077582184331,0.005715405405405394,11.386999999999999,14.86809523809524
A1700_B1000-2000_2026-07-31_025921,A1700_B1800,1700,1800,151,12.01412484768212,0.43337607514465404,0.03512788079470198,11.263348993288592,18.111677852348993
A1700_B1000-2000_2026-07-31_025921,A1700_B1900,1700,1900,151,13.500085112582783,0.9989580493364176,0.06801529801324502,11.12355033557047,22.00496644295302
A1700_B1000-2000_2026-07-31_025921,A1700_B2000,1700,2000,151,14.851442728476822,1.3630172314241198,0.09848549668874172,10.96806081081081,26.02831081081081
A1800_B1000-2000_2026-07-31_030736,A1800_B1000,1800,1000,151,7.197339665040778,0.6466666603894353,-0.12074715469722808,11.687655405405405,10.143445945945945
A1800_B1000-2000_2026-07-31_030736,A1800_B1100,1800,1100,151,7.25549860543813,0.8161351791670867,-0.11187298251179761,11.640993243243242,10.388445945945946
A1800_B1000-2000_2026-07-31_030736,A1800_B1200,1800,1200,149,7.753812308269367,0.34574801871635646,-0.10131575774625247,11.591337837837838,10.935743243243243
A1800_B1000-2000_2026-07-31_030736,A1800_B1300,1800,1300,151,8.285975426630182,0.3337616778390907,-0.08847563151842013,11.547193333333333,11.710733333333332
A1800_B1000-2000_2026-07-31_030736,A1800_B1400,1800,1400,151,8.813551585570579,0.24655854958204396,-0.07314450569060554,11.509154362416108,12.594161073825504
A1800_B1000-2000_2026-07-31_030736,A1800_B1500,1800,1500,151,9.513730393517598,0.268623966707499,-0.05920410833961217,11.465587837837838,13.74695945945946
A1800_B1000-2000_2026-07-31_030736,A1800_B1600,1800,1600,148,10.279093960727192,0.2606049463226766,-0.043433524842207485,11.40539864864865,15.0322972972973
A1800_B1000-2000_2026-07-31_030736,A1800_B1700,1800,1700,150,11.492434411177642,0.23326628408085234,-0.021246227544910186,11.318560000000002,17.322000000000003
A1800_B1000-2000_2026-07-31_030736,A1800_B1800,1800,1800,151,12.959405890206341,0.5720696266489856,0.012140262521314981,11.193543624161073,20.713087248322147
A1800_B1000-2000_2026-07-31_030736,A1800_B1900,1800,1900,151,14.444962181597068,0.9258596251249991,0.041226355236546774,11.059778523489932,24.496442953020132
A1800_B1000-2000_2026-07-31_030736,A1800_B2000,1800,2000,151,15.352445625305679,1.784692265275237,0.07174291152793749,10.89308108108108,28.779527027027026
A1850_B1850_2026-07-31_033406,A1850_B1850,1850,1850,2959,13.811960545957762,0.5800811983907472,0.01113425126765729,10.908168249660786,23.25634667571235
A1850_B1850_2026-07-31_033649,A1850_B1850,1850,1850,2960,13.464011108108108,0.5631605289225139,0.009281216216216177,10.797845997286295,22.830895522388058
A1850_B1850_2026-07-31_034148,A1850_B1850,1850,1850,2961,13.383629549476526,0.5378485218449447,0.00806589935832488,10.703706241519676,22.5058921302578
A1850_B1850_2026-07-31_034551,A1850_B1850,1850,1850,2960,13.249525310810812,0.5083207522082145,0.0077969999999999715,10.637918249660787,22.284216417910446
A1850_B1850_2026-07-31_034904,A1850_B1850,1850,1850,2961,13.066780746511032,0.48400651939366046,0.007628404791228066,10.579972881355932,22.11817966101695
A1850_B1850_2026-07-31_035309,A1850_B1850,1850,1850,2960,12.951768418918915,0.4830393365990401,0.007876864864864842,10.47849118046133,21.771523066485752
A1850_B1850_2026-07-31_035630,A1850_B1850,1850,1850,2960,11.965056935453418,0.8387749067762269,0.006848772724820587,9.995565468113975,20.133978968792402
A1900_B1000-2000_2026-07-31_032000,A1900_B1000,1900,1000,151,8.860807405057434,0.5499341188000557,-0.1483501209501527,11.609328859060403,13.978859060402684
A1900_B1000-2000_2026-07-31_032000,A1900_B1100,1900,1100,151,8.780290848766043,0.4975729531786509,-0.1388203196256494,11.554810810810812,14.101013513513513
A1900_B1000-2000_2026-07-31_032000,A1900_B1200,1900,1200,149,9.208656820587013,0.30526870876368156,-0.12818860266045096,11.495898648648648,14.564324324324325
A1900_B1000-2000_2026-07-31_032000,A1900_B1300,1900,1300,151,9.665165020951473,0.24848401389637584,-0.11425740571836462,11.460880000000001,15.238400000000002
A1900_B1000-2000_2026-07-31_032000,A1900_B1400,1900,1400,151,10.207204756050812,0.23586712181553818,-0.10102561763889442,11.414107382550336,16.083691275167784
A1900_B1000-2000_2026-07-31_032000,A1900_B1500,1900,1500,151,10.782800782540878,0.2629615884166136,-0.08534349843359641,11.362046979865772,17.096241610738257
A1900_B1000-2000_2026-07-31_032000,A1900_B1600,1900,1600,148,11.477289461617305,0.24573033344877138,-0.0723764767761774,11.30810135135135,18.32891891891892
A1900_B1000-2000_2026-07-31_032000,A1900_B1700,1900,1700,151,12.521251113666706,0.2616402963320208,-0.04860839909584807,11.227366666666667,20.4082
A1900_B1000-2000_2026-07-31_032000,A1900_B1800,1900,1800,151,13.956959722938228,0.37555683459574857,-0.018654756711742108,11.109885906040269,23.704765100671143
A1900_B1000-2000_2026-07-31_032000,A1900_B1900,1900,1900,151,15.32227760373293,0.5448974047493317,0.014212792957132061,10.962369127516778,27.889999999999997
A1900_B1000-2000_2026-07-31_032000,A1900_B2000,1900,2000,150,16.835985948103794,1.2153217509779048,0.039783433133732504,10.827425675675675,31.614189189189187
A2000_B1000-2000_2026-07-31_032944,A2000_B1000,2000,1000,151,10.228151075332779,0.3437412924526402,-0.17540788621432635,11.515646666666667,18.044533333333334
A2000_B1000-2000_2026-07-31_032944,A2000_B1100,2000,1100,151,10.396449088577812,0.30135208330225494,-0.16310987296929325,11.44461744966443,18.038523489932885
A2000_B1000-2000_2026-07-31_032944,A2000_B1200,2000,1200,151,10.670806704471852,0.20189427021748657,-0.15309000541962436,11.39434,18.366733333333336
A2000_B1000-2000_2026-07-31_032944,A2000_B1300,2000,1300,150,11.043176726546909,0.19728626567052826,-0.13885640718562875,11.35256375838926,18.91214765100671
A2000_B1000-2000_2026-07-31_032944,A2000_B1400,2000,1400,151,11.498833194538078,0.22573804803449526,-0.12487146237326675,11.301953020134228,19.682080536912753
A2000_B1000-2000_2026-07-31_032944,A2000_B1500,2000,1500,148,12.103370960781142,0.20088983340217478,-0.11108919997842155,11.250506756756756,20.68864864864865
A2000_B1000-2000_2026-07-31_032944,A2000_B1600,2000,1600,151,12.722906042220197,0.2700308071575812,-0.09675887959180979,11.1991,21.777466666666665
A2000_B1000-2000_2026-07-31_032944,A2000_B1700,2000,1700,151,13.691303393213573,0.39054680634594857,-0.07502378025406144,11.123241610738255,23.784026845637584
A2000_B1000-2000_2026-07-31_032944,A2000_B1800,2000,1800,151,14.994290148180461,0.23679443083310842,-0.04361318422757138,10.995724832214766,27.190872483221476
A2000_B1000-2000_2026-07-31_032944,A2000_B1900,2000,1900,151,16.501462333610927,0.5591978063784584,-0.014262190850087933,10.8755,30.838851351351348
A2000_B1000-2000_2026-07-31_032944,A2000_B2000,2000,2000,148,17.830634474294655,0.7572711177581798,0.016039178399956812,10.743310810810812,34.73412162162162
