a_us,b_us,n,thrust_N,thrust_s,thrust_sem,thrust_sem_corr,thrust_tau,thrust_neff,thrust_drift,torque_Nm,torque_s,torque_sem_corr,torque_tau,flags,run
1000,1000,151,0.00981109933774845,0.08422831685260843,0.006854403215637309,0.006854403215637309,1.0,151.0,0.025821383998687403,0.00016125827814567116,0.0025617323057222463,0.0003317251673143716,2.532015154142438,,A1000_B1000-2000_2026-07-31_015904
1000,1100,148,0.4223462702702704,0.09461828752741372,0.007777575325036967,0.007777575325036967,1.0,148.0,0.02253158319782294,0.007289189189189167,0.0024024543894142227,0.00019748053433350435,1.0,,A1000_B1000-2000_2026-07-31_015904
1000,1200,151,1.2501488476821194,0.08095843372478237,0.00658830390054177,0.006908612059381016,1.0995990732069896,137.32277852836606,0.022164613824271703,0.020220860927152296,0.0032652021765678056,0.00026571838468453495,1.0,,A1000_B1000-2000_2026-07-31_015904
1000,1300,151,2.0951687152317877,0.16186798534581107,0.01317262983189602,0.023856736950193448,3.2800246566305162,46.03623929922477,0.006877506048370528,0.03381026490066224,0.0025109912908437507,0.000204341573256354,1.0,,A1000_B1000-2000_2026-07-31_015904
1000,1400,151,2.9194468609271524,0.08350853177123399,0.006795827936435491,0.006795827936435491,1.0,151.0,0.0015535910425293787,0.04745927152317878,0.0027927847749364804,0.00022727360176751177,1.0,,A1000_B1000-2000_2026-07-31_015904
1000,1500,151,3.8685461986754968,0.1419457552704328,0.011551381741063368,0.013670650756196273,1.400588333347074,107.81183621538942,0.028990913944462342,0.06157185430463575,0.0039802159747051435,0.0003853210131244234,1.4151714468189611,,A1000_B1000-2000_2026-07-31_015904
1000,1600,148,4.884481405405405,0.12007264455563064,0.009869910584010901,0.009869910584010901,1.0,148.0,0.01605393466729567,0.0789716216216216,0.0033317793767054173,0.0002738705777276226,1.0,,A1000_B1000-2000_2026-07-31_015904
1000,1700,151,6.257638913907284,0.09762831393668135,0.007944879513095882,0.007944879513095882,1.0,151.0,0.020389001995876517,0.10231357615894038,0.002860710481534466,0.0002546859763979211,1.1968485489008056,,A1000_B1000-2000_2026-07-31_015904
1000,1800,151,7.95823494039735,0.4545633669462778,0.03699184218010404,0.03699184218010404,1.0,151.0,0.034109686757435,0.12305529801324504,0.005313276303493226,0.0004323882934045075,1.0,,A1000_B1000-2000_2026-07-31_015904
1000,1900,152,9.702832578947369,0.4359271613729248,0.03535836181370756,0.03535836181370756,1.0,152.0,0.04582617253147339,0.15174473684210524,0.005205903290435023,0.00042225451502184115,1.0,,A1000_B1000-2000_2026-07-31_015904
1000,2000,149,11.282465261744967,0.32992973681567733,0.027028897192784892,0.027366809978121256,1.0251601136505004,145.3431498319075,0.04169562681842307,0.1766687919463087,0.00591956637755783,0.0005362652517160323,1.222829177726932,,A1000_B1000-2000_2026-07-31_015904
1100,1000,151,0.33728688741721796,0.36815589844916774,0.02996010211864597,0.03183495349484768,1.1290725810532185,133.73808073449501,0.07079413754451963,-0.007527284768211951,0.006265621537009168,0.0005098890493846074,1.0,,A1100_B1000-2000_2026-07-31_021029
1100,1100,149,0.7292059060402679,0.39254670113285683,0.03215867878624841,0.03608453856548034,1.259058521011243,118.34239434742642,0.05013595163579033,-0.00026429530201345147,0.00568196985434814,0.000465485107610892,1.0,,A1100_B1000-2000_2026-07-31_021029
1100,1200,151,1.482902781456953,0.5589313536576253,0.04548518848519167,0.05630451411947129,1.5323092833423932,98.54407438596662,0.02581639918304127,0.012267417218543018,0.005538402954351391,0.0004991366755012052,1.2264414245025312,,A1100_B1000-2000_2026-07-31_021029
1100,1300,151,2.350631258278145,0.4041323906086628,0.03288782752929279,0.04457618292205625,1.8371109312327203,82.19427440817493,0.002399871947062272,0.025373377483443683,0.0068454332112649835,0.0005570734542616239,1.0,,A1100_B1000-2000_2026-07-31_021029
1100,1400,151,3.214578278145695,0.25215448871875246,0.020520041274666327,0.027446709908864764,1.789056780797297,84.40201653784656,0.03491287913399389,0.03894291390728474,0.007809034220218185,0.0009433675399567892,2.203657788162799,,A1100_B1000-2000_2026-07-31_021029
1100,1500,148,4.176826756756756,0.2137861318189682,0.017573111785483996,0.02139519119135104,1.4822962169502365,99.84509054776103,0.014854605567567437,0.05267054054054052,0.006433599492268439,0.0005453888868506955,1.063570397283453,,A1100_B1000-2000_2026-07-31_021029
1100,1600,151,5.209253774834436,0.2330713386890853,0.018967076549552164,0.018967076549552164,1.0,151.0,0.04006021141504698,0.06959192052980132,0.005770741456142563,0.0004696162795561093,1.0,,A1100_B1000-2000_2026-07-31_021029
1100,1700,151,6.575260397350993,0.1903510522442882,0.015490548943134773,0.04198474975085656,7.345976274321487,20.555470690510386,0.04008101514923809,0.09137999999999999,0.006111191918657657,0.0008706323405922416,3.064747453014652,,A1100_B1000-2000_2026-07-31_021029
1100,1800,151,8.237611390728476,0.20477185970095182,0.016664097610574167,0.016664097610574167,1.0,151.0,0.1382428099261616,0.11632039735099335,0.0059835683757876665,0.0004869358886484095,1.0,,A1100_B1000-2000_2026-07-31_021029
1100,1900,149,9.98954818791946,0.3687634948663147,0.030210282611664436,0.031051800443985995,1.0564866094030692,141.03349599876827,0.014547739983077488,0.14489677852348992,0.007273242359280557,0.0005958472306393848,1.0,,A1100_B1000-2000_2026-07-31_021029
1100,2000,151,11.561094834437085,0.24374079598856457,0.019835344670718957,0.02095051811028675,1.1156039219374556,135.3526973424046,0.0708346201644735,0.17222105960264897,0.005450495653585756,0.0004435550457470456,1.0,,A1100_B1000-2000_2026-07-31_021029
1200,1000,151,1.0131191125827816,0.30749390058381193,0.025023498743763244,0.025023498743763244,1.0,151.0,0.0008817769462516099,-0.018938874172185448,0.0032367099639492684,0.00048107054587814585,3.335699445870998,,A1200_B1000-2000_2026-07-31_021641
1200,1100,148,1.3172954594594597,0.32754604502358164,0.026924119048875893,0.026924119048875893,1.0,148.0,0.013811925947369168,-0.012465945945945961,0.0031744275476944953,0.0002924638580493446,1.2562477190298966,,A1200_B1000-2000_2026-07-31_021641
1200,1200,151,2.021152225165563,0.34567388617740424,0.0281305419069747,0.0281305419069747,1.0,151.0,0.004172226816529773,0.00046509933774833024,0.004582142128968308,0.0006660009502779375,3.189991552121882,,A1200_B1000-2000_2026-07-31_021641
1200,1300,151,2.840311165562914,0.3503051654807169,0.028507430071612855,0.028507430071612855,1.0,151.0,0.04586348408422308,0.01363728476821191,0.004065055954313517,0.0005630839798147445,2.8972784388415436,,A1200_B1000-2000_2026-07-31_021641
1200,1400,151,3.7186091788079474,0.37900946047008893,0.030843352469564236,0.030843352469564236,1.0,151.0,0.011680870532376963,0.025690264900662237,0.0032738983790011706,0.000266426071602076,1.0,,A1200_B1000-2000_2026-07-31_021641
1200,1500,149,4.614992040268457,0.44971676284923273,0.036842232731858285,0.036842232731858285,1.0,149.0,0.05124926128263366,0.041837382550335554,0.005075299138564117,0.0006438220895217437,2.3976993497867802,,A1200_B1000-2000_2026-07-31_021641
1200,1600,151,5.640198582781458,0.3894161534579061,0.03169023713431027,0.03169023713431027,1.0,151.0,0.06217644721760157,0.05821344370860928,0.005814756291408679,0.0005259908961666609,1.2355785713125342,,A1200_B1000-2000_2026-07-31_021641
1200,1700,151,7.067595933774835,0.3979322533220895,0.03238326751263178,0.03238326751263178,1.0,151.0,0.025026491109187105,0.07977635761589402,0.0047277023994668835,0.00038473496491908676,1.0,,A1200_B1000-2000_2026-07-31_021641
1200,1800,151,8.653304543046357,0.40923518737664344,0.03330308724101653,0.03330308724101653,1.0,151.0,0.025316647500242758,0.10547172185430463,0.005710182222613613,0.00046468803902432055,1.0,,A1200_B1000-2000_2026-07-31_021641
1200,1900,148,10.360241405405406,0.47035568698965247,0.03866299930720724,0.03866299930720724,1.0,148.0,0.05831025307354872,0.13397324324324325,0.005917369361305525,0.0004864047652551886,1.0,,A1200_B1000-2000_2026-07-31_021641
1200,2000,151,11.97926480794702,0.36202462321583806,0.029461146016402654,0.029461146016402654,1.0,151.0,0.012382802581923447,0.16147834437086092,0.005142267389710954,0.000486253478649456,1.3501843781470517,,A1200_B1000-2000_2026-07-31_021641
1300,1000,151,1.8178854740849433,0.5769415105349645,0.04695083426593533,0.04695083426593533,1.0,151.0,0.010425039523594571,-0.03214293267769103,0.006259050841724614,0.0005199202038070414,1.0419176070123326,,A1300_B1000-2000_2026-07-31_022512
1300,1100,151,2.1148192489193804,0.6864893950004789,0.05586571467201854,0.05586571467201854,1.0,151.0,0.018183638000023924,-0.02449392605517447,0.0057187272237450406,0.0004653834213544148,1.0,,A1300_B1000-2000_2026-07-31_022512
1300,1200,148,2.7518646221071377,0.7078146404090708,0.05818200504157844,0.05818200504157844,1.0,148.0,0.06678226762147776,-0.012330689971408581,0.005656301693765256,0.0004726836401409816,1.0335648396609785,,A1300_B1000-2000_2026-07-31_022512
1300,1300,151,3.519057659515407,0.7577540043614601,0.061665146333698705,0.061665146333698705,1.0,151.0,0.009208909863742126,0.0013007759315805001,0.005860316651707324,0.0005487438691577665,1.3239578030995398,,A1300_B1000-2000_2026-07-31_022512
1300,1400,150,4.346020838323354,0.7886615156762278,0.06439394310589182,0.06439394310589182,1.0,150.0,0.06056460645473351,0.012933093812375203,0.006045376512774705,0.0005227485385358692,1.121579867191632,,A1300_B1000-2000_2026-07-31_022512
1300,1500,151,5.215163619780307,0.8444452960977077,0.06871998360279089,0.06871998360279089,1.0,151.0,0.005128259884055361,0.028539186527606984,0.009329480440947033,0.0007592223509173963,1.0,,A1300_B1000-2000_2026-07-31_022512
1300,1600,151,6.219150374747194,0.7730389339908978,0.06290901626625528,0.06290901626625528,1.0,151.0,0.030805634204743623,0.04524779579913017,0.008105403860630842,0.0008014185921120019,1.4762042668062811,,A1300_B1000-2000_2026-07-31_022512
1300,1700,149,7.627708355101878,0.5913825108761196,0.04844794301464158,0.04844794301464158,1.0,149.0,0.08260733425610299,0.0683054428056638,0.005244528473028604,0.00042964851331760145,1.0,,A1300_B1000-2000_2026-07-31_022512
1300,1800,151,9.175435142959117,0.6149213434508081,0.05004158923523239,0.05004158923523239,1.0,151.0,0.00601300759080339,0.09465839182562025,0.006930433253214599,0.0005639906595749901,1.0,,A1300_B1000-2000_2026-07-31_022512
1300,1900,151,10.847123884680972,0.5995354727909417,0.04878950483811788,0.05092397840588865,1.0894111843455694,138.60698528692694,0.03999172111237164,0.12363852427595136,0.00696984358840276,0.000567197827168233,1.0,,A1300_B1000-2000_2026-07-31_022512
1300,2000,152,12.342580838323356,0.5742702135281746,0.046579465075803475,0.04855452690198899,1.0866019004236287,139.88563791462212,0.06861384714057182,0.1498544096018489,0.006261688269076229,0.0005078899848436853,1.0,,A1300_B1000-2000_2026-07-31_022512
1400,1000,151,3.253984225165563,0.7501974555086517,0.06105020310924311,0.06105020310924311,1.0,151.0,0.0373363396095214,-0.04888398675496692,0.020200592302203006,0.001643900887587433,1.0,,A1400_B1000-2000_2026-07-31_023421
1400,1100,148,3.5340396216216217,0.7510009185516218,0.06173189523763987,0.06173189523763987,1.0,148.0,0.01977903898507437,-0.041925243243243274,0.01234819198069624,0.001015015128339298,1.0,,A1400_B1000-2000_2026-07-31_023421
1400,1200,151,4.155911377483444,0.8669233299178479,0.07054922005266068,0.07054922005266068,1.0,151.0,0.03153787594727292,-0.029678688741721884,0.024692744999880813,0.002543193058429486,1.601757858202891,,A1400_B1000-2000_2026-07-31_023421
1400,1300,151,5.006374953642384,0.8186577203780941,0.06662142045276,0.06662142045276,1.0,151.0,0.006720217958435597,-0.016261470198675524,0.016679937321548086,0.0013573940485302157,1.0,,A1400_B1000-2000_2026-07-31_023421
1400,1400,151,5.705672966887418,0.8995108075458751,0.07320115137207588,0.07320115137207588,1.0,151.0,0.014100455390151305,-0.0028839867549669165,0.02239993889931749,0.0018228811753443722,1.0,,A1400_B1000-2000_2026-07-31_023421
1400,1500,151,6.598076940397352,0.9820180181151821,0.07991549294474626,0.07991549294474626,1.0,151.0,0.08811147456199696,0.011996807947019841,0.034214828382387125,0.003844957528308818,1.9069148868007255,,A1400_B1000-2000_2026-07-31_023421
1400,1600,151,7.631759059602649,0.8803135206104339,0.07163889831729783,0.07163889831729783,1.0,151.0,0.014362398215644069,0.027976940397350963,0.025487014396938634,0.002074103816476304,1.0,,A1400_B1000-2000_2026-07-31_023421
1400,1700,148,8.975140972972975,0.8004862027725379,0.06579956054385806,0.06579956054385806,1.0,148.0,0.13346816943745615,0.05040583783783781,0.015222579476077547,0.0012512883250212325,1.0,,A1400_B1000-2000_2026-07-31_023421
1400,1800,151,10.507818662251657,0.961702620390641,0.07826224932438852,0.07826224932438852,1.0,151.0,0.0994731598810974,0.07951336423841056,0.01451481697093626,0.0011811990532123687,1.0,,A1400_B1000-2000_2026-07-31_023421
1400,1900,151,12.164553761589406,0.841164791492081,0.06845301992409043,0.06845301992409043,1.0,151.0,0.23466025507708277,0.10610276821192048,0.01881006024567482,0.0015307409936720368,1.0,,A1400_B1000-2000_2026-07-31_023421
1400,2000,151,13.712434556291392,0.9095979100995094,0.07402202813613475,0.07402202813613475,1.0,151.0,0.07039584871174402,0.13597694039735098,0.02462007113860066,0.0020035529746718133,1.0,,A1400_B1000-2000_2026-07-31_023421
1500,1000,151,3.774813604578921,0.5697238241901857,0.04636346728129422,0.04636346728129422,1.0,151.0,0.020834545626780505,-0.06116894687446304,0.02527678130793522,0.0020569952903280253,1.0,,A1500_B1000-2000_2026-07-31_024313
1500,1100,151,4.036548703916669,0.6480217527621894,0.052735262343052744,0.05687776260577256,1.1632760502276545,129.80581863646992,0.20079700014309995,-0.054102721708900126,0.038169450239259786,0.0038880522454496223,1.5667847000422714,,A1500_B1000-2000_2026-07-31_024313
1500,1200,149,4.612900186204771,0.8366518579424256,0.06854119083879968,0.07423282158422206,1.1729747016809127,127.02746255863654,0.15188272066488656,-0.03897924955458215,0.05144982710243003,0.004214934066749634,1.0,,A1500_B1000-2000_2026-07-31_024313
1500,1300,151,5.46760168404912,0.8902020422998311,0.0724436147998118,0.09158772336354844,1.598358894320729,94.4718989812185,0.1466071255970862,-0.02456629786784051,0.024198264947926873,0.0019692268736909583,1.0,,A1500_B1000-2000_2026-07-31_024313
1500,1400,151,6.220038770141835,0.5494158904347887,0.04471083107013109,0.04471083107013109,1.0,151.0,0.013435202555800841,-0.007553052834727929,0.050258693250428005,0.004089994452011828,1.0,,A1500_B1000-2000_2026-07-31_024313
1500,1500,151,7.073912942327264,0.5357017912824475,0.04359479350886923,0.044124529057626254,1.0244503532011582,147.39611297722894,0.01843706111458784,0.009029728622225713,0.05528444288155631,0.00612863235302482,1.8556591671440819,,A1500_B1000-2000_2026-07-31_024313
1500,1600,148,8.160228138317958,0.8733827865365501,0.07179162281826994,0.09044262222447778,1.58707974840137,93.25303290466475,0.015878306054290914,0.017367521713330062,0.02531687305747586,0.002081034146193658,1.0,,A1500_B1000-2000_2026-07-31_024313
1500,1700,151,9.486972544976272,1.1364791769525735,0.09248536378377506,0.12251808107605042,1.7549080004697193,86.0443966063083,0.05431889495742955,0.045579397496397896,0.02535505923277585,0.0021784522199584638,1.1146634643265698,,A1500_B1000-2000_2026-07-31_024313
1500,1800,151,11.078773869479585,0.9204625668399788,0.07490618136252516,0.07490618136252516,1.0,151.0,0.014116515243008979,0.06987078822487472,0.031030471387418306,0.002592749830972403,1.0541961612303088,,A1500_B1000-2000_2026-07-31_024313
1500,1900,151,12.721045392658391,0.8520546490365583,0.06933922396282619,0.07383291582288332,1.1338147080924426,133.1787274607207,0.20912848391166863,0.09915555643679524,0.02831459814285151,0.0025038808871690023,1.1808193817431865,,A1500_B1000-2000_2026-07-31_024313
1500,2000,151,14.124230823121968,0.926652151028973,0.07540988258028476,0.07540988258028476,1.0,151.0,0.13180384149313193,0.1325926425295105,0.029455537638477157,0.00239705765770922,1.0,,A1500_B1000-2000_2026-07-31_024313
1600,1000,151,4.469580834437086,0.651257267876891,0.05299856482890512,0.05299856482890512,1.0,151.0,0.03758234824601637,-0.07450907284768216,0.012424191313776705,0.0010110663500716372,1.0,,A1600_B1000-2000_2026-07-31_025055
1600,1100,148,4.6033735675675675,0.6078311634777566,0.04996341386419013,0.04996341386419013,1.0,148.0,0.021220393896807438,-0.06728891891891897,0.013304652919167177,0.0010936357331801747,1.0,,A1600_B1000-2000_2026-07-31_025055
1600,1200,151,5.280421894039734,0.6081169937978179,0.049487859113527696,0.049487859113527696,1.0,151.0,0.04556399421384673,-0.05532364238410601,0.014562663560555295,0.0011850927534547218,1.0,,A1600_B1000-2000_2026-07-31_025055
1600,1300,151,5.936117258278146,0.5848545937288512,0.047594791843583444,0.047594791843583444,1.0,151.0,0.07570540771813186,-0.041456092715231846,0.02655307650658733,0.0021608587205928383,1.0,,A1600_B1000-2000_2026-07-31_025055
1600,1400,151,6.733547721854304,0.7537222871728123,0.06133704984198362,0.06133704984198362,1.0,151.0,0.23908921017101245,-0.023144834437086138,0.034962679566537896,0.009214269868331296,10.487920411389958,,A1600_B1000-2000_2026-07-31_025055
1600,1500,151,7.462117258278145,0.6334491317165145,0.05154935926095115,0.05154935926095115,1.0,151.0,0.015332013311881172,-0.016469337748344415,0.030635220464227647,0.00249305888456985,1.0,,A1600_B1000-2000_2026-07-31_025055
1600,1600,150,8.385852666666667,0.6189535262087648,0.05053734379026161,0.05053734379026161,1.0,150.0,0.05869497649824238,0.0004433333333332892,0.014299944462588294,0.0011675855761159712,1.0,,A1600_B1000-2000_2026-07-31_025055
1600,1700,148,9.673866810810813,0.6440567878197955,0.052941141842357875,0.052941141842357875,1.0,148.0,0.04681234230764179,0.024778648648648604,0.01301143655230367,0.0010695334962933165,1.0,,A1600_B1000-2000_2026-07-31_025055
1600,1800,151,11.172594079470198,0.740357873907581,0.06024946931463428,0.06024946931463428,1.0,151.0,0.12037276143120595,0.05324589403973505,0.011858533314117346,0.0009650337548982004,1.0,,A1600_B1000-2000_2026-07-31_025055
1600,1900,151,12.878620569536425,0.8086122795998382,0.06580393407589862,0.06580393407589862,1.0,151.0,0.085834491598472,0.08733198675496687,0.014071150013170806,0.001145093948235605,1.0,,A1600_B1000-2000_2026-07-31_025055
1600,2000,151,14.234766264900662,1.2430760066909008,0.10116009076203956,0.10116009076203956,1.0,151.0,0.09955025642523022,0.11492139072847678,0.014165963623640768,0.001152809770429093,1.0,,A1600_B1000-2000_2026-07-31_025055
1700,1000,151,5.675793721854306,0.33767889014222097,0.027479918356839366,0.027479918356839366,1.0,151.0,0.044508089636869,-0.09616350993377484,0.007748502668143956,0.0006305642044093086,1.0,,A1700_B1000-2000_2026-07-31_025921
1700,1100,148,5.916673621621621,0.3929906510010425,0.032303632522522246,0.032303632522522246,1.0,148.0,0.0626018087177753,-0.08919000000000002,0.009546164240189892,0.0007846898668689169,1.0,,A1700_B1000-2000_2026-07-31_025921
1700,1200,151,6.516634781456954,0.3831186127492093,0.03117775053957237,0.03117775053957237,1.0,151.0,0.049451052320150346,-0.07732245033112584,0.013076531393652646,0.0010641530328913268,1.0,,A1700_B1000-2000_2026-07-31_025921
1700,1300,151,7.057959284768213,0.37307763894384205,0.03036062767980923,0.038266040540163915,1.5885670953670636,95.05421611739293,0.05702348260626488,-0.06615688741721855,0.023581466513215573,0.0036579120028668237,3.633304815074104,,A1700_B1000-2000_2026-07-31_025921
1700,1400,151,7.692681139072846,0.341327284110994,0.027776820447323148,0.027776820447323148,1.0,151.0,0.022807890868864332,-0.05020986754966888,0.024967304005752665,0.0020318103846512455,1.0,,A1700_B1000-2000_2026-07-31_025921
1700,1500,151,8.468270543046359,0.32831480612444175,0.026717880006776145,0.028323847196269607,1.1238296746005398,134.36199756308469,0.010003401821211367,-0.035891986754966895,0.010645058134794601,0.0008662825453043892,1.0,,A1700_B1000-2000_2026-07-31_025921
1700,1600,150,9.265738666666666,0.31327634597675236,0.025578906537554968,0.02614315635050779,1.0446049761679026,143.59495064849284,0.11664706280327085,-0.019856666666666675,0.008740606974966198,0.0007136675710292935,1.0,,A1700_B1000-2000_2026-07-31_025921
1700,1700,148,10.518477675675676,0.3393561749636139,0.02789490574991889,0.02789490574991889,1.0,148.0,0.025636229577052173,0.005715405405405395,0.008392852350829707,0.0006898882135398956,1.0,,A1700_B1000-2000_2026-07-31_025921
1700,1800,151,12.01412484768212,0.43481826240913957,0.035385008361148725,0.035385008361148725,1.0,151.0,0.06239145948228317,0.03512788079470197,0.008644359132541985,0.0007034679695535739,1.0,,A1700_B1000-2000_2026-07-31_025921
1700,1900,151,13.500085112582783,1.0022823781564325,0.08156458317734155,0.08156458317734155,1.0,151.0,0.13906172939723618,0.06801529801324502,0.011604204916491669,0.0009443368034256466,1.0,,A1700_B1000-2000_2026-07-31_025921
1700,2000,151,14.851442728476822,1.3675530750139582,0.11128989092033688,0.11128989092033688,1.0,151.0,0.07115943763796287,0.09848549668874171,0.012240125091340185,0.0010461081965216705,1.1029566529731258,,A1700_B1000-2000_2026-07-31_025921
1800,1000,151,7.197339665040778,0.6488186352571521,0.052800111720792485,0.06331187987870578,1.4378074677578367,105.02101525141907,0.12166173699379822,-0.12074715469722808,0.010876911163928445,0.0011064989725529757,1.5626719416464123,,A1800_B1000-2000_2026-07-31_030736
1800,1100,151,7.25549860543813,0.8188511107309151,0.06663715833647633,0.07243474574291374,1.1815740447605758,127.79563047239867,0.13221246765041708,-0.1118729825117976,0.015795774437051994,0.0014700048023824634,1.307773725190658,,A1800_B1000-2000_2026-07-31_030736
1800,1200,149,7.753812308269367,0.34691411989775883,0.028420312069901366,0.031267804608156986,1.2104227954365911,123.09748342624094,0.05572883711796351,-0.10131575774625247,0.030098544239187695,0.003402855689714582,1.904506021663495,,A1800_B1000-2000_2026-07-31_030736
1800,1300,151,8.28597542663018,0.3348723686888157,0.02725152688003188,0.02725152688003188,1.0,151.0,0.005954983261475778,-0.08847563151842011,0.03127177034178032,0.002544860578948306,1.0,,A1800_B1000-2000_2026-07-31_030736
1800,1400,151,8.813551585570577,0.24737904619122703,0.020131421273223808,0.020131421273223808,1.0,151.0,0.06415418419142731,-0.07314450569060554,0.008725031863291535,0.0007100330232757276,1.0,,A1800_B1000-2000_2026-07-31_030736
1800,1500,151,9.513730393517598,0.2695178925283737,0.021933055037191625,0.021933055037191625,1.0,151.0,0.016758126159996813,-0.059204108339612184,0.011154891818347173,0.0009077722220611762,1.0,,A1800_B1000-2000_2026-07-31_030736
1800,1600,148,10.279093960727193,0.2614898553082376,0.021494333701649333,0.021494333701649333,1.0,148.0,0.06640308285219236,-0.04343352484220747,0.012997820047186385,0.0010684142264673565,1.0,,A1800_B1000-2000_2026-07-31_030736
1800,1700,150,11.492434411177642,0.23404774785800642,0.019109918589989675,0.019109918589989675,1.0,150.0,0.0181838937051634,-0.021246227544910186,0.008940729516952295,0.0007300075081591148,1.0,,A1800_B1000-2000_2026-07-31_030736
1800,1800,151,12.959405890206341,0.5739733577898356,0.046709289421149755,0.046709289421149755,1.0,151.0,0.02742646829556014,0.012140262521314981,0.009265669265172773,0.0007540294710788253,1.0,,A1800_B1000-2000_2026-07-31_030736
1800,1900,151,14.444962181597072,0.9289406972852724,0.0755961218333588,0.08088194464819091,1.144732825213459,131.90850884514728,0.17053696368949903,0.04122635523654677,0.011191391362029186,0.0009107425128010598,1.0,,A1800_B1000-2000_2026-07-31_030736
1800,2000,151,15.352445625305679,1.7906313574485802,0.14571951326053892,0.6574197192987872,20.354012146844383,7.418684773822862,1.9762458520677697,0.07174291152793749,0.012230353439449866,0.001482818719021194,2.219601714983976,drift,A1800_B1000-2000_2026-07-31_030736
1900,1000,151,8.860807405057432,0.5517641874815694,0.044901932773574744,0.044901932773574744,1.0,151.0,0.0011017772557294595,-0.1483501209501527,0.006910298805447845,0.0005623521414533586,1.0,,A1900_B1000-2000_2026-07-31_032000
1900,1100,151,8.780290848766045,0.4992287745711614,0.040626661503248,0.040626661503248,1.0,151.0,0.08321208254216426,-0.1388203196256494,0.02753629753832576,0.002926478384436909,1.7055187459415653,,A1900_B1000-2000_2026-07-31_032000
1900,1200,149,9.208656820587013,0.3062982857465262,0.02509293328838165,0.02509293328838165,1.0,149.0,0.08251457155338422,-0.12818860266045096,0.02478357069477872,0.002030349221760298,1.0,,A1900_B1000-2000_2026-07-31_032000
1900,1300,151,9.665165020951472,0.24931091805842492,0.020288634776158845,0.020288634776158845,1.0,151.0,0.17188396960371477,-0.1142574057183646,0.011875074532123487,0.000966379860128942,1.0,,A1900_B1000-2000_2026-07-31_032000
1900,1400,151,10.20720475605081,0.23665203953181888,0.019258469851565038,0.019258469851565038,1.0,151.0,0.07410754357415134,-0.10102561763889442,0.0093604446980265,0.0007617421864219657,1.0,,A1900_B1000-2000_2026-07-31_032000
1900,1500,151,10.782800782540875,0.26383667099641855,0.02147072378574889,0.02147072378574889,1.0,151.0,0.018452738992189237,-0.08534349843359643,0.014719094534969187,0.001197822925611957,1.0,,A1900_B1000-2000_2026-07-31_032000
1900,1600,148,11.477289461617307,0.2465647342656479,0.020267496309243523,0.020267496309243523,1.0,148.0,0.030268845329959004,-0.07237647677617741,0.012663889753765716,0.001040965325432887,1.0,,A1900_B1000-2000_2026-07-31_032000
1900,1700,151,12.521251113666706,0.26251098192102185,0.021362840738801205,0.021362840738801205,1.0,151.0,0.008344377331862027,-0.04860839909584806,0.018442404827075546,0.0015008216200259599,1.0,,A1900_B1000-2000_2026-07-31_032000
1900,1800,151,13.956959722938231,0.3768066112101215,0.030664087139146826,0.030664087139146826,1.0,151.0,0.03538818722061911,-0.01865475671174211,0.019842020654773525,0.001614720740755366,1.0,,A1900_B1000-2000_2026-07-31_032000
1900,1900,151,15.322277603732934,0.5467107122728687,0.044490686793422066,0.06459083581228772,2.107674731889807,71.64293318856117,0.037628735453903446,0.014212792957132061,0.0225394997897608,0.002320260364939465,1.6001542256119794,,A1900_B1000-2000_2026-07-31_032000
1900,2000,150,16.835985948103794,1.219393192033859,0.0995630372102192,0.0995630372102192,1.0,150.0,0.0770167317512435,0.03978343313373251,0.0229087529553374,0.00260214090266497,1.9353075015588628,,A1900_B1000-2000_2026-07-31_032000
2000,1000,151,10.22815107533278,0.34488519342614804,0.02806635900112582,0.05303447060944772,3.5706256797414295,42.2895070902349,0.41120618755203625,-0.17540788621432635,0.031006915129886188,0.007873323718986372,9.73589861415227,drift,A2000_B1000-2000_2026-07-31_032944
2000,1100,151,10.396449088577814,0.30235492162580485,0.024605294567173842,0.024605294567173842,1.0,151.0,0.005862638953169572,-0.16310987296929325,0.03960395101479573,0.0032229238257579116,1.0,,A2000_B1000-2000_2026-07-31_032944
2000,1200,151,10.670806704471852,0.20256613320665384,0.01648459813414762,0.017306258062901994,1.1021726305977675,137.00213179681714,0.06511759782639512,-0.1530900054196244,0.013028625302106644,0.0010602544904508297,1.0,,A2000_B1000-2000_2026-07-31_032944
2000,1300,150,11.043176726546909,0.19794719303497357,0.016162320631729652,0.017887659904267376,1.2248971436521736,122.45926180606277,0.258378758407317,-0.13885640718562878,0.00777441740553759,0.0007204613381183329,1.2881810667224003,,A2000_B1000-2000_2026-07-31_032944
2000,1400,151,11.498833194538078,0.22648925825734045,0.01843143444054642,0.01843143444054642,1.0,151.0,0.068703424688597,-0.12487146237326673,0.0070166122653399525,0.0005710038081205814,1.0,,A2000_B1000-2000_2026-07-31_032944
2000,1500,148,12.103370960781143,0.2015719740184366,0.016569114198886386,0.016569114198886386,1.0,148.0,0.027983852311463234,-0.11108919997842155,0.009216871824889424,0.0007576221970675509,1.0,,A2000_B1000-2000_2026-07-31_032944
2000,1600,151,12.722906042220195,0.27092941465678716,0.02204792307893192,0.02204792307893192,1.0,151.0,0.07773707781372671,-0.09675887959180979,0.008996010889306984,0.0007320849836697698,1.0,,A2000_B1000-2000_2026-07-31_032944
2000,1700,151,13.691303393213577,0.39184646653164207,0.03188801320737097,0.03188801320737097,1.0,151.0,0.0016230850074760907,-0.07502378025406144,0.005885748117705793,0.0005387989625632572,1.2653978847562546,,A2000_B1000-2000_2026-07-31_032944
2000,1800,151,14.994290148180465,0.2375824344448321,0.019334184315795994,0.019567555930875922,1.0242865235260505,147.4196882725653,0.10801083415118395,-0.043613184227571385,0.007225744994703094,0.000588022788271285,1.0,,A2000_B1000-2000_2026-07-31_032944
2000,1900,151,16.501462333610927,0.561058702724474,0.04565830969702958,0.04565830969702958,1.0,151.0,0.27838504873145403,-0.014262190850087937,0.008826230223365459,0.0009874596270535469,1.8900145214843946,,A2000_B1000-2000_2026-07-31_032944
2000,2000,148,17.83063447429466,0.7598425041653291,0.062458669098173415,0.062458669098173415,1.0,148.0,0.12440475690719828,0.016039178399956812,0.010549132545511451,0.0008671333537160343,1.0,,A2000_B1000-2000_2026-07-31_032944
