t_rel_s,t_epoch,phase,sweep_idx,a_cmd_us,b_cmd_us,servo1_raw,servo2_raw,voltage_v,current_a,power_w,Fx,Fy,Fz,Tx,Ty,Tz,thrust_N,torque_Nm,rpm
0.0,1784877655.83803,,,,,,,,,,0.1383,-0.11267,0.07021,0.00043,0.01946,0.01651,-0.07021,0.01651,0.0
0.02,1784877655.85803,,,,,,,,,,-0.24076,0.14028,0.00609,-0.02222,-0.0132,0.01992,-0.00609,0.01992,0.0
0.04,1784877655.87803,,,,,,,,,,0.16911,-0.14046,0.10429,-0.00044,0.02023,0.01941,-0.10429,0.01941,0.0
0.06,1784877655.89803,,,,,,,,,,-0.01622,-0.08143,0.05709,-0.00048,0.00442,0.01841,-0.05709,0.01841,0.0
0.08,1784877655.91803,,,,,,,,,,-0.13106,-0.21376,0.10029,0.00643,-0.00044,0.01651,-0.10029,0.01651,0.0
0.1,1784877655.93803,,,,,,,,,,0.04674,-0.16619,0.14267,-0.00089,0.01369,0.01721,-0.14267,0.01721,0.0
0.12,1784877655.95803,,,,,,,,,,0.05999,-0.26118,-0.09403,0.01174,0.02157,0.01731,0.09403,0.01731,0.0
0.14,1784877655.97803,,,,,,,,,,0.07813,-0.13976,0.07895,0.0006,0.01775,0.01731,-0.07895,0.01731,0.0
0.16,1784877655.99803,,,,,,,,,,0.01168,-0.17309,0.17283,0.01094,0.00464,0.0128,-0.17283,0.0128,0.0
0.18,1784877656.01803,,,,,,,,,,-0.08776,-0.02593,0.17529,-0.01573,0.00687,0.02133,-0.17529,0.02133,0.0
0.2,1784877656.03803,,,,,,,,,,-0.07436,-0.03995,0.15036,-0.00345,0.00275,0.0151,-0.15036,0.0151,0.0
0.22,1784877656.05803,,,,,,,,,,0.02287,-0.32009,0.15221,0.01084,0.01578,0.01521,-0.15221,0.01521,0.0
0.24,1784877656.07803,,,,,,,,,,-0.0786,0.09599,-0.0132,-0.00942,-0.00528,0.01801,0.0132,0.01801,0.0
0.26,1784877656.09803,,,,,,,,,,0.19771,0.01848,-0.02138,-0.00727,0.01931,0.01561,0.02138,0.01561,0.0
0.28,1784877656.11803,,,,,,,,,,-0.12423,0.22018,0.06806,-0.02571,-0.00298,0.02162,-0.06806,0.02162,0.0
0.3,1784877656.13803,,,,,,,,,,0.26366,-0.2044,0.05155,0.00287,0.03303,0.0178,-0.05155,0.0178,0.0
0.32,1784877656.15803,,,,,,,,,,-0.03151,-0.07568,-0.06761,-0.00189,0.01111,0.01731,0.06761,0.01731,0.0
0.34,1784877656.17803,,,,,,,,,,0.08988,-0.14376,0.26051,0.00533,0.01457,0.01641,-0.26051,0.01641,0.0
0.36,1784877656.19803,,,,,,,,,,-0.03616,-0.05953,0.03984,0.00171,-0.00458,0.01721,-0.03984,0.01721,0.0
0.38,1784877656.21803,,,,,,,,,,-0.13926,-0.09889,0.0694,-0.0078,0.00137,0.01821,-0.0694,0.01821,0.0
0.4,1784877656.23803,,,,,,,,,,0.12348,-0.13225,0.09463,0.00114,0.01669,0.01651,-0.09463,0.01651,0.0
0.42,1784877656.25803,,,,,,,,,,-0.07851,-0.12538,0.11203,0.00132,-0.00158,0.01631,-0.11203,0.01631,0.0
0.44,1784877656.27803,,,,,,,,,,0.19914,-0.11168,0.11911,0.00032,0.0197,0.01901,-0.11911,0.01901,0.0
0.46,1784877656.29803,,,,,,,,,,-0.05541,-0.1689,0.02503,0.00473,0.00603,0.01661,-0.02503,0.01661,0.0
0.48,1784877656.31803,,,,,,,,,,0.13409,-0.16989,0.16076,0.01153,0.01328,0.01541,-0.16076,0.01541,0.0
0.5,1784877656.33803,,,,,,,,,,-0.11498,-0.24323,0.08564,0.01132,0.00074,0.01261,-0.08564,0.01261,0.0
0.52,1784877656.35803,,,,,,,,,,-0.04833,-0.08451,0.08111,-0.0014,0.00467,0.01772,-0.08111,0.01772,0.0
0.54,1784877656.37803,,,,,,,,,,0.019,-0.13933,0.16645,0.00173,0.01518,0.01651,-0.16645,0.01651,0.0
0.56,1784877656.39803,,,,,,,,,,-0.09922,0.0213,0.1766,-0.01221,0.00364,0.01811,-0.1766,0.01811,0.0
0.58,1784877656.41803,,,,,,,,,,-0.06411,-0.17217,0.17219,0.00696,0.00406,0.0147,-0.17219,0.0147,0.0
0.6,1784877656.43803,,,,,,,,,,0.13053,-0.05916,0.19875,0.0002,0.01688,0.01792,-0.19875,0.01792,0.0
0.62,1784877656.45803,,,,,,,,,,0.23956,-0.10561,0.1999,0.00553,0.02547,0.0138,-0.1999,0.0138,0.0
0.64,1784877656.47803,,,,,,,,,,0.02471,-0.17721,-0.0266,0.01343,0.01183,0.01692,0.0266,0.01692,0.0
0.66,1784877656.49803,,,,,,,,,,0.08495,-0.11939,0.12811,-0.00111,0.01387,0.01731,-0.12811,0.01731,0.0
0.68,1784877656.51803,,,,,,,,,,0.13477,-0.17812,0.17294,-8e-05,0.01877,0.01911,-0.17294,0.01911,0.0
0.7,1784877656.53803,,,,,,,,,,0.15813,-0.00679,0.06931,-0.00429,0.02016,0.01841,-0.06931,0.01841,0.0
0.72,1784877656.55803,,,,,,,,,,0.08898,-0.17122,0.13343,0.00243,0.02026,0.01651,-0.13343,0.01651,0.0
0.74,1784877656.57803,,,,,,,,,,0.16595,-0.13811,0.09933,0.00142,0.01936,0.01721,-0.09933,0.01721,0.0
0.76,1784877656.59803,,,,,,,,,,0.03996,-0.21615,0.07306,0.01114,0.01115,0.01551,-0.07306,0.01551,0.0
0.78,1784877656.61803,,,,,,,,,,0.03602,0.01182,0.06349,-0.00761,0.00575,0.01982,-0.06349,0.01982,0.0
0.8,1784877656.63803,,,,,,,,,,-0.01599,-0.11918,-0.00131,0.00374,0.00256,0.0149,0.00131,0.0149,0.0
0.82,1784877656.65803,,,,,,,,,,-0.39956,0.03771,0.06473,-0.0065,-0.02298,0.01701,-0.06473,0.01701,0.0
0.84,1784877656.67803,,,,,,,,,,0.28678,-0.25074,0.14663,0.01386,0.03467,0.01461,-0.14663,0.01461,0.0
0.86,1784877656.69803,,,,,,,,,,0.23096,-0.02104,-0.02742,-0.00812,0.02774,0.01972,0.02742,0.01972,0.0
0.88,1784877656.71803,,,,,,,,,,-0.02903,-0.01574,0.04917,-0.00537,0.00552,0.01851,-0.04917,0.01851,0.0
0.9,1784877656.73803,,,,,,,,,,0.04788,-0.07149,0.09396,-0.00117,0.01137,0.01651,-0.09396,0.01651,0.0
0.92,1784877656.75803,,,,,,,,,,-0.13013,-0.00698,-0.0736,-0.00529,-0.00487,0.01721,0.0736,0.01721,0.0
0.94,1784877656.77803,,,,,,,,,,0.05386,-0.08224,0.03753,-0.00668,0.0185,0.01551,-0.03753,0.01551,0.0
0.96,1784877656.79803,,,,,,,,,,0.26733,-0.33743,0.04178,0.02027,0.02757,0.01621,-0.04178,0.01621,0.0
0.98,1784877656.81803,,,,,,,,,,-0.02555,0.01526,0.01275,-0.01194,0.00482,0.02082,-0.01275,0.02082,0.0
1.0,1784877656.83803,,,,,,,,,,-0.05619,-0.09386,0.08092,-0.00226,0.00316,0.01861,-0.08092,0.01861,0.0
1.02,1784877656.85803,,,,,,,,,,0.15697,-0.14817,0.04092,0.00643,0.02309,0.01741,-0.04092,0.01741,0.0
1.04,1784877656.87803,,,,,,,,,,-0.11191,0.10014,0.06906,-0.01983,-0.00269,0.01821,-0.06906,0.01821,0.0
1.06,1784877656.89803,,,,,,,,,,0.0861,-0.03098,0.05377,-0.00114,0.01049,0.01561,-0.05377,0.01561,0.0
1.08,1784877656.91803,,,,,,,,,,-0.04117,-0.06723,0.07153,-0.00058,0.00595,0.01801,-0.07153,0.01801,0.0
1.1,1784877656.93803,,,,,,,,,,0.20185,-0.34338,0.01149,0.02086,0.02509,0.0138,-0.01149,0.0138,0.0
1.12,1784877656.95803,,,,,,,,,,0.21037,-0.10914,0.0633,-0.00022,0.02546,0.02052,-0.0633,0.02052,0.0
1.14,1784877656.97803,,,,,,,,,,0.02068,-0.05055,0.08412,-0.00729,0.00633,0.01861,-0.08412,0.01861,0.0
1.16,1784877656.99803,,,,,,,,,,-0.46861,-0.01394,0.00546,-0.00508,-0.02459,0.01651,-0.00546,0.01651,0.0
1.18,1784877657.01803,,,,,,,,,,0.04457,0.07264,0.00121,-0.01109,0.01193,0.01631,-0.00121,0.01631,0.0
1.2,1784877657.03803,,,,,,,,,,0.16931,-0.04181,0.07653,-0.00817,0.02257,0.01811,-0.07653,0.01811,0.0
1.22,1784877657.05803,,,,,,,,,,0.34118,-0.13824,0.18117,-0.00237,0.03137,0.02011,-0.18117,0.02011,0.0
1.24,1784877657.07803,,,,,,,,,,-0.1069,0.02219,-0.00574,-0.00989,0.00071,0.01761,0.00574,0.01761,0.0
1.26,1784877657.09803,,,,,,,,,,0.24339,-0.14051,0.13768,0.00094,0.02521,0.01641,-0.13768,0.01641,0.0
1.28,1784877657.11803,,,,,,,,,,0.08615,-0.17112,0.1548,0.00312,0.01654,0.01721,-0.1548,0.01721,0.0
1.3,1784877657.13803,,,,,,,,,,0.27336,-0.07944,0.11864,-0.00399,0.02968,0.02092,-0.11864,0.02092,0.0
1.32,1784877657.15803,,,,,,,,,,0.13482,-0.02783,-0.09987,-0.00298,0.01593,0.0168,0.09987,0.0168,0.0
1.34,1784877657.17803,,,,,,,,,,-0.20375,-0.11165,-0.00069,-0.00188,-0.00648,0.01541,0.00069,0.01541,0.0
1.36,1784877657.19803,,,,,,,,,,-0.04226,-0.03926,-0.05672,-0.00448,0.00568,0.01531,0.05672,0.01531,0.0
1.38,1784877657.21803,,,,,,,,,,-0.04063,-0.05284,-0.0066,-0.00478,0.00546,0.01711,0.0066,0.01711,0.0
1.4,1784877657.23803,,,,,,,,,,-0.54586,0.1169,0.16378,-0.02371,-0.02629,0.02092,-0.16378,0.02092,0.0
1.42,1784877657.25803,,,,,,,,,,0.28993,-0.0978,0.10056,-0.00054,0.03066,0.0177,-0.10056,0.0177,0.0
1.44,1784877657.27803,,,,,,,,,,-0.03653,-0.08544,-0.01468,0.00132,0.0039,0.01911,0.01468,0.01911,0.0
1.46,1784877657.29803,,,,,,,,,,0.08579,0.05123,0.06476,-0.0078,0.01198,0.01931,-0.06476,0.01931,0.0
1.48,1784877657.31803,,,,,,,,,,0.12403,-0.1705,0.08101,0.00564,0.01957,0.0157,-0.08101,0.0157,0.0
1.5,1784877657.33803,,,,,,,,,,0.08022,-0.13499,-0.05624,0.00992,0.01665,0.01351,0.05624,0.01351,0.0
1.52,1784877657.35803,,,,,,,,,,0.27174,-0.19682,0.22351,0.01202,0.02708,0.01601,-0.22351,0.01601,0.0
1.54,1784877657.37803,,,,,,,,,,0.20485,-0.21512,0.12948,0.02033,0.02105,0.01361,-0.12948,0.01361,0.0
1.56,1784877657.39803,,,,,,,,,,-0.10231,-0.01345,0.12381,-0.00492,0.00043,0.01872,-0.12381,0.01872,0.0
1.58,1784877657.41803,,,,,,,,,,0.10321,-0.20677,0.16617,0.00664,0.0217,0.01751,-0.16617,0.01751,0.0
1.6,1784877657.43803,,,,,,,,,,0.38163,-0.05089,0.05891,-0.0026,0.03508,0.01911,-0.05891,0.01911,0.0
1.62,1784877657.45803,,,,,,,,,,0.05039,-0.13768,0.11071,0.00433,0.01372,0.01661,-0.11071,0.01661,0.0
1.64,1784877657.47803,,,,,,,,,,0.10947,0.00847,0.12581,-0.0083,0.01757,0.01901,-0.12581,0.01901,0.0
1.66,1784877657.49803,,,,,,,,,,-0.07183,-0.08609,0.02212,-0.00076,0.00384,0.0157,-0.02212,0.0157,0.0
1.68,1784877657.51803,,,,,,,,,,0.04694,-0.03339,0.00709,-0.00429,0.01398,0.01441,-0.00709,0.01441,0.0
1.7,1784877657.53803,,,,,,,,,,-0.12171,-0.05695,-0.00772,-0.00568,-7e-05,0.01972,0.00772,0.01972,0.0
1.72,1784877657.55803,,,,,,,,,,0.08629,-0.12791,0.13134,0.00504,0.01719,0.0158,-0.13134,0.0158,0.0
1.74,1784877657.57803,,,,,,,,,,0.23832,-0.11276,0.2044,-0.00189,0.03008,0.01982,-0.2044,0.01982,0.0
1.76,1784877657.59803,,,,,,,,,,-0.04891,0.06279,0.01597,-0.0127,0.00061,0.02031,-0.01597,0.02031,0.0
1.78,1784877657.61803,,,,,,,,,,0.14989,-0.18515,0.12632,0.01236,0.01529,0.014,-0.12632,0.014,0.0
1.8,1784877657.63803,,,,,,,,,,0.06702,-0.07366,0.17316,-0.00191,0.01185,0.01962,-0.17316,0.01962,0.0
1.82,1784877657.65803,,,,,,,,,,0.19764,-0.04388,0.0586,-0.00378,0.02208,0.01761,-0.0586,0.01761,0.0
1.84,1784877657.67803,,,,,,,,,,-0.0239,0.10916,0.14577,-0.0182,0.00974,0.02092,-0.14577,0.02092,0.0
1.86,1784877657.69803,,,,,,,,,,0.1855,-0.13574,0.00795,0.00546,0.02359,0.0141,-0.00795,0.0141,0.0
1.88,1784877657.71803,,,,,,,,,,0.0363,-0.12553,0.13144,0.00281,0.01264,0.01601,-0.13144,0.01601,0.0
1.9,1784877657.73803,,,,,,,,,,0.28495,-0.19703,0.10433,0.00673,0.03019,0.01721,-0.10433,0.01721,0.0
1.92,1784877657.75803,,,,,,,,,,-0.00314,-0.09892,0.03659,0.00632,0.00341,0.0137,-0.03659,0.0137,0.0
1.94,1784877657.77803,,,,,,,,,,0.07669,0.00556,0.11985,-0.01361,0.01649,0.01782,-0.11985,0.01782,0.0
1.96,1784877657.79803,,,,,,,,,,-0.01177,-0.161,0.10536,0.01127,0.00654,0.0111,-0.10536,0.0111,0.0
1.98,1784877657.81803,,,,,,,,,,0.22061,0.00181,0.05131,-0.01283,0.02509,0.02203,-0.05131,0.02203,0.0
2.0,1784877657.83803,,,,,,,,,,-0.14406,-0.02698,0.02497,0.00045,-0.00249,0.01429,-0.02497,0.01429,0.0
2.02,1784877657.85803,A1700_B1700,1,1700,1700,1700,1700,12.60646,0.0,0.0,0.11701,-0.22613,0.11015,0.00763,0.02221,0.01601,-0.11015,0.01601,0.0
2.04,1784877657.87803,A1700_B1700,1,1700,1700,1700,1700,12.60391,0.0,0.0,0.01407,-0.14002,-0.01102,0.00011,0.01174,0.01541,0.01102,0.01541,0.0
2.06,1784877657.89803,A1700_B1700,1,1700,1700,1700,1700,12.603,0.0,0.0,-0.04678,-0.04897,0.00896,-0.00348,0.00936,0.01711,-0.00896,0.01711,0.0
2.08,1784877657.91803,A1700_B1700,1,1700,1700,1700,1700,12.603,0.0,0.0,0.08613,0.05797,-0.03238,-0.0146,0.01196,0.01551,0.03238,0.01551,0.0
2.1,1784877657.93803,A1700_B1700,1,1700,1700,1700,1700,12.603,0.0,0.0,0.2788,-0.23061,0.22144,0.00676,0.03209,0.01441,-0.22144,0.01441,0.0
2.12,1784877657.95803,A1700_B1700,1,1700,1700,1700,1700,12.49679,6.28942,78.59762,-0.14535,-0.00637,0.02702,-0.01602,-0.01713,-0.01905,-0.02702,-0.01905,0.0
2.14,1784877657.97803,A1700_B1700,1,1700,1700,1700,1700,12.38944,12.6469,156.68802,-0.12078,-0.68418,0.11539,0.04703,-0.03626,-0.12456,-0.11539,-0.12456,0.0
2.16,1784877657.99803,A1700_B1700,1,1700,1700,1700,1700,12.334,15.93,196.48062,-0.61855,-0.27629,-0.07514,0.01546,-0.08732,-0.11946,0.07514,-0.11946,0.0
2.18,1784877658.01803,A1700_B1700,1,1700,1700,1700,1700,12.334,15.93,196.48062,0.03028,0.68091,-0.77704,-0.05729,0.01544,0.08695,0.77704,0.08695,0.0
2.2,1784877658.03803,A1700_B1700,1,1700,1700,1700,1700,12.33384,15.75725,194.34739,0.37044,-0.13173,-0.73951,-0.00438,0.06602,0.06964,0.73951,0.06964,0.0
2.22,1784877658.05803,A1700_B1700,1,1700,1700,1700,1700,12.331,12.70194,156.62762,-0.25079,-0.68296,-2.13275,0.01304,-0.01358,0.03466,2.13275,0.03466,0.0
2.24,1784877658.07803,A1700_B1700,1,1700,1700,1700,1700,12.32815,9.64664,118.92523,0.19657,0.14216,-2.26196,-0.00561,0.04938,0.02861,2.26196,0.02861,0.0
2.26,1784877658.09803,A1700_B1700,1,1700,1700,1700,1700,12.327,8.41,103.67007,-0.10109,-0.34648,-3.43847,-0.00237,-0.01757,0.03462,3.43847,0.03462,0.0
2.28,1784877658.11803,A1700_B1700,1,1700,1700,1700,1700,12.327,8.41,103.67007,0.53813,-0.04519,-2.70546,-0.00629,0.09055,-0.01427,2.70546,-0.01427,0.0
2.3,1784877658.13803,A1700_B1700,1,1700,1700,1700,1700,12.32181,8.83963,108.92023,-0.32267,0.21647,-3.85358,-0.0194,-0.00312,-0.02961,3.85358,-0.02961,0.0
2.32,1784877658.15803,A1700_B1700,1,1700,1700,1700,1700,12.23222,16.25374,198.81932,-0.84671,-0.31824,-5.04046,0.00987,-0.06252,-0.0388,5.04046,-0.0388,0.0
2.34,1784877658.17803,A1700_B1700,1,1700,1700,1700,1700,12.14264,23.66784,287.39002,1.09322,0.37526,-6.7672,-0.04358,0.10805,-0.02076,6.7672,-0.02076,0.0
2.36,1784877658.19803,A1700_B1700,1,1700,1700,1700,1700,12.106,26.7,323.2302,0.91714,0.29723,-9.47474,-0.04798,0.0335,-0.02861,9.47474,-0.02861,0.0
2.38,1784877658.21803,A1700_B1700,1,1700,1700,1700,1700,12.106,26.7,323.2302,-0.70795,-0.29456,-9.49978,0.08745,-0.05607,0.0235,9.49978,0.0235,0.0
2.4,1784877658.23803,A1700_B1700,1,1700,1700,1700,1700,12.106,26.7,323.2302,-0.01807,-0.26895,-9.63908,-0.05374,0.05155,0.03562,9.63908,0.03562,0.0
2.42,1784877658.25803,A1700_B1700,1,1700,1700,1700,1700,12.09104,23.39736,282.89852,-0.7054,-0.3819,-11.03659,0.00224,-0.02769,0.01558,11.03659,0.01558,0.0
2.44,1784877658.27803,A1700_B1700,1,1700,1700,1700,1700,12.07544,19.95225,240.9323,0.09717,-0.30154,-10.63288,0.00121,0.03168,0.01511,10.63288,0.01511,0.0
2.46,1784877658.29803,A1700_B1700,1,1700,1700,1700,1700,12.07,18.75,226.3125,-0.06814,-0.37694,-11.22949,0.00202,0.03385,0.0117,11.22949,0.0117,0.0
2.48,1784877658.31803,A1700_B1700,1,1700,1700,1700,1700,12.07,18.75,226.3125,-0.19326,-0.36737,-11.661,-0.01491,0.01072,0.01762,11.661,0.01762,0.0
2.5,1784877658.33803,A1700_B1700,1,1700,1700,1700,1700,12.07,18.74634,226.26836,-0.2065,-0.29498,-10.98271,0.01117,0.01277,0.0111,10.98271,0.0111,0.0
2.52,1784877658.35803,A1700_B1700,1,1700,1700,1700,1700,12.0704,18.39313,222.01247,-0.29875,-0.39007,-11.60116,-0.01102,-0.00116,0.01932,11.60116,0.01932,0.0
2.54,1784877658.37803,A1700_B1700,1,1700,1700,1700,1700,12.0708,18.03993,217.75629,0.09146,-0.57078,-11.3131,0.03129,0.03783,0.0131,11.3131,0.0131,0.0
2.56,1784877658.39803,A1700_B1700,1,1700,1700,1700,1700,12.071,17.86,215.58806,-0.23622,-0.13585,-11.34181,-0.01156,-0.00191,0.0087,11.34181,0.0087,0.0
2.58,1784877658.41803,A1700_B1700,1,1700,1700,1700,1700,12.071,17.86,215.58806,-0.275,-0.36126,-11.90102,0.02829,0.03383,0.02724,11.90102,0.02724,0.0
2.6,1784877658.43803,A1700_B1700,1,1700,1700,1700,1700,12.0721,17.84901,215.47504,-0.07377,-0.15962,-10.89663,-0.01817,-0.01132,0.00136,10.89663,0.00136,0.0
2.62,1784877658.45803,A1700_B1700,1,1700,1700,1700,1700,12.08812,17.68879,213.82428,-0.20145,-0.58685,-11.43569,0.01048,0.02653,0.02085,11.43569,0.02085,0.0
2.64,1784877658.47803,A1700_B1700,1,1700,1700,1700,1700,12.10414,17.52858,212.16839,-0.40351,-0.40732,-11.32971,0.01963,-0.003,0.0152,11.32971,0.0152,0.0
2.66,1784877658.49803,A1700_B1700,1,1700,1700,1700,1700,12.112,17.45,211.3544,0.12791,-0.29756,-11.12099,0.01211,0.05456,0.0089,11.12099,0.0089,0.0
2.68,1784877658.51803,A1700_B1700,1,1700,1700,1700,1700,12.112,17.45,211.3544,-0.52848,-0.48482,-11.60964,0.02384,-0.01717,0.02003,11.60964,0.02003,0.0
2.7,1784877658.53803,A1700_B1700,1,1700,1700,1700,1700,12.10971,17.44628,211.26946,-0.01452,0.29151,-11.04868,-0.04239,0.02655,0.00959,11.04868,0.00959,0.0
2.72,1784877658.55803,A1700_B1700,1,1700,1700,1700,1700,12.07725,17.39353,210.06606,-0.40235,-0.42903,-11.18774,0.02054,0.00431,0.01552,11.18774,0.01552,0.0
2.74,1784877658.57803,A1700_B1700,1,1700,1700,1700,1700,12.04479,17.34078,208.86609,-0.18857,-0.02599,-11.37437,-0.02316,0.01839,0.01992,11.37437,0.01992,0.0
2.76,1784877658.59803,A1700_B1700,1,1700,1700,1700,1700,12.032,17.32,208.39424,0.15031,-0.58711,-10.96319,0.0199,0.05001,0.0131,10.96319,0.0131,0.0
2.78,1784877658.61803,A1700_B1700,1,1700,1700,1700,1700,12.032,17.32,208.39424,-0.76597,-0.43163,-11.79345,0.0153,-0.05852,0.01231,11.79345,0.01231,0.0
2.8,1784877658.63803,A1700_B1700,1,1700,1700,1700,1700,12.032,17.32,208.39424,-0.00888,-0.29461,-10.88234,0.00881,0.02211,0.02132,10.88234,0.02132,0.0
2.82,1784877658.65803,A1700_B1700,1,1700,1700,1700,1700,12.07568,17.236,208.13641,-0.12394,0.10624,-11.23025,-0.02874,0.02505,0.01059,11.23025,0.01059,0.0
2.84,1784877658.67803,A1700_B1700,1,1700,1700,1700,1700,12.12079,17.14926,207.86248,-0.40823,-0.38498,-11.53903,0.0159,-0.03884,0.01201,11.53903,0.01201,0.0
2.86,1784877658.69803,A1700_B1700,1,1700,1700,1700,1700,12.136,17.12,207.76832,-0.18438,-0.38831,-10.97502,0.01491,0.00384,0.01231,10.97502,0.01231,0.0
2.88,1784877658.71803,A1700_B1700,1,1700,1700,1700,1700,12.136,17.12,207.76832,-0.12254,-0.28764,-11.56748,0.0016,0.01647,0.01141,11.56748,0.01141,0.0
2.9,1784877658.73803,A1700_B1700,1,1700,1700,1700,1700,12.13625,17.12,207.77257,-0.14584,-0.25116,-10.95869,-0.00789,0.04701,-0.00221,10.95869,-0.00221,0.0
2.92,1784877658.75803,A1700_B1700,1,1700,1700,1700,1700,12.15003,17.12,208.00848,-0.47784,-0.42679,-10.95101,0.02908,-0.02727,0.02155,10.95101,0.02155,0.0
2.94,1784877658.77803,A1700_B1700,1,1700,1700,1700,1700,12.16381,17.12,208.24438,1.00068,-0.42106,-11.30447,-0.00464,0.1139,0.01439,11.30447,0.01439,0.0
2.96,1784877658.79803,A1700_B1700,1,1700,1700,1700,1700,12.17,17.12,208.3504,-0.58176,-0.34348,-11.07186,0.01826,0.00586,0.02503,11.07186,0.02503,0.0
2.98,1784877658.81803,A1700_B1700,1,1700,1700,1700,1700,12.17,17.12,208.3504,-0.24364,-0.32899,-10.98821,-0.00042,0.02742,0.01189,10.98821,0.01189,0.0
3.0,1784877658.83803,A1700_B1700,1,1700,1700,1700,1700,12.17,17.12,208.3504,-0.32102,-0.3869,-11.45648,0.02156,-0.00119,0.01211,11.45648,0.01211,0.0
3.02,1784877658.85803,A1700_B1700,1,1700,1700,1700,1700,12.11591,16.99323,205.88843,-0.89111,-0.08139,-11.5705,-0.01995,-0.05432,0.03214,11.5705,0.03214,0.0
3.04,1784877658.87803,A1700_B1700,1,1700,1700,1700,1700,12.06039,16.86311,203.37566,-0.37846,-0.38716,-11.35914,0.00948,-0.00836,0.00636,11.35914,0.00636,0.0
3.06,1784877658.89803,A1700_B1700,1,1700,1700,1700,1700,12.042,16.82,202.54644,-0.15714,0.02463,-11.05765,-0.01202,0.00718,0.00061,11.05765,0.00061,0.0
3.08,1784877658.91803,A1700_B1700,1,1700,1700,1700,1700,12.042,16.82,202.54644,0.17031,-0.69976,-11.25537,0.033,0.0299,0.02104,11.25537,0.02104,0.0
3.1,1784877658.93803,A1700_B1700,1,1700,1700,1700,1700,12.04284,16.82097,202.57232,-0.37455,-0.07033,-11.17483,-0.01947,-0.00831,0.00889,11.17483,0.00889,0.0
3.12,1784877658.95803,A1700_B1700,1,1700,1700,1700,1700,12.05339,16.83315,202.89651,-0.14392,-0.42591,-11.07045,0.00487,0.01881,0.02173,11.07045,0.02173,0.0
3.14,1784877658.97803,A1700_B1700,1,1700,1700,1700,1700,12.06394,16.84532,203.22095,0.1974,-0.70498,-10.73667,0.02986,0.04029,0.01159,10.73667,0.01159,0.0
3.16,1784877658.99803,A1700_B1700,1,1700,1700,1700,1700,12.068,16.85,203.3458,-0.24567,-0.47609,-11.1962,0.0169,0.00981,0.01211,11.1962,0.01211,0.0
3.18,1784877659.01803,A1700_B1700,1,1700,1700,1700,1700,12.068,16.85,203.3458,0.25209,-0.55557,-10.96003,-0.0001,0.06215,0.02313,10.96003,0.02313,0.0
3.2,1784877659.03803,A1700_B1700,1,1700,1700,1700,1700,12.068,16.85,203.3458,-0.37742,-0.11747,-10.82553,0.00363,0.00335,0.01349,10.82553,0.01349,0.0
3.22,1784877659.05803,A1700_B1700,1,1700,1700,1700,1700,12.04806,16.86697,203.2143,-0.20219,-0.254,-11.12801,0.01414,0.0179,0.01321,11.12801,0.01321,0.0
3.24,1784877659.07803,A1700_B1700,1,1700,1700,1700,1700,12.02766,16.88433,203.07901,-0.46507,-0.74937,-11.01356,0.03956,-0.00228,0.02503,11.01356,0.02503,0.0
3.26,1784877659.09803,A1700_B1700,1,1700,1700,1700,1700,12.021,16.89,203.03469,-0.03615,0.08033,-11.23799,-0.02539,0.0223,0.0182,11.23799,0.0182,0.0
3.28,1784877659.11803,A1700_B1700,1,1700,1700,1700,1700,12.021,16.89,203.03469,-0.21207,-0.43449,-11.02541,0.00959,0.00272,0.02092,11.02541,0.02092,0.0
3.3,1784877659.13803,A1700_B1700,1,1700,1700,1700,1700,12.01948,16.88433,202.94086,-0.12051,-0.21644,-10.90915,-0.00201,0.03091,0.02131,10.90915,0.02131,0.0
3.32,1784877659.15803,A1700_B1700,1,1700,1700,1700,1700,11.96819,16.69361,199.79236,-0.21958,-0.23308,-11.93959,-0.00108,-0.0036,0.00869,11.93959,0.00869,0.0
3.34,1784877659.17803,A1700_B1700,1,1700,1700,1700,1700,11.91691,16.50289,196.66343,-0.7258,-0.30861,-10.73897,-0.00619,-0.03839,0.00821,10.73897,0.00821,0.0
3.36,1784877659.19803,A1700_B1700,1,1700,1700,1700,1700,11.9,16.44,195.636,-0.14697,-0.33433,-11.0893,0.00043,0.02226,0.01462,11.0893,0.01462,0.0
3.38,1784877659.21803,A1700_B1700,1,1700,1700,1700,1700,11.9,16.44,195.636,0.64427,-0.47422,-11.15141,0.03457,0.08785,0.0099,11.15141,0.0099,0.0
3.4,1784877659.23803,A1700_B1700,1,1700,1700,1700,1700,11.9017,16.44178,195.68525,-0.03582,-0.08996,-11.01348,-0.02037,0.02575,0.02103,11.01348,0.02103,0.0
3.42,1784877659.25803,A1700_B1700,1,1700,1700,1700,1700,12.023,16.56863,199.20468,-0.49741,-0.64216,-10.87751,0.01288,0.02818,0.0178,10.87751,0.0178,0.0
3.44,1784877659.27803,A1700_B1700,1,1700,1700,1700,1700,12.1443,16.69548,202.75488,-0.15118,0.21669,-11.38083,-0.01072,-0.0095,0.0101,11.38083,0.0101,0.0
3.46,1784877659.29803,A1700_B1700,1,1700,1700,1700,1700,12.206,16.76,204.57256,-0.12863,-0.71266,-10.48898,0.0331,0.02683,0.02013,10.48898,0.02013,0.0
3.48,1784877659.31803,A1700_B1700,1,1700,1700,1700,1700,12.206,16.76,204.57256,-0.19931,-0.05095,-11.27503,-0.01677,0.02495,0.0168,11.27503,0.0168,0.0
3.5,1784877659.33803,A1700_B1700,1,1700,1700,1700,1700,12.20067,16.76267,204.51573,-0.47994,-0.12225,-11.31731,-0.01917,-0.02712,0.01361,11.31731,0.01361,0.0
3.52,1784877659.35803,A1700_B1700,1,1700,1700,1700,1700,12.14392,16.79104,203.90908,-0.45661,-0.53323,-10.98858,0.03801,-0.04175,0.02323,10.98858,0.02323,0.0
3.54,1784877659.37803,A1700_B1700,1,1700,1700,1700,1700,12.08718,16.81941,203.29921,-0.67616,-0.30496,-11.27962,0.01357,0.02036,0.02431,11.27962,0.02431,0.0
3.56,1784877659.39803,A1700_B1700,1,1700,1700,1700,1700,12.066,16.83,203.07078,0.26826,-0.32668,-11.19541,-0.0051,0.0525,0.00538,11.19541,0.00538,0.0
3.58,1784877659.41803,A1700_B1700,1,1700,1700,1700,1700,12.066,16.83,203.07078,0.08934,-0.12316,-10.9362,-0.02481,0.03272,0.02314,10.9362,0.02314,0.0
3.6,1784877659.43803,A1700_B1700,1,1700,1700,1700,1700,12.06596,16.82648,203.0276,-0.04096,0.07548,-11.49344,-0.01777,0.03206,0.0181,11.49344,0.0181,0.0
3.62,1784877659.45803,A1700_B1700,1,1700,1700,1700,1700,12.06555,16.78991,202.57953,0.0077,-0.5282,-10.58824,0.02919,0.03226,0.0092,10.58824,0.0092,0.0
3.64,1784877659.47803,A1700_B1700,1,1700,1700,1700,1700,12.06515,16.75334,202.13149,-0.2364,-0.31415,-10.80411,-3e-05,0.01513,0.02183,10.80411,0.02183,0.0
3.66,1784877659.49803,A1700_B1700,1,1700,1700,1700,1700,12.065,16.74,201.9681,0.1734,-0.20217,-11.29903,-0.00108,0.04932,0.02241,11.29903,0.02241,0.0
3.68,1784877659.51803,A1700_B1700,1,1700,1700,1700,1700,12.065,16.74,201.9681,-0.19526,0.06181,-11.0365,-0.00619,0.02081,0.00789,11.0365,0.00789,0.0
3.7,1784877659.53803,A1700_B1700,1,1700,1700,1700,1700,12.065,16.74,201.9681,-0.17139,-0.52598,-10.98157,0.02026,0.02898,0.02434,10.98157,0.02434,0.0
3.72,1784877659.55803,A1700_B1700,1,1700,1700,1700,1700,12.01117,16.77876,201.53254,0.05345,0.20447,-11.01716,-0.05971,0.00863,0.01459,11.01716,0.01459,0.0
3.74,1784877659.57803,A1700_B1700,1,1700,1700,1700,1700,11.95708,16.8177,201.09063,-0.84768,-0.28252,-11.38278,0.0412,-0.03701,0.0079,11.38278,0.0079,0.0
3.76,1784877659.59803,A1700_B1700,1,1700,1700,1700,1700,11.94,16.83,200.9502,0.06081,-0.46068,-11.34838,0.01266,0.03398,0.02083,11.34838,0.02083,0.0
3.78,1784877659.61803,A1700_B1700,1,1700,1700,1700,1700,11.94,16.83,200.9502,-0.69688,0.03331,-11.24294,-0.0044,-0.02895,0.0169,11.24294,0.0169,0.0
3.8,1784877659.63803,A1700_B1700,1,1700,1700,1700,1700,11.94033,16.82581,200.90571,0.41883,-0.54771,-10.78338,-0.00758,0.03898,-0.00352,10.78338,-0.00352,0.0
3.82,1784877659.65803,A1700_B1700,1,1700,1700,1700,1700,11.94669,16.74532,200.05105,-0.30697,-0.37121,-11.15257,-0.01499,0.01301,0.02135,11.15257,0.02135,0.0
3.84,1784877659.67803,A1700_B1700,1,1700,1700,1700,1700,11.95304,16.66483,199.19537,-0.17274,-0.00446,-10.98105,-0.00677,0.01557,0.01169,10.98105,0.01169,0.0
3.86,1784877659.69803,A1700_B1700,1,1700,1700,1700,1700,11.955,16.64,198.9312,-0.49215,-0.78761,-10.56608,0.0474,0.00634,0.01572,10.56608,0.01572,0.0
3.88,1784877659.71803,A1700_B1700,1,1700,1700,1700,1700,11.955,16.64,198.9312,-0.22872,-0.13992,-11.22462,-0.01709,0.02239,0.01451,11.22462,0.01451,0.0
3.9,1784877659.73803,A1700_B1700,1,1700,1700,1700,1700,11.95885,16.64491,199.05398,0.01604,-0.02505,-11.25172,-0.01937,0.03147,0.01972,11.25172,0.01972,0.0
3.92,1784877659.75803,A1700_B1700,1,1700,1700,1700,1700,12.03461,16.74163,201.47887,-0.23213,-0.08981,-11.03086,-0.00075,0.01063,0.02572,11.03086,0.02572,0.0
3.94,1784877659.77803,A1700_B1700,1,1700,1700,1700,1700,12.11036,16.83834,203.9184,-0.35465,-0.69224,-10.96313,0.04539,0.00285,0.0173,10.96313,0.0173,0.0
3.96,1784877659.79803,A1700_B1700,1,1700,1700,1700,1700,12.143,16.88,204.97384,-0.28998,-0.18399,-10.98895,-0.01108,0.00767,0.01451,10.98895,0.01451,0.0
3.98,1784877659.81803,A1700_B1700,1,1700,1700,1700,1700,12.143,16.88,204.97384,-0.6586,-0.08164,-11.2456,-0.00967,-0.04492,0.01341,11.2456,0.01341,0.0
4.0,1784877659.83803,A1700_B1700,1,1700,1700,1700,1700,12.13465,16.86501,204.65094,-0.16075,-0.17465,-11.19668,-0.02771,0.01687,0.0061,11.19668,0.0061,0.0
4.02,1784877659.85803,A1700_B1700,1,1700,1700,1700,1700,12.05556,16.72306,201.60583,-0.39476,-0.53055,-10.95213,0.01349,-0.00098,0.02604,10.95213,0.02604,0.0
4.04,1784877659.87803,A1700_B1700,1,1700,1700,1700,1700,11.97647,16.58111,198.58317,0.13479,-0.6314,-11.07413,-0.01153,0.06567,0.00668,11.07413,0.00668,0.0
4.06,1784877659.89803,A1700_B1700,1,1700,1700,1700,1700,11.948,16.53,197.50044,-0.08324,0.15586,-11.17594,-0.01298,0.02008,0.02414,11.17594,0.02414,0.0
4.08,1784877659.91803,A1700_B1700,1,1700,1700,1700,1700,11.948,16.53,197.50044,-0.51764,-0.29635,-10.84636,0.00795,0.01336,0.0191,10.84636,0.0191,0.0
4.1,1784877659.93803,A1700_B1700,1,1700,1700,1700,1700,11.948,16.53,197.50044,-0.32563,-0.66629,-11.03736,0.03816,0.00334,0.0147,11.03736,0.0147,0.0
4.12,1784877659.95803,A1700_B1700,1,1700,1700,1700,1700,11.9695,16.70199,199.9144,0.08601,-0.09274,-10.7477,-0.01016,0.04373,0.0098,10.7477,0.0098,0.0
4.14,1784877659.97803,A1700_B1700,1,1700,1700,1700,1700,11.99132,16.87652,202.37169,0.11828,-0.39588,-11.00175,0.00045,0.03925,0.01832,11.00175,0.01832,0.0
4.16,1784877659.99803,A1700_B1700,1,1700,1700,1700,1700,11.998,16.93,203.12614,-1.12044,-0.23258,-11.43984,0.00583,-0.0627,0.0157,11.43984,0.0157,0.0
4.18,1784877660.01803,A1700_B1700,1,1700,1700,1700,1700,11.998,16.93,203.12614,-0.52385,-0.53661,-11.18413,0.03957,-0.01966,0.01982,11.18413,0.01982,0.0
4.2,1784877660.03803,A1700_B1700,1,1700,1700,1700,1700,11.99864,16.92514,203.07869,-0.06791,-0.34695,-11.26758,0.00356,0.02502,0.0149,11.26758,0.0149,0.0
4.22,1784877660.05803,A1700_B1700,1,1700,1700,1700,1700,12.00923,16.84466,202.29141,-0.4757,-0.16005,-11.69315,-0.03323,-0.04916,0.01611,11.69315,0.01611,0.0
4.24,1784877660.07803,A1700_B1700,1,1700,1700,1700,1700,12.01982,16.76418,201.50243,0.42799,-0.47132,-10.72601,0.03804,0.08018,0.01541,10.72601,0.01541,0.0
4.26,1784877660.09803,A1700_B1700,1,1700,1700,1700,1700,12.023,16.74,201.26502,-0.32414,0.08673,-10.96685,-0.02139,0.01143,0.01621,10.96685,0.01621,0.0
4.28,1784877660.11803,A1700_B1700,1,1700,1700,1700,1700,12.023,16.74,201.26502,0.24113,-0.73439,-11.34874,0.0208,0.04913,0.01541,11.34874,0.01541,0.0
4.3,1784877660.13803,A1700_B1700,1,1700,1700,1700,1700,12.0233,16.74053,201.27648,-0.39621,-0.24989,-10.99779,0.00639,0.01009,0.01531,10.99779,0.01531,0.0
4.32,1784877660.15803,A1700_B1700,1,1700,1700,1700,1700,12.05044,16.78792,202.30183,-0.47741,-0.53425,-10.93006,0.02225,-0.00646,0.01441,10.93006,0.01441,0.0
4.34,1784877660.17803,A1700_B1700,1,1700,1700,1700,1700,12.07758,16.8353,203.32975,-0.26597,-0.34154,-11.10668,0.0125,0.01029,0.02873,11.10668,0.02873,0.0
4.36,1784877660.19803,A1700_B1700,1,1700,1700,1700,1700,12.086,16.85,203.6491,0.06999,-0.09906,-11.00821,-0.0005,0.04111,0.01589,11.00821,0.01589,0.0
4.38,1784877660.21803,A1700_B1700,1,1700,1700,1700,1700,12.086,16.85,203.6491,-0.25727,-0.50888,-11.15485,0.00453,-0.00171,0.0107,11.15485,0.0107,0.0
4.4,1784877660.23803,A1700_B1700,1,1700,1700,1700,1700,12.0862,16.84982,203.65032,-0.41308,-0.05242,-11.53827,-0.00289,-0.0428,0.02834,11.53827,0.02834,0.0
4.42,1784877660.25803,A1700_B1700,1,1700,1700,1700,1700,12.11003,16.82854,203.7942,0.04022,-0.14152,-10.71926,-0.02361,0.03619,0.00777,10.71926,0.00777,0.0
4.44,1784877660.27803,A1700_B1700,1,1700,1700,1700,1700,12.13386,16.80726,203.93706,-0.65246,-0.43854,-11.04175,0.01839,-0.02505,0.02514,11.04175,0.02514,0.0
4.46,1784877660.29803,A1700_B1700,1,1700,1700,1700,1700,12.142,16.8,203.9856,0.20276,-0.06277,-10.86826,-0.03267,0.04658,0.01379,10.86826,0.01379,0.0
4.48,1784877660.31803,A1700_B1700,1,1700,1700,1700,1700,12.142,16.8,203.9856,-0.17705,-0.31126,-10.90289,0.00359,0.02822,0.02763,10.90289,0.02763,0.0
4.5,1784877660.33803,A1700_B1700,1,1700,1700,1700,1700,12.14074,16.79964,203.96007,-0.2938,-0.25046,-11.17611,0.00822,0.00272,0.0203,11.17611,0.0203,0.0
4.52,1784877660.35803,A1700_B1700,1,1700,1700,1700,1700,12.08198,16.78273,202.76854,0.00748,-0.24931,-10.88891,-0.0035,0.03451,0.01661,10.88891,0.01661,0.0
4.54,1784877660.37803,A1700_B1700,1,1700,1700,1700,1700,12.02321,16.76582,201.579,0.06644,-0.45943,-10.73171,0.02226,0.04998,0.01992,10.73171,0.01992,0.0
4.56,1784877660.39803,A1700_B1700,1,1700,1700,1700,1700,12.003,16.76,201.17028,-0.39773,-0.61481,-10.92382,0.04325,-0.00192,0.0167,10.92382,0.0167,0.0
4.58,1784877660.41803,A1700_B1700,1,1700,1700,1700,1700,12.003,16.76,201.17028,-0.53263,-0.5635,-11.21492,0.00376,-0.01495,0.01721,11.21492,0.01721,0.0
4.6,1784877660.43803,A1700_B1700,1,1700,1700,1700,1700,12.0036,16.76111,201.19367,-0.40118,-0.05151,-11.20284,-0.00258,-0.00763,0.01551,11.20284,0.01551,0.0
4.62,1784877660.45803,A1700_B1700,1,1700,1700,1700,1700,12.03395,16.81749,202.38087,0.26862,-0.43348,-11.10726,0.00263,0.03833,0.01621,11.10726,0.01621,0.0
4.64,1784877660.47803,A1700_B1700,1,1700,1700,1700,1700,12.06431,16.87386,203.57149,-0.75499,-0.17032,-11.07927,-0.0067,-0.03967,0.01811,11.07927,0.01811,0.0
4.66,1784877660.49803,A1700_B1700,1,1700,1700,1700,1700,12.073,16.89,203.91297,-0.2934,-0.21382,-11.11245,-0.00508,0.01977,0.012,11.11245,0.012,0.0
4.68,1784877660.51803,A1700_B1700,1,1700,1700,1700,1700,12.073,16.89,203.91297,0.02619,-0.52607,-11.10188,0.02677,0.01734,0.01582,11.10188,0.01582,0.0
4.7,1784877660.53803,A1700_B1700,1,1700,1700,1700,1700,12.07262,16.88709,203.8714,0.06141,0.0906,-10.68025,-0.04279,0.0442,0.01451,10.68025,0.01451,0.0
4.72,1784877660.55803,A1700_B1700,1,1700,1700,1700,1700,12.06756,16.84816,203.31619,0.21363,-0.49451,-11.1535,0.01502,0.06439,0.01972,11.1535,0.01972,0.0
4.74,1784877660.57803,A1700_B1700,1,1700,1700,1700,1700,12.0625,16.80923,202.76139,-0.6144,-0.67266,-11.07239,0.03664,-0.04191,0.01039,11.07239,0.01039,0.0
4.76,1784877660.59803,A1700_B1700,1,1700,1700,1700,1700,12.06,16.79,202.4874,0.11707,0.07377,-10.5399,-0.01767,0.06254,0.01652,10.5399,0.01652,0.0
4.78,1784877660.61803,A1700_B1700,1,1700,1700,1700,1700,12.06,16.79,202.4874,-0.35256,-0.4301,-11.16295,0.01678,0.01216,0.01911,11.16295,0.01911,0.0
4.8,1784877660.63803,A1700_B1700,1,1700,1700,1700,1700,12.05724,16.78606,202.39357,-0.19026,-0.6268,-11.16879,0.02573,0.01608,0.0112,11.16879,0.0112,0.0
4.82,1784877660.65803,A1700_B1700,1,1700,1700,1700,1700,12.02093,16.73419,201.16049,0.03701,-0.16086,-11.01978,-0.02246,0.04881,0.01662,11.01978,0.01662,0.0
4.84,1784877660.67803,A1700_B1700,1,1700,1700,1700,1700,11.98462,16.68231,199.93118,-0.78721,-0.60587,-11.34052,0.04884,-0.0514,0.00559,11.34052,0.00559,0.0
4.86,1784877660.69803,A1700_B1700,1,1700,1700,1700,1700,11.969,16.66,199.40354,-0.65085,-0.71168,-10.88244,0.02387,-0.04291,0.01783,10.88244,0.01783,0.0
4.88,1784877660.71803,A1700_B1700,1,1700,1700,1700,1700,11.969,16.66,199.40354,0.12145,0.22465,-11.13748,-0.05279,0.05571,0.013,11.13748,0.013,0.0
4.9,1784877660.73803,A1700_B1700,1,1700,1700,1700,1700,11.97317,16.66854,199.57532,0.0716,-0.25549,-11.20916,-0.00489,0.0302,0.01411,11.20916,0.01411,0.0
4.92,1784877660.75803,A1700_B1700,1,1700,1700,1700,1700,12.00467,16.73306,200.87491,-0.01401,-0.62757,-10.94108,0.02375,0.01454,0.01792,10.94108,0.01792,0.0
4.94,1784877660.77803,A1700_B1700,1,1700,1700,1700,1700,12.03617,16.79758,202.17857,-0.48781,0.09496,-10.81575,-0.01614,0.01867,0.01651,10.81575,0.01651,0.0
4.96,1784877660.79803,A1700_B1700,1,1700,1700,1700,1700,12.052,16.83,202.83516,-0.18546,-0.85438,-11.11357,0.06215,0.01565,0.02262,11.11357,0.02262,0.0
4.98,1784877660.81803,A1700_B1700,1,1700,1700,1700,1700,12.052,16.83,202.83516,-0.06838,-0.41476,-11.06077,0.01263,0.01887,0.01339,11.06077,0.01339,0.0
5.0,1784877660.83803,A1700_B1700,1,1700,1700,1700,1700,12.04987,16.81956,202.67347,-0.29596,-0.00547,-11.08555,-0.02172,0.02918,0.01231,11.08555,0.01231,0.0
5.02,1784877660.85803,A1700_B1700,1,1700,1700,1700,1700,12.02926,16.71863,201.11277,-0.35695,-0.8146,-11.56973,0.03651,-0.02472,0.03034,11.56973,0.03034,0.0
5.04,1784877660.87803,A1700_B1700,1,1700,1700,1700,1700,12.00866,16.6177,199.55623,0.05293,-0.20242,-10.98863,-0.00996,0.02424,0.01969,10.98863,0.01969,0.0
5.06,1784877660.89803,A1700_B1700,1,1700,1700,1700,1700,12.003,16.59,199.12977,-0.43812,-0.24789,-11.36999,0.01577,-0.02022,0.01561,11.36999,0.01561,0.0
5.08,1784877660.91803,A1700_B1700,1,1700,1700,1700,1700,12.003,16.59,199.12977,-0.10921,0.07311,-11.17322,-0.02585,0.00761,0.0117,11.17322,0.0117,0.0
5.1,1784877660.93803,A1700_B1700,1,1700,1700,1700,1700,12.00173,16.58954,199.10313,-0.22003,-1.00711,-10.66947,0.05034,0.01306,0.02663,10.66947,0.02663,0.0
5.12,1784877660.95803,A1700_B1700,1,1700,1700,1700,1700,11.96628,16.57657,198.35983,0.57805,-0.0161,-10.91025,-0.00928,0.07275,-0.00144,10.91025,-0.00144,0.0
5.14,1784877660.97803,A1700_B1700,1,1700,1700,1700,1700,11.93083,16.5636,197.61745,-0.48655,-0.30983,-11.23164,0.00936,0.00805,0.02055,11.23164,0.02055,0.0
5.16,1784877660.99803,A1700_B1700,1,1700,1700,1700,1700,11.921,16.56,197.41176,-0.25496,-0.71675,-10.51877,0.01853,0.01468,0.0179,10.51877,0.0179,0.0
5.18,1784877661.01803,A1700_B1700,1,1700,1700,1700,1700,11.921,16.56,197.41176,-0.4817,-0.32545,-11.0286,0.04446,-0.0216,0.02362,11.0286,0.02362,0.0
5.2,1784877661.03803,A1700_B1700,1,1700,1700,1700,1700,11.92157,16.56055,197.42779,-0.32422,-0.4757,-11.2898,-0.00416,0.02564,0.01079,11.2898,0.01079,0.0
5.22,1784877661.05803,A1700_B1700,1,1700,1700,1700,1700,11.93983,16.57793,197.93774,-0.19654,-0.31703,-10.94715,0.00554,-0.0084,0.01382,10.94715,0.01382,0.0
5.24,1784877661.07803,A1700_B1700,1,1700,1700,1700,1700,11.95809,16.59532,198.44832,-0.31279,0.21918,-11.46074,-0.04416,-0.01995,0.01431,11.46074,0.01431,0.0
5.26,1784877661.09803,A1700_B1700,1,1700,1700,1700,1700,11.963,16.6,198.5858,-0.38359,-1.01415,-10.74973,0.05838,-0.01443,0.01792,10.74973,0.01792,0.0
5.28,1784877661.11803,A1700_B1700,1,1700,1700,1700,1700,11.963,16.6,198.5858,-0.26271,-0.32785,-11.02044,0.00622,0.00339,0.02011,11.02044,0.02011,0.0
5.3,1784877661.13803,A1700_B1700,1,1700,1700,1700,1700,11.96205,16.59499,198.51009,0.27129,0.0917,-11.13321,-0.03233,0.04672,0.00769,11.13321,0.00769,0.0
5.32,1784877661.15803,A1700_B1700,1,1700,1700,1700,1700,11.95547,16.56011,197.98388,-0.19189,-0.4023,-10.73388,0.0192,0.00619,0.01442,10.73388,0.01442,0.0
5.34,1784877661.17803,A1700_B1700,1,1700,1700,1700,1700,11.94888,16.52524,197.45813,-0.3777,0.01021,-10.96512,-0.02976,-0.00144,0.0108,10.96512,0.0108,0.0
5.36,1784877661.19803,A1700_B1700,1,1700,1700,1700,1700,11.946,16.51,197.22846,-0.04658,-0.16815,-11.08544,0.00208,0.06045,0.03375,11.08544,0.03375,0.0
5.38,1784877661.21803,A1700_B1700,1,1700,1700,1700,1700,11.946,16.51,197.22846,-0.15392,-0.31769,-10.73926,0.00892,0.01318,0.01828,10.73926,0.01828,0.0
5.4,1784877661.23803,A1700_B1700,1,1700,1700,1700,1700,11.94777,16.50653,197.2163,-0.16169,-0.67472,-10.72013,0.01733,0.01267,0.0082,10.72013,0.0082,0.0
5.42,1784877661.25803,A1700_B1700,1,1700,1700,1700,1700,11.96653,16.46982,197.08672,-0.46095,-0.16428,-11.14233,-0.00161,0.00605,0.01903,11.14233,0.01903,0.0
5.44,1784877661.27803,A1700_B1700,1,1700,1700,1700,1700,11.9853,16.43311,196.95576,-0.43792,-0.39634,-10.9206,0.01425,-0.01096,0.01851,10.9206,0.01851,0.0
5.46,1784877661.29803,A1700_B1700,1,1700,1700,1700,1700,11.992,16.42,196.90864,0.15949,-0.39495,-11.50692,0.00721,0.03233,0.0129,11.50692,0.0129,0.0
5.48,1784877661.31803,A1700_B1700,1,1700,1700,1700,1700,11.992,16.42,196.90864,-0.59784,-0.09656,-11.17951,-0.01451,-0.0006,0.006,11.17951,0.006,0.0
5.5,1784877661.33803,A1700_B1700,1,1700,1700,1700,1700,11.9926,16.42331,196.95819,0.05221,-0.45909,-10.76765,-0.00056,0.01329,0.01252,10.76765,0.01252,0.0
5.52,1784877661.35803,A1700_B1700,1,1700,1700,1700,1700,12.00565,16.49484,198.03128,-0.24357,-0.80606,-10.83546,0.04719,-0.00277,0.01601,10.83546,0.01601,0.0
5.54,1784877661.37803,A1700_B1700,1,1700,1700,1700,1700,12.01869,16.56638,199.10624,0.3146,-0.22097,-10.80944,0.00265,0.0872,0.01631,10.80944,0.01631,0.0
5.56,1784877661.39803,A1700_B1700,1,1700,1700,1700,1700,12.023,16.59,199.46157,-0.18855,-0.56342,-10.66289,0.01615,0.01704,0.0127,10.66289,0.0127,0.0
5.58,1784877661.41803,A1700_B1700,1,1700,1700,1700,1700,12.023,16.59,199.46157,-0.35986,-0.59478,-11.06553,0.01642,-0.01157,0.01141,11.06553,0.01141,0.0
5.6,1784877661.43803,A1700_B1700,1,1700,1700,1700,1700,12.02109,16.58417,199.35974,-0.1032,-0.55995,-11.5097,0.04056,0.03764,0.02663,11.5097,0.02663,0.0
5.62,1784877661.45803,A1700_B1700,1,1700,1700,1700,1700,11.98118,16.46274,197.24307,-0.57045,-0.06236,-11.14228,-0.02528,-0.02795,0.01479,11.14228,0.01479,0.0
5.64,1784877661.47803,A1700_B1700,1,1700,1700,1700,1700,11.94128,16.3413,195.1361,-0.19035,-0.45447,-11.06936,0.01409,0.01744,0.01692,11.06936,0.01692,0.0
5.66,1784877661.49803,A1700_B1700,1,1700,1700,1700,1700,11.931,16.31,194.59461,-0.3411,0.29078,-11.26099,-0.03396,-0.02181,0.00649,11.26099,0.00649,0.0
5.68,1784877661.51803,A1700_B1700,1,1700,1700,1700,1700,11.931,16.31,194.59461,-0.81888,-0.92204,-11.0795,0.04495,-0.05558,0.01613,11.0795,0.01613,0.0
5.7,1784877661.53803,A1700_B1700,1,1700,1700,1700,1700,11.93328,16.31996,194.75069,-0.40371,-0.54693,-11.15825,0.00915,0.02058,0.00649,11.15825,0.00649,0.0
5.72,1784877661.55803,A1700_B1700,1,1700,1700,1700,1700,11.97764,16.51378,197.7961,0.3169,0.34975,-10.98272,-0.02462,0.01935,0.00351,10.98272,0.00351,0.0
5.74,1784877661.57803,A1700_B1700,1,1700,1700,1700,1700,12.022,16.70759,200.85871,-0.18035,-0.20276,-10.77302,-0.00254,0.01105,0.01683,10.77302,0.01683,0.0
5.76,1784877661.59803,A1700_B1700,1,1700,1700,1700,1700,12.034,16.76,201.68984,0.08619,-0.50224,-10.64414,0.01735,0.02829,0.01651,10.64414,0.01651,0.0
5.78,1784877661.61803,A1700_B1700,1,1700,1700,1700,1700,12.034,16.76,201.68984,-0.45826,-0.24428,-11.11452,-0.00061,0.03296,0.01901,11.11452,0.01901,0.0
5.8,1784877661.63803,A1700_B1700,1,1700,1700,1700,1700,12.03131,16.75551,201.59066,0.20648,-0.22502,-10.8978,-0.00909,0.05399,0.01751,10.8978,0.01751,0.0
5.82,1784877661.65803,A1700_B1700,1,1700,1700,1700,1700,12.01425,16.72709,200.96341,-0.08245,-0.35519,-11.18918,0.02087,0.00038,0.0101,11.18918,0.0101,0.0
5.84,1784877661.67803,A1700_B1700,1,1700,1700,1700,1700,11.9972,16.69866,200.33713,-0.66,-0.81637,-11.05755,0.04495,-0.03909,0.01742,11.05755,0.01742,0.0
5.86,1784877661.69803,A1700_B1700,1,1700,1700,1700,1700,11.992,16.69,200.14648,-0.40153,-0.36866,-11.0411,0.00666,-0.02201,0.02101,11.0411,0.02101,0.0
5.88,1784877661.71803,A1700_B1700,1,1700,1700,1700,1700,11.992,16.69,200.14648,0.03971,-0.23769,-11.11791,-0.0131,0.03164,0.0132,11.11791,0.0132,0.0
5.9,1784877661.73803,A1700_B1700,1,1700,1700,1700,1700,11.98946,16.6863,200.05974,0.40147,-0.51953,-10.81354,0.02398,0.08323,0.01141,10.81354,0.01141,0.0
5.92,1784877661.75803,A1700_B1700,1,1700,1700,1700,1700,11.94542,16.62225,198.55975,0.00176,-0.37824,-11.06142,-0.00783,0.03688,0.01221,11.06142,0.01221,0.0
5.94,1784877661.77803,A1700_B1700,1,1700,1700,1700,1700,11.90138,16.55819,197.06539,-0.55685,-0.68107,-11.25454,0.0405,-0.0111,0.01592,11.25454,0.01592,0.0
5.96,1784877661.79803,A1700_B1700,1,1700,1700,1700,1700,11.882,16.53,196.40946,0.15153,0.12915,-11.07581,-0.03851,0.0798,0.02172,11.07581,0.02172,0.0
5.98,1784877661.81803,A1700_B1700,1,1700,1700,1700,1700,11.882,16.53,196.40946,-0.59222,-0.61564,-10.97769,0.02883,-0.00528,0.0187,10.97769,0.0187,0.0
6.0,1784877661.83803,A1700_B1700,1,1700,1700,1700,1700,11.88163,16.52509,196.345,-0.32137,-0.51171,-10.99364,0.00657,-0.01754,0.0138,10.99364,0.0138,0.0
6.02,1784877661.85803,A1700_B1700,1,1700,1700,1700,1700,11.87937,16.4949,195.94896,-0.77483,-0.2848,-11.32799,0.01674,-0.02585,0.02232,11.32799,0.02232,0.0
6.04,1784877661.87803,A1700_B1700,1,1700,1700,1700,1700,11.8771,16.46471,195.55306,-0.11405,-0.63094,-10.98845,0.01912,0.01562,0.00799,10.98845,0.00799,0.0
6.06,1784877661.89803,A1700_B1700,1,1700,1700,1700,1700,11.876,16.45,195.3602,0.2355,-0.38378,-11.34839,-0.00151,0.04009,0.01532,11.34839,0.01532,0.0
6.08,1784877661.91803,A1700_B1700,1,1700,1700,1700,1700,11.876,16.45,195.3602,-0.01602,0.1209,-10.58471,-0.04704,0.01432,0.00279,10.58471,0.00279,0.0
6.1,1784877661.93803,A1700_B1700,1,1700,1700,1700,1700,11.87336,16.44907,195.30572,0.01179,-0.41767,-11.05242,0.01582,0.02117,0.01663,11.05242,0.01663,0.0
6.12,1784877661.95803,A1700_B1700,1,1700,1700,1700,1700,11.85076,16.44114,194.83996,-0.35225,-0.77253,-10.87264,0.04215,-0.00117,0.01561,10.87264,0.01561,0.0
6.14,1784877661.97803,A1700_B1700,1,1700,1700,1700,1700,11.82815,16.43321,194.37457,0.0822,-0.27883,-10.7093,0.00727,0.06206,0.01801,10.7093,0.01801,0.0
6.16,1784877661.99803,A1700_B1700,1,1700,1700,1700,1700,11.819,16.43,194.18617,-0.1398,-0.19066,-10.94667,0.00052,0.01338,0.02372,10.94667,0.02372,0.0
6.18,1784877662.01803,A1700_B1700,1,1700,1700,1700,1700,11.819,16.43,194.18617,-0.40955,-0.47302,-11.05452,0.01104,-0.00175,0.0144,11.05452,0.0144,0.0
6.2,1784877662.03803,A1700_B1700,1,1700,1700,1700,1700,11.83304,16.44314,194.57238,-0.3006,-0.51241,-11.55722,0.01853,0.00717,0.0097,11.55722,0.0097,0.0
6.22,1784877662.05803,A1700_B1700,1,1700,1700,1700,1700,11.92947,16.53342,197.23506,-0.3525,-0.36188,-11.10115,-0.00151,-0.00706,0.02013,11.10115,0.02013,0.0
6.24,1784877662.07803,A1700_B1700,1,1700,1700,1700,1700,12.02591,16.6237,199.91515,-0.53556,-0.52106,-10.96598,0.03408,-0.01595,0.0132,10.96598,0.0132,0.0
6.26,1784877662.09803,A1700_B1700,1,1700,1700,1700,1700,12.054,16.65,200.6991,-0.28711,-0.24917,-10.84013,-0.01946,-0.01043,-0.00662,10.84013,-0.00662,0.0
6.28,1784877662.11803,A1700_B1700,1,1700,1700,1700,1700,12.054,16.65,200.6991,-0.04869,-0.66075,-10.967,0.01658,0.03803,0.02736,10.967,0.02736,0.0
6.3,1784877662.13803,A1700_B1700,1,1700,1700,1700,1700,12.0499,16.64449,200.56447,0.16258,-0.1622,-11.21033,-0.03016,0.04777,0.00067,11.21033,0.00067,0.0
6.32,1784877662.15803,A1700_B1700,1,1700,1700,1700,1700,12.02247,16.60765,199.66503,0.09307,-0.35918,-10.36373,0.02731,0.02122,0.01534,10.36373,0.01534,0.0
6.34,1784877662.17803,A1700_B1700,1,1700,1700,1700,1700,11.99505,16.57081,198.76762,0.02732,-0.61263,-10.86587,0.02701,0.0471,0.0083,10.86587,0.0083,0.0
6.36,1784877662.19803,A1700_B1700,1,1700,1700,1700,1700,11.987,16.56,198.50472,0.03202,-0.40656,-10.82224,0.00729,0.03674,0.01452,10.82224,0.01452,0.0
6.38,1784877662.21803,A1700_B1700,1,1700,1700,1700,1700,11.987,16.56,198.50472,-1.01684,0.21447,-11.31774,-0.03804,-0.05938,0.01801,11.31774,0.01801,0.0
6.4,1784877662.23803,A1700_B1700,1,1700,1700,1700,1700,11.98577,16.56059,198.49136,0.22557,-0.64504,-10.88389,0.03834,0.024,0.012,10.88389,0.012,0.0
6.42,1784877662.25803,A1700_B1700,1,1700,1700,1700,1700,11.96754,16.56927,198.29338,-0.5217,-0.31457,-11.40353,-0.00596,0.00812,0.0068,11.40353,0.0068,0.0
6.44,1784877662.27803,A1700_B1700,1,1700,1700,1700,1700,11.94931,16.57795,198.09508,-0.38366,-0.45657,-11.04449,0.01526,-0.01908,0.00992,11.04449,0.00992,0.0
6.46,1784877662.29803,A1700_B1700,1,1700,1700,1700,1700,11.945,16.58,198.0481,0.07753,-0.31687,-11.0668,-0.01242,0.03054,0.02113,11.0668,0.02113,0.0
6.48,1784877662.31803,A1700_B1700,1,1700,1700,1700,1700,11.945,16.58,198.0481,-0.10914,0.01886,-11.31224,-0.04102,0.02905,0.0169,11.31224,0.0169,0.0
6.5,1784877662.33803,A1700_B1700,1,1700,1700,1700,1700,11.94997,16.59369,198.29419,0.10224,-0.13648,-10.25583,0.02021,0.06071,-0.00081,10.25583,-0.00081,0.0
6.52,1784877662.35803,A1700_B1700,1,1700,1700,1700,1700,11.97846,16.67214,199.70653,-0.29181,-0.25374,-11.29638,0.00739,0.00748,0.01534,11.29638,0.01534,0.0
6.54,1784877662.37803,A1700_B1700,1,1700,1700,1700,1700,12.00695,16.75058,201.12333,-0.24406,-0.30215,-11.26467,0.00432,0.00396,0.0083,11.26467,0.0083,0.0
6.56,1784877662.39803,A1700_B1700,1,1700,1700,1700,1700,12.014,16.77,201.47478,-0.41947,-0.15668,-10.67317,0.00061,0.01778,0.01722,10.67317,0.01722,0.0
6.58,1784877662.41803,A1700_B1700,1,1700,1700,1700,1700,12.014,16.77,201.47478,-0.38122,-0.55941,-11.06816,0.02365,-0.00958,0.0111,11.06816,0.0111,0.0
6.6,1784877662.43803,A1700_B1700,1,1700,1700,1700,1700,12.01195,16.76624,201.39521,-0.24681,-0.14563,-10.87675,0.00279,-0.00553,0.00851,10.87675,0.00851,0.0
6.62,1784877662.45803,A1700_B1700,1,1700,1700,1700,1700,11.98657,16.71972,200.41217,0.12051,-0.1638,-11.25769,-0.00339,0.01599,0.00741,11.25769,0.00741,0.0
6.64,1784877662.47803,A1700_B1700,1,1700,1700,1700,1700,11.9612,16.6732,199.43148,-0.10578,-0.34976,-11.57449,0.00073,0.00744,0.00731,11.57449,0.00731,0.0
6.66,1784877662.49803,A1700_B1700,1,1700,1700,1700,1700,11.954,16.66,199.15364,0.02563,-0.1629,-10.9076,-0.00239,0.02338,0.0037,10.9076,0.0037,0.0
6.68,1784877662.51803,A1700_B1700,1,1700,1700,1700,1700,11.954,16.66,199.15364,0.24329,-0.58374,-10.38516,0.04319,0.08655,0.01863,10.38516,0.01863,0.0
6.7,1784877662.53803,A1700_B1700,1,1700,1700,1700,1700,11.96089,16.67246,199.41748,-0.16111,-0.18075,-10.97442,-0.00135,0.01124,0.01851,10.97442,0.01851,0.0
6.72,1784877662.55803,A1700_B1700,1,1700,1700,1700,1700,11.99906,16.74149,200.88223,0.32036,-0.08533,-11.06413,-0.0212,0.03741,0.0138,11.06413,0.0138,0.0
6.74,1784877662.57803,A1700_B1700,1,1700,1700,1700,1700,12.03723,16.81053,202.35225,-0.85207,-0.6382,-10.94372,0.04842,-0.01823,0.01241,10.94372,0.01241,0.0
6.76,1784877662.59803,A1700_B1700,1,1700,1700,1700,1700,12.048,16.83,202.76784,0.61931,-0.20719,-11.09524,-0.02219,0.07801,0.01862,11.09524,0.01862,0.0
6.78,1784877662.61803,A1700_B1700,1,1700,1700,1700,1700,12.048,16.83,202.76784,-0.41704,0.01524,-10.87716,-0.02627,0.00724,0.02021,10.87716,0.02021,0.0
6.8,1784877662.63803,A1700_B1700,1,1700,1700,1700,1700,12.04687,16.82536,202.69301,-0.49662,-0.1033,-10.83057,-0.00956,-0.0432,-0.00312,10.83057,-0.00312,0.0
6.82,1784877662.65803,A1700_B1700,1,1700,1700,1700,1700,12.03304,16.76839,201.77472,0.12749,-0.19581,-11.23929,0.01205,0.00454,-0.00118,11.23929,-0.00118,0.0
6.84,1784877662.67803,A1700_B1700,1,1700,1700,1700,1700,12.0192,16.71142,200.858,-0.27708,-0.52786,-10.98958,0.01692,-0.00146,0.01824,10.98958,0.01824,0.0
6.86,1784877662.69803,A1700_B1700,1,1700,1700,1700,1700,12.014,16.69,200.51366,0.07588,-0.0784,-10.52828,-0.01613,0.05314,0.01941,10.52828,0.01941,0.0
6.88,1784877662.71803,A1700_B1700,1,1700,1700,1700,1700,12.014,16.69,200.51366,-0.10783,-0.2344,-11.01306,0.00275,0.02591,0.0103,11.01306,0.0103,0.0
6.9,1784877662.73803,A1700_B1700,1,1700,1700,1700,1700,12.01014,16.69223,200.47598,0.01771,-0.73498,-11.1416,0.03226,0.03127,0.00931,11.1416,0.00931,0.0
6.92,1784877662.75803,A1700_B1700,1,1700,1700,1700,1700,11.98951,16.70413,200.27434,-0.58228,0.18338,-10.89063,-0.02066,-0.05516,0.00841,10.89063,0.00841,0.0
6.94,1784877662.77803,A1700_B1700,1,1700,1700,1700,1700,11.96889,16.71603,200.07222,-0.23611,-0.27631,-11.33818,-0.00154,0.02719,0.01282,11.33818,0.01282,0.0
6.96,1784877662.79803,A1700_B1700,1,1700,1700,1700,1700,11.962,16.72,200.00464,-0.66307,-0.13191,-11.33712,-0.00689,-0.02583,0.03404,11.33712,0.03404,0.0
6.98,1784877662.81803,A1700_B1700,1,1700,1700,1700,1700,11.962,16.72,200.00464,-0.19386,0.07366,-10.69409,-0.03031,-0.01562,0.00026,10.69409,0.00026,0.0
7.0,1784877662.83803,A1700_B1700,1,1700,1700,1700,1700,11.96299,16.72881,200.12661,-0.12328,-0.21454,-11.21734,-0.00214,0.03583,0.01704,11.21734,0.01704,0.0
7.02,1784877662.85803,A1700_B1700,1,1700,1700,1700,1700,11.97442,16.83038,201.53405,0.37751,-0.06534,-10.85329,-0.03663,0.05658,0.02021,10.85329,0.02021,0.0
7.04,1784877662.87803,A1700_B1700,1,1700,1700,1700,1700,11.98585,16.93196,202.94381,-0.11308,-0.19401,-10.61433,-0.00202,0.04564,0.014,10.61433,0.014,0.0
7.06,1784877662.89803,A1700_B1700,1,1700,1700,1700,1700,11.989,16.96,203.33344,-0.47473,0.06639,-11.27467,-0.01851,-0.00711,0.0097,11.27467,0.0097,0.0
7.08,1784877662.91803,A1700_B1700,1,1700,1700,1700,1700,11.989,16.96,203.33344,-0.03913,-0.2539,-10.91668,-0.00816,0.01971,0.01832,10.91668,0.01832,0.0
7.1,1784877662.93803,A1700_B1700,1,1700,1700,1700,1700,11.99467,16.93126,203.08491,-0.35462,-0.25895,-11.16132,0.01305,0.01335,0.01661,11.16132,0.01661,0.0
7.12,1784877662.95803,A1700_B1700,1,1700,1700,1700,1700,12.0243,16.78108,201.78072,-0.03789,-0.14805,-11.06171,0.0026,0.01857,0.01901,11.06171,0.01901,0.0
7.14,1784877662.97803,A1700_B1700,1,1700,1700,1700,1700,12.05393,16.63089,200.46764,-0.50712,-0.10295,-11.05361,-0.0105,-0.03932,-0.00412,11.05361,-0.00412,0.0
7.16,1784877662.99803,A1700_B1700,1,1700,1700,1700,1700,12.062,16.59,200.10858,-0.04637,-0.0966,-10.99932,-0.0226,0.02546,0.00503,10.99932,0.00503,0.0
7.18,1784877663.01803,A1700_B1700,1,1700,1700,1700,1700,12.062,16.59,200.10858,-0.43953,-0.42346,-11.07261,0.01317,-0.02262,0.02163,11.07261,0.02163,0.0
7.2,1784877663.03803,A1700_B1700,1,1700,1700,1700,1700,12.05849,16.59957,200.16579,-0.07512,0.07335,-10.75504,-0.04046,0.01272,0.00979,10.75504,0.00979,0.0
7.22,1784877663.05803,A1700_B1700,1,1700,1700,1700,1700,12.0406,16.64836,200.45626,-0.05053,-0.20177,-10.42458,-0.00172,0.0461,0.02003,10.42458,0.02003,0.0
7.24,1784877663.07803,A1700_B1700,1,1700,1700,1700,1700,12.02271,16.69715,200.74499,-0.13662,-0.31941,-11.18452,0.00142,0.01772,0.00148,11.18452,0.00148,0.0
7.26,1784877663.09803,A1700_B1700,1,1700,1700,1700,1700,12.018,16.71,200.82078,-0.0052,-0.58156,-10.95135,0.02826,0.03048,0.01734,10.95135,0.01734,0.0
7.28,1784877663.11803,A1700_B1700,1,1700,1700,1700,1700,12.018,16.71,200.82078,-0.01053,0.5975,-10.92081,-0.0553,0.00522,0.02742,10.92081,0.02742,0.0
7.3,1784877663.13803,A1700_B1700,1,1700,1700,1700,1700,12.01483,16.70071,200.65621,-0.52382,-0.72675,-10.92581,0.04337,-0.01486,0.00848,10.92581,0.00848,0.0
7.32,1784877663.15803,A1700_B1700,1,1700,1700,1700,1700,11.99883,16.6539,199.82731,0.271,-0.27884,-10.72081,-0.01778,0.06437,0.00901,10.72081,0.00901,0.0
7.34,1784877663.17803,A1700_B1700,1,1700,1700,1700,1700,11.98284,16.60708,198.99992,0.10734,-0.13569,-11.21383,-0.02308,0.03811,0.01922,11.21383,0.01922,0.0
7.36,1784877663.19803,A1700_B1700,1,1700,1700,1700,1700,11.977,16.59,198.69843,-0.05689,-0.26429,-11.04588,0.00426,0.00542,0.00859,11.04588,0.00859,0.0
7.38,1784877663.21803,A1700_B1700,1,1700,1700,1700,1700,11.977,16.59,198.69843,-0.09073,-0.05759,-10.91856,-0.01892,0.01308,0.00911,10.91856,0.00911,0.0
7.4,1784877663.23803,A1700_B1700,1,1700,1700,1700,1700,11.97359,16.58769,198.61421,-0.14057,-0.62182,-10.65855,0.02148,0.0458,0.01111,10.65855,0.01111,0.0
7.42,1784877663.25803,A1700_B1700,1,1700,1700,1700,1700,11.95065,16.57214,198.04781,0.12458,0.03921,-10.92511,-0.01794,0.05287,0.01311,10.92511,0.01311,0.0
7.44,1784877663.27803,A1700_B1700,1,1700,1700,1700,1700,11.92771,16.55658,197.48212,-0.04948,-0.31751,-11.08257,0.02318,0.03163,0.02052,11.08257,0.02052,0.0
7.46,1784877663.29803,A1700_B1700,1,1700,1700,1700,1700,11.918,16.55,197.2429,-0.33947,-0.49328,-10.9548,0.0138,0.01033,0.00509,10.9548,0.00509,0.0
7.48,1784877663.31803,A1700_B1700,1,1700,1700,1700,1700,11.918,16.55,197.2429,-0.45712,-0.59112,-11.12045,0.03025,-0.00977,0.00421,11.12045,0.00421,0.0
7.5,1784877663.33803,A1700_B1700,1,1700,1700,1700,1700,11.92114,16.54692,197.25818,-0.3956,-0.2407,-11.11687,-0.01374,-0.01444,0.01332,11.11687,0.01332,0.0
7.52,1784877663.35803,A1700_B1700,1,1700,1700,1700,1700,11.94138,16.52708,197.35613,0.02858,-0.00573,-10.94667,-0.0296,0.01861,0.01882,10.94667,0.01882,0.0
7.54,1784877663.37803,A1700_B1700,1,1700,1700,1700,1700,11.96162,16.50724,197.45327,-0.52514,-0.47458,-11.3591,0.0278,-0.01559,0.00489,11.3591,0.00489,0.0
7.56,1784877663.39803,A1700_B1700,1,1700,1700,1700,1700,11.969,16.5,197.4885,-0.306,-0.49135,-10.59427,0.01349,-0.02605,0.01773,10.59427,0.01773,0.0
7.58,1784877663.41803,A1700_B1700,1,1700,1700,1700,1700,11.969,16.5,197.4885,0.59041,0.19766,-10.56118,-0.05998,0.11296,0.01931,10.56118,0.01931,0.0
7.6,1784877663.43802,A1700_B1700,1,1700,1700,1700,1700,11.97656,16.51312,197.77031,-0.37288,-0.0878,-10.9242,-0.00019,0.00839,0.00759,10.9242,0.00759,0.0
7.62,1784877663.45802,A1700_B1700,1,1700,1700,1700,1700,12.02462,16.59653,199.56693,-0.32477,-0.4139,-10.78215,0.01804,0.01419,0.01983,10.78215,0.01983,0.0
7.64,1784877663.47802,A1700_B1700,1,1700,1700,1700,1700,12.07268,16.67994,201.37157,-0.84304,-0.50568,-10.85513,0.01201,-0.0288,0.02041,10.85513,0.02041,0.0
7.66,1784877663.49802,A1700_B1700,1,1700,1700,1700,1700,12.09,16.71,202.0239,-0.28354,-0.50599,-10.99598,0.00311,-0.00851,0.01761,10.99598,0.01761,0.0
7.68,1784877663.51802,A1700_B1700,1,1700,1700,1700,1700,12.09,16.71,202.0239,-0.37983,-0.04566,-10.78589,-0.01851,0.00237,0.01551,10.78589,0.01551,0.0
7.7,1784877663.53802,A1700_B1700,1,1700,1700,1700,1700,12.08655,16.70724,201.93295,-0.60238,-0.16113,-11.00824,-0.02529,-0.03279,0.01531,11.00824,0.01531,0.0
7.72,1784877663.55802,A1700_B1700,1,1700,1700,1700,1700,12.05419,16.68135,201.08021,0.13856,0.24609,-11.19212,-0.02938,0.02635,0.00269,11.19212,0.00269,0.0
7.74,1784877663.57802,A1700_B1700,1,1700,1700,1700,1700,12.02183,16.65546,200.22915,-0.08422,-0.84557,-11.07592,0.04232,0.04317,0.02835,11.07592,0.02835,0.0
7.76,1784877663.59802,A1700_B1700,1,1700,1700,1700,1700,12.015,16.65,200.04975,-0.26831,-0.40161,-10.19881,-0.02458,0.00551,0.01689,10.19881,0.01689,0.0
7.78,1784877663.61802,A1700_B1700,1,1700,1700,1700,1700,12.015,16.65,200.04975,0.01622,0.17441,-11.14254,-0.02467,0.00216,0.0108,11.14254,0.0108,0.0
7.8,1784877663.63802,A1700_B1700,1,1700,1700,1700,1700,12.01639,16.63444,199.88599,-0.49425,-0.21632,-11.09047,0.00776,0.00947,0.01842,11.09047,0.01842,0.0
7.82,1784877663.65802,A1700_B1700,1,1700,1700,1700,1700,12.02304,16.56015,199.10329,-0.64933,-0.38066,-10.90827,0.02113,-0.02849,0.02201,10.90827,0.02201,0.0
7.84,1784877663.67802,A1700_B1700,1,1700,1700,1700,1700,12.02969,16.48585,198.31961,0.05038,0.06814,-10.87588,-0.05889,0.00691,0.00789,10.87588,0.00789,0.0
7.86,1784877663.69802,A1700_B1700,1,1700,1700,1700,1700,12.032,16.46,198.04672,-1.12003,-0.71676,-10.92297,0.04488,-0.05453,0.00631,10.92297,0.00631,0.0
7.88,1784877663.71802,A1700_B1700,1,1700,1700,1700,1700,12.032,16.46,198.04672,0.07164,-0.63436,-10.84268,0.02117,-0.01397,0.00721,10.84268,0.00721,0.0
7.9,1784877663.73802,A1700_B1700,1,1700,1700,1700,1700,12.03373,16.46466,198.13122,0.438,-0.09168,-10.65035,-0.00261,0.10662,0.01362,10.65035,0.01362,0.0
7.92,1784877663.75802,A1700_B1700,1,1700,1700,1700,1700,12.04892,16.50572,198.87599,-0.06322,-0.08657,-10.95565,-0.03092,0.02824,0.02062,10.95565,0.02062,0.0
7.94,1784877663.77802,A1700_B1700,1,1700,1700,1700,1700,12.06411,16.54677,199.622,0.07206,-0.27795,-10.35323,-0.00314,0.03899,0.0132,10.35323,0.0132,0.0
7.96,1784877663.79802,A1700_B1700,1,1700,1700,1700,1700,12.069,16.56,199.86264,-0.52054,-0.24062,-11.14218,0.00563,0.00882,0.0042,11.14218,0.0042,0.0
7.98,1784877663.81802,A1700_B1700,1,1700,1700,1700,1700,12.069,16.56,199.86264,-0.02002,0.37313,-11.34715,-0.02983,0.05122,0.01503,11.34715,0.01503,0.0
8.0,1784877663.83802,A1700_B1700,1,1700,1700,1700,1700,12.05696,16.56516,199.72547,-1.10327,-0.8743,-11.02314,0.05815,-0.07532,0.01721,11.02314,0.01721,0.0
8.02,1784877663.85802,A1700_B1700,1,1700,1700,1700,1700,11.99985,16.58963,199.07317,-0.2825,0.16502,-11.21521,-0.03362,0.00489,0.0119,11.21521,0.0119,0.0
8.04,1784877663.87802,A1700_B1700,1,1700,1700,1700,1700,11.94275,16.61411,198.41808,-0.26442,-0.146,-11.03662,-0.02495,0.00715,0.00861,11.03662,0.00861,0.0
8.06,1784877663.89802,A1700_B1700,1,1700,1700,1700,1700,11.929,16.62,198.25998,-0.30805,-0.55119,-10.78719,0.0358,-0.01807,0.0038,10.78719,0.0038,0.0
8.08,1784877663.91802,A1700_B1700,1,1700,1700,1700,1700,11.929,16.62,198.25998,0.08114,-0.23071,-11.17507,0.01248,0.05226,0.02043,11.17507,0.02043,0.0
8.1,1784877663.93802,A1700_B1700,1,1700,1700,1700,1700,11.93116,16.61641,198.25294,0.49371,0.50085,-10.79672,-0.09172,0.06477,0.00699,10.79672,0.00699,0.0
8.12,1784877663.95802,A1700_B1700,1,1700,1700,1700,1700,11.94925,16.58625,198.19326,-0.705,-0.72468,-10.77824,0.04412,-0.02486,0.01793,10.77824,0.01793,0.0
8.14,1784877663.97802,A1700_B1700,1,1700,1700,1700,1700,11.96734,16.5561,198.13248,0.06133,-0.277,-10.98678,-0.01278,0.04637,0.01661,10.98678,0.01661,0.0
8.16,1784877663.99802,A1700_B1700,1,1700,1700,1700,1700,11.971,16.55,198.12005,0.09621,0.18334,-10.96154,-0.02619,0.05977,0.0118,10.96154,0.0118,0.0
8.18,1784877664.01802,A1700_B1700,1,1700,1700,1700,1700,11.971,16.55,198.12005,-0.26228,-0.17164,-11.12753,0.00837,-0.02085,0.02663,11.12753,0.02663,0.0
8.2,1784877664.03802,A1700_B1700,1,1700,1700,1700,1700,11.97167,16.55311,198.1685,-0.53692,-0.37572,-11.1445,0.00231,-0.02794,0.0193,11.1445,0.0193,0.0
8.22,1784877664.05802,A1700_B1700,1,1700,1700,1700,1700,11.97729,16.57904,198.57198,0.00948,-0.45458,-10.95594,-0.00148,0.02543,-0.00152,10.95594,-0.00152,0.0
8.24,1784877664.07802,A1700_B1700,1,1700,1700,1700,1700,11.98291,16.60496,198.97575,0.2966,-0.72356,-10.90916,0.02165,0.03847,0.01253,10.90916,0.01253,0.0
8.26,1784877664.09802,A1700_B1700,1,1700,1700,1700,1700,11.984,16.61,199.05424,-0.06993,-0.02682,-10.97479,-0.01453,0.03836,0.02242,10.97479,0.02242,0.0
8.28,1784877664.11802,A1700_B1700,1,1700,1700,1700,1700,11.984,16.61,199.05424,-0.2588,0.47447,-10.97779,-0.06294,0.00311,0.00979,10.97779,0.00979,0.0
8.3,1784877664.13802,A1700_B1700,1,1700,1700,1700,1700,11.98627,16.61413,199.14154,0.30649,-0.39404,-10.48163,0.01063,0.07586,0.01462,10.48163,0.01462,0.0
8.32,1784877664.15802,A1700_B1700,1,1700,1700,1700,1700,11.9994,16.63799,199.64585,-0.26066,-1.01791,-11.00228,0.05347,0.00946,0.01351,11.00228,0.01351,0.0
8.34,1784877664.17802,A1700_B1700,1,1700,1700,1700,1700,12.01252,16.66185,200.15078,-0.27032,0.14856,-11.10225,-0.0338,-0.01947,0.02593,11.10225,0.02593,0.0
8.36,1784877664.19802,A1700_B1700,1,1700,1700,1700,1700,12.017,16.67,200.32339,-0.31607,0.04838,-10.96571,-0.00322,0.0071,0.01109,10.96571,0.01109,0.0
8.38,1784877664.21802,A1700_B1700,1,1700,1700,1700,1700,12.017,16.67,200.32339,-0.45969,-0.51263,-10.92507,0.02105,-0.00506,0.0039,10.92507,0.0039,0.0
8.4,1784877664.23802,A1700_B1700,1,1700,1700,1700,1700,12.00775,16.66467,200.10521,-0.12513,0.00638,-10.91599,-0.04167,0.00498,0.01052,10.91599,0.01052,0.0
8.42,1784877664.25802,A1700_B1700,1,1700,1700,1700,1700,11.96725,16.6413,199.15052,-0.18683,-0.66028,-11.05769,0.02602,-0.00185,0.0068,11.05769,0.0068,0.0
8.44,1784877664.27802,A1700_B1700,1,1700,1700,1700,1700,11.92674,16.61793,198.19773,-0.05271,-0.15812,-10.9958,-0.01174,0.02159,0.00991,10.9958,0.00991,0.0
8.46,1784877664.29802,A1700_B1700,1,1700,1700,1700,1700,11.913,16.61,197.87493,0.18219,-0.26823,-10.63583,-0.00867,0.06301,0.01572,10.63583,0.01572,0.0
8.48,1784877664.31802,A1700_B1700,1,1700,1700,1700,1700,11.913,16.61,197.87493,-0.26153,-0.42969,-10.56396,0.02827,0.03211,0.02352,10.56396,0.02352,0.0
8.5,1784877664.33802,A1700_B1700,1,1700,1700,1700,1700,11.91925,16.6079,197.95372,-0.11543,-0.48225,-10.96404,0.0205,0.01294,0.0162,10.96404,0.0162,0.0
8.52,1784877664.35802,A1700_B1700,1,1700,1700,1700,1700,11.98314,16.58646,198.75793,-0.12084,-0.3403,-10.9317,0.0039,0.02388,0.01531,10.9317,0.01531,0.0
8.54,1784877664.37802,A1700_B1700,1,1700,1700,1700,1700,12.04703,16.56502,199.55939,-0.50862,-0.35855,-10.91699,0.01213,-0.01529,0.0054,10.91699,0.0054,0.0
8.56,1784877664.39802,A1700_B1700,1,1700,1700,1700,1700,12.062,16.56,199.74672,-0.44175,-0.40466,-11.53093,0.01502,-0.01974,0.00431,11.53093,0.00431,0.0
8.58,1784877664.41802,A1700_B1700,1,1700,1700,1700,1700,12.062,16.56,199.74672,0.04964,-0.39758,-10.8566,0.01162,0.03704,0.01152,10.8566,0.01152,0.0
8.6,1784877664.43802,A1700_B1700,1,1700,1700,1700,1700,12.04989,16.54665,199.38535,0.21846,-0.21786,-10.61218,-0.0059,0.05858,0.01862,10.61218,0.01862,0.0
8.62,1784877664.45802,A1700_B1700,1,1700,1700,1700,1700,11.99849,16.48995,197.85441,0.06267,-0.45695,-10.95659,0.00844,0.0125,0.00579,10.95659,0.00579,0.0
8.64,1784877664.47802,A1700_B1700,1,1700,1700,1700,1700,11.94708,16.43325,196.32929,-0.52536,-0.67005,-10.79353,0.04266,0.02799,0.01332,10.79353,0.01332,0.0
8.66,1784877664.49802,A1700_B1700,1,1700,1700,1700,1700,11.926,16.41,195.70566,0.30709,0.12078,-10.20985,-0.01957,0.04468,0.01701,10.20985,0.01701,0.0
8.68,1784877664.51802,A1700_B1700,1,1700,1700,1700,1700,11.926,16.41,195.70566,-0.43292,-0.51847,-11.1243,0.0327,0.0012,0.02182,11.1243,0.02182,0.0
8.7,1784877664.53802,A1700_B1700,1,1700,1700,1700,1700,11.91604,16.39156,195.32243,-0.06879,-0.1468,-11.11595,-0.01125,0.02059,0.0169,11.11595,0.0169,0.0
8.72,1784877664.55802,A1700_B1700,1,1700,1700,1700,1700,11.87418,16.31403,193.71569,-1.12187,-0.43074,-11.24839,0.02918,-0.06596,0.0073,11.24839,0.0073,0.0
8.74,1784877664.57802,A1700_B1700,1,1700,1700,1700,1700,11.83231,16.23651,192.11544,-0.15595,-0.41864,-11.02638,0.01439,-0.00364,0.00631,11.02638,0.00631,0.0
8.76,1784877664.59802,A1700_B1700,1,1700,1700,1700,1700,11.818,16.21,191.56978,0.03259,-0.42502,-10.94713,0.01132,0.02679,0.01893,10.94713,0.01893,0.0
8.78,1784877664.61802,A1700_B1700,1,1700,1700,1700,1700,11.818,16.21,191.56978,0.47007,-0.1262,-10.35462,0.00942,0.05359,0.00859,10.35462,0.00859,0.0
8.8,1784877664.63802,A1700_B1700,1,1700,1700,1700,1700,11.82976,16.21938,191.8714,0.68663,-0.60248,-11.1149,0.01913,0.086,0.01182,11.1149,0.01182,0.0
8.82,1784877664.65802,A1700_B1700,1,1700,1700,1700,1700,11.92027,16.29162,194.2005,0.20143,-0.69345,-10.89979,0.03554,0.0442,0.01862,10.89979,0.01862,0.0
8.84,1784877664.67802,A1700_B1700,1,1700,1700,1700,1700,12.01078,16.36386,196.54267,-0.77573,0.01014,-10.54547,-0.00424,-0.01661,0.0103,10.54547,0.0103,0.0
8.86,1784877664.69802,A1700_B1700,1,1700,1700,1700,1700,12.031,16.38,197.06778,-0.49199,-0.663,-11.1871,0.03538,-0.01553,0.01652,11.1871,0.01652,0.0
8.88,1784877664.71802,A1700_B1700,1,1700,1700,1700,1700,12.031,16.38,197.06778,0.04316,-0.21359,-10.93146,-0.01836,0.03483,0.0074,10.93146,0.0074,0.0
8.9,1784877664.73802,A1700_B1700,1,1700,1700,1700,1700,12.0196,16.39045,197.00666,-0.69765,0.07901,-11.21973,0.01577,-0.03093,0.01082,11.21973,0.01082,0.0
8.92,1784877664.75802,A1700_B1700,1,1700,1700,1700,1700,11.97297,16.4332,196.75412,0.06682,0.19842,-11.13003,-0.04557,0.01173,0.00951,11.13003,0.00951,0.0
8.94,1784877664.77802,A1700_B1700,1,1700,1700,1700,1700,11.92633,16.47595,196.49759,-0.33275,-0.37076,-10.97391,0.0112,-0.01969,0.01652,10.97391,0.01652,0.0
8.96,1784877664.79802,A1700_B1700,1,1700,1700,1700,1700,11.911,16.49,196.41239,0.2981,-0.40997,-10.45994,-0.00251,0.05106,0.0101,10.45994,0.0101,0.0
8.98,1784877664.81802,A1700_B1700,1,1700,1700,1700,1700,11.911,16.49,196.41239,0.02354,-0.19372,-11.0091,-0.0165,0.05295,0.02012,11.0091,0.02012,0.0
9.0,1784877664.83802,A1700_B1700,1,1700,1700,1700,1700,11.91515,16.48246,196.39093,-0.18693,-0.20274,-11.12757,-0.01327,0.01441,0.00689,11.12757,0.00689,0.0
9.02,1784877664.85802,A1700_B1700,1,1700,1700,1700,1700,11.93316,16.44971,196.29702,-0.1274,-0.09906,-10.84222,-0.00737,0.04811,0.01252,10.84222,0.01252,0.0
9.04,1784877664.87802,A1700_B1700,1,1700,1700,1700,1700,11.95117,16.41696,196.20192,-0.52253,-0.09902,-10.79678,0.01485,-0.00902,0.01962,10.79678,0.01962,0.0
9.06,1784877664.89802,A1700_B1700,1,1700,1700,1700,1700,11.955,16.41,196.18155,-0.19281,-0.33191,-11.30357,0.01091,-0.01394,0.01671,11.30357,0.01671,0.0
9.08,1784877664.91802,A1700_B1700,1,1700,1700,1700,1700,11.955,16.41,196.18155,-0.32393,-0.25366,-11.22863,0.00752,-0.02095,0.0073,11.22863,0.0073,0.0
9.1,1784877664.93802,A1700_B1700,1,1700,1700,1700,1700,11.94761,16.39673,195.9017,0.10509,-0.17471,-11.15302,-0.00089,0.02332,0.01622,11.15302,0.01622,0.0
9.12,1784877664.95802,A1700_B1700,1,1700,1700,1700,1700,11.89724,16.30632,194.00018,-0.06569,-0.36106,-10.91379,0.02526,0.01835,0.02362,10.91379,0.02362,0.0
9.14,1784877664.97802,A1700_B1700,1,1700,1700,1700,1700,11.84687,16.21591,192.10777,0.31212,0.42515,-10.55396,-0.05919,0.0497,-0.00092,10.55396,-0.00092,0.0
9.16,1784877664.99802,A1700_B1700,1,1700,1700,1700,1700,11.838,16.2,191.7756,-0.20703,-0.24509,-10.70655,0.01052,0.01992,0.01614,10.70655,0.01614,0.0
9.18,1784877665.01802,A1700_B1700,1,1700,1700,1700,1700,11.838,16.2,191.7756,0.17818,-0.24719,-10.9562,-0.01412,0.03428,0.0138,10.9562,0.0138,0.0
9.2,1784877665.03802,A1700_B1700,1,1700,1700,1700,1700,11.85022,16.24105,192.45998,-0.29728,-0.10042,-10.7488,-0.00246,0.00111,0.02683,10.7488,0.02683,0.0
9.22,1784877665.05802,A1700_B1700,1,1700,1700,1700,1700,11.89866,16.40382,195.18349,-0.56568,-0.17001,-11.00897,-0.00168,-0.00815,0.03191,11.00897,0.03191,0.0
9.24,1784877665.07802,A1700_B1700,1,1700,1700,1700,1700,11.9471,16.56659,197.92277,-0.50229,-0.30186,-10.98082,-0.00088,0.00298,0.01429,10.98082,0.01429,0.0
9.26,1784877665.09802,A1700_B1700,1,1700,1700,1700,1700,11.963,16.62,198.82506,-0.38376,-0.3135,-11.11759,0.02085,-0.01557,0.0042,11.11759,0.0042,0.0
9.28,1784877665.11802,A1700_B1700,1,1700,1700,1700,1700,11.963,16.62,198.82506,0.17882,0.32563,-10.91161,-0.04257,0.03363,0.02314,10.91161,0.02314,0.0
9.3,1784877665.13802,A1700_B1700,1,1700,1700,1700,1700,11.96202,16.61592,198.7599,-0.65657,-0.74158,-10.72509,0.03944,-0.04004,0.0172,10.72509,0.0172,0.0
9.32,1784877665.15802,A1700_B1700,1,1700,1700,1700,1700,11.95726,16.59607,198.44355,-0.2186,-0.13184,-10.72622,-0.01927,0.05309,0.01811,10.72622,0.01811,0.0
9.34,1784877665.17802,A1700_B1700,1,1700,1700,1700,1700,11.9525,16.57623,198.12738,0.03395,0.05143,-10.91304,-0.02227,0.01379,0.02101,10.91304,0.02101,0.0
9.36,1784877665.19802,A1700_B1700,1,1700,1700,1700,1700,11.951,16.57,198.02807,0.09756,-0.30228,-10.96034,0.01787,0.02538,0.0159,10.96034,0.0159,0.0
9.38,1784877665.21802,A1700_B1700,1,1700,1700,1700,1700,11.951,16.57,198.02807,0.00758,-0.0332,-10.53254,-0.00932,0.04618,0.02522,10.53254,0.02522,0.0
9.4,1784877665.23802,A1700_B1700,1,1700,1700,1700,1700,11.94599,16.55539,197.77048,-0.43806,-0.62921,-10.91245,0.04039,0.0041,0.01189,10.91245,0.01189,0.0
9.42,1784877665.25802,A1700_B1700,1,1700,1700,1700,1700,11.92649,16.4985,196.76917,-0.28845,-0.3108,-10.94218,0.01738,0.00737,0.02112,10.94218,0.02112,0.0
9.44,1784877665.27802,A1700_B1700,1,1700,1700,1700,1700,11.90698,16.44162,195.77008,-0.58761,0.22554,-10.93579,-0.03895,-0.04941,0.0124,10.93579,0.0124,0.0
9.46,1784877665.29802,A1700_B1700,1,1700,1700,1700,1700,11.903,16.43,195.56629,-0.00731,-0.23667,-11.3985,0.0174,0.01095,0.0059,11.3985,0.0059,0.0
9.48,1784877665.31802,A1700_B1700,1,1700,1700,1700,1700,11.903,16.43,195.56629,-0.00739,-0.46993,-10.85814,0.01701,0.02277,0.01342,10.85814,0.01342,0.0
9.5,1784877665.33802,A1700_B1700,1,1700,1700,1700,1700,11.90515,16.43538,195.66574,-0.0166,-0.47398,-10.39228,0.04055,0.01154,0.0089,10.39228,0.0089,0.0
9.52,1784877665.35802,A1700_B1700,1,1700,1700,1700,1700,11.91901,16.47002,196.30624,0.07602,-0.02442,-11.03589,-0.01626,0.0427,0.00651,11.03589,0.00651,0.0
9.54,1784877665.37802,A1700_B1700,1,1700,1700,1700,1700,11.93286,16.50465,196.94769,-0.26706,-0.02486,-10.97703,-0.02458,0.00751,0.02163,10.97703,0.02163,0.0
9.56,1784877665.39802,A1700_B1700,1,1700,1700,1700,1700,11.935,16.51,197.04685,-0.3058,-0.05013,-10.53965,0.00045,0.03029,0.0152,10.53965,0.0152,0.0
9.58,1784877665.41802,A1700_B1700,1,1700,1700,1700,1700,11.935,16.51,197.04685,-0.29859,-0.53893,-11.13583,0.05188,0.01163,0.0071,11.13583,0.0071,0.0
9.6,1784877665.43802,A1700_B1700,1,1700,1700,1700,1700,11.94159,16.52351,197.317,-0.19507,-0.32736,-11.06662,0.01487,0.01106,0.00901,11.06662,0.00901,0.0
9.62,1784877665.45802,A1700_B1700,1,1700,1700,1700,1700,11.97232,16.58656,198.57968,-0.54427,-0.78042,-11.22342,0.05167,-0.05723,0.0048,11.22342,0.0048,0.0
9.64,1784877665.47802,A1700_B1700,1,1700,1700,1700,1700,12.00306,16.64961,199.84624,-0.48648,0.55808,-10.96745,-0.06724,0.00735,0.02414,10.96745,0.02414,0.0
9.66,1784877665.49802,A1700_B1700,1,1700,1700,1700,1700,12.013,16.67,200.25671,-0.09101,0.18893,-11.08689,-0.03752,0.03869,0.0209,11.08689,0.0209,0.0
9.68,1784877665.51802,A1700_B1700,1,1700,1700,1700,1700,12.013,16.67,200.25671,0.32968,-0.63698,-10.06517,0.01949,0.06649,0.0149,10.06517,0.0149,0.0
9.7,1784877665.53802,A1700_B1700,1,1700,1700,1700,1700,12.00022,16.65113,199.8172,-0.3362,-0.12834,-11.02908,-0.00722,0.01699,0.01341,11.02908,0.01341,0.0
9.72,1784877665.55802,A1700_B1700,1,1700,1700,1700,1700,11.94107,16.5638,197.78959,-0.23717,-0.30301,-11.16442,0.01986,0.01126,0.01511,11.16442,0.01511,0.0
9.74,1784877665.57802,A1700_B1700,1,1700,1700,1700,1700,11.88193,16.47647,195.7723,0.11382,-0.68075,-10.75357,0.02052,0.04821,0.02612,10.75357,0.02612,0.0
9.76,1784877665.59802,A1700_B1700,1,1700,1700,1700,1700,11.864,16.45,195.1628,-0.66084,-0.25431,-11.50942,0.04095,-0.02524,0.01379,11.50942,0.01379,0.0
9.78,1784877665.61802,A1700_B1700,1,1700,1700,1700,1700,11.864,16.45,195.1628,-0.10908,0.04632,-11.00705,-0.03158,0.02844,0.01411,11.00705,0.01411,0.0
9.8,1784877665.63802,A1700_B1700,1,1700,1700,1700,1700,11.86597,16.43245,194.98704,-0.4335,-0.85899,-10.93779,0.03682,-0.02151,0.01611,10.93779,0.01611,0.0
9.82,1784877665.65802,A1700_B1700,1,1700,1700,1700,1700,11.87329,16.36744,194.3353,-0.06678,-0.00247,-10.92829,-0.03138,0.01191,0.00369,10.92829,0.00369,0.0
9.84,1784877665.67802,A1700_B1700,1,1700,1700,1700,1700,11.8806,16.30242,193.68261,-0.41921,-0.51819,-11.03364,0.01339,0.01536,0.01402,11.03364,0.01402,0.0
9.86,1784877665.69802,A1700_B1700,1,1700,1700,1700,1700,11.882,16.29,193.55778,-0.19065,-0.56107,-10.26761,0.02733,-0.00186,0.01351,10.26761,0.01351,0.0
9.88,1784877665.71802,A1700_B1700,1,1700,1700,1700,1700,11.882,16.29,193.55778,0.08071,-0.06177,-11.02758,-0.01143,0.05033,0.0079,11.02758,0.0079,0.0
9.9,1784877665.73802,A1700_B1700,1,1700,1700,1700,1700,11.87868,16.29415,193.553,-0.20279,-0.44616,-10.81571,0.01666,0.03824,0.02623,10.81571,0.02623,0.0
9.92,1784877665.75802,A1700_B1700,1,1700,1700,1700,1700,11.86636,16.30954,193.535,-0.22509,-0.20233,-10.67867,0.0049,-0.02502,0.0229,10.67867,0.0229,0.0
9.94,1784877665.77802,A1700_B1700,1,1700,1700,1700,1700,11.85404,16.32494,193.51662,-0.29048,-0.55689,-10.95116,0.01313,0.03585,0.016,10.95116,0.016,0.0
9.96,1784877665.79802,A1700_B1700,1,1700,1700,1700,1700,11.85,16.33,193.5105,0.03112,-0.70924,-10.96247,0.04035,0.03064,0.01441,10.96247,0.01441,0.0
9.98,1784877665.81802,A1700_B1700,1,1700,1700,1700,1700,11.85,16.33,193.5105,-0.47348,-0.45096,-11.21893,0.01799,-0.02481,0.01521,11.21893,0.01521,0.0
10.0,1784877665.83802,A1700_B1700,1,1700,1700,1700,1700,11.86745,16.35159,194.05164,0.09079,0.17345,-11.09771,-0.05597,0.03685,0.01351,11.09771,0.01351,0.0
10.02,1784877665.85802,A1700_B1700,1,1700,1700,1700,1700,11.94949,16.45308,196.60582,-0.35265,-0.34073,-10.95604,0.01282,0.00101,0.01241,10.95604,0.01241,0.0
10.04,1784877665.87802,A1700_B1700,1,1700,1700,1700,1700,12.03152,16.55457,199.17666,0.33104,-0.57732,-10.11595,0.01491,0.07826,0.01862,10.11595,0.01862,0.0
10.06,1784877665.89802,A1700_B1700,1,1700,1700,1700,1700,12.044,16.57,199.56908,0.03733,-0.42869,-10.95077,0.01782,0.05482,0.02562,10.95077,0.02562,0.0
10.08,1784877665.91802,A1700_B1700,1,1700,1700,1700,1700,12.044,16.57,199.56908,-0.43995,-0.35353,-10.96759,0.01552,-0.01182,0.01279,10.96759,0.01279,0.0
10.1,1784877665.93802,A1700_B1700,1,1700,1700,1700,1700,12.03287,16.59173,199.64621,-0.36344,-0.23826,-10.54648,0.00621,0.01731,0.02393,10.54648,0.02393,0.0
10.12,1784877665.95802,A1700_B1700,1,1700,1700,1700,1700,11.98189,16.69132,199.99345,-0.41919,-0.29569,-11.27628,0.01243,-0.01749,0.00458,11.27628,0.00458,0.0
10.14,1784877665.97802,A1700_B1700,1,1700,1700,1700,1700,11.9309,16.7909,200.33053,0.1355,-0.24292,-10.90263,0.01142,0.04675,0.00952,10.90263,0.00952,0.0
10.16,1784877665.99802,A1700_B1700,1,1700,1700,1700,1700,11.916,16.82,200.42712,-0.81837,-0.35345,-11.06947,-0.0068,-0.04486,0.01842,11.06947,0.01842,0.0
10.18,1784877666.01802,A1700_B1700,1,1700,1700,1700,1700,11.916,16.82,200.42712,-0.07373,-0.55464,-10.83828,0.02636,0.01275,0.01571,10.83828,0.01571,0.0
10.2,1784877666.03802,A1700_B1700,1,1700,1700,1700,1700,11.90798,16.77208,199.72159,-0.08974,-0.19593,-11.04369,0.00138,0.02026,0.009,11.04369,0.009,0.0
10.22,1784877666.05802,A1700_B1700,1,1700,1700,1700,1700,11.873,16.56297,196.65208,0.54431,-0.02364,-10.43671,0.01804,0.10587,0.01642,10.43671,0.01642,0.0
10.24,1784877666.07802,A1700_B1700,1,1700,1700,1700,1700,11.83801,16.35386,193.59719,0.03037,-0.58061,-10.71874,0.0049,0.02875,0.01461,10.71874,0.01461,0.0
10.26,1784877666.09802,A1700_B1700,1,1700,1700,1700,1700,11.829,16.3,192.8127,-0.29603,0.00551,-11.12226,-0.0166,0.00304,0.01521,11.12226,0.01521,0.0
10.28,1784877666.11802,A1700_B1700,1,1700,1700,1700,1700,11.829,16.3,192.8127,-0.61046,-0.50453,-10.89827,0.03439,0.00577,0.02432,10.89827,0.02432,0.0
10.3,1784877666.13802,A1700_B1700,1,1700,1700,1700,1700,11.84018,16.32965,193.34596,-0.03354,-0.11233,-11.00897,-0.03367,0.01347,0.00999,11.00897,0.00999,0.0
10.32,1784877666.15802,A1700_B1700,1,1700,1700,1700,1700,11.87997,16.43524,195.25017,-0.52189,-0.32543,-11.03962,0.0195,0.01516,0.01372,11.03962,0.01372,0.0
10.34,1784877666.17802,A1700_B1700,1,1700,1700,1700,1700,11.91977,16.54082,197.16279,0.11648,-0.16236,-10.77817,-0.00532,0.01166,0.0062,10.77817,0.0062,0.0
10.36,1784877666.19802,A1700_B1700,1,1700,1700,1700,1700,11.927,16.56,197.51112,-0.14743,-0.39181,-11.09623,0.02006,0.01396,0.02694,11.09623,0.02694,0.0
10.38,1784877666.21802,A1700_B1700,1,1700,1700,1700,1700,11.927,16.56,197.51112,-0.22175,-0.05344,-11.00634,-0.00832,0.02147,0.00678,11.00634,0.00678,0.0
10.4,1784877666.23802,A1700_B1700,1,1700,1700,1700,1700,11.93158,16.56223,197.61366,0.61224,-0.62155,-10.49759,0.02426,0.11778,0.00791,10.49759,0.00791,0.0
10.42,1784877666.25802,A1700_B1700,1,1700,1700,1700,1700,11.94759,16.57004,197.97211,-0.14735,-0.4441,-11.04705,0.02191,0.02283,0.01552,11.04705,0.01552,0.0
10.44,1784877666.27802,A1700_B1700,1,1700,1700,1700,1700,11.9636,16.57785,198.33081,-0.52555,-0.36323,-10.99435,0.03203,-0.02118,0.02082,10.99435,0.02082,0.0
10.46,1784877666.29802,A1700_B1700,1,1700,1700,1700,1700,11.968,16.58,198.42944,-0.82804,-0.55645,-11.28227,0.02781,-0.03826,0.02311,11.28227,0.02311,0.0
10.48,1784877666.31802,A1700_B1700,1,1700,1700,1700,1700,11.968,16.58,198.42944,-0.09455,-0.04664,-10.9134,-0.02685,0.01883,0.0143,10.9134,0.0143,0.0
10.5,1784877666.33802,A1700_B1700,1,1700,1700,1700,1700,11.96109,16.58456,198.36934,-0.12704,-0.48301,-10.96662,0.01498,0.01264,0.01151,10.96662,0.01151,0.0
10.52,1784877666.35802,A1700_B1700,1,1700,1700,1700,1700,11.92165,16.61056,198.0253,-0.05149,-0.07232,-10.78356,-0.02033,0.03289,0.0059,10.78356,0.0059,0.0
10.54,1784877666.37802,A1700_B1700,1,1700,1700,1700,1700,11.88222,16.63656,197.67922,-0.1193,-0.59261,-10.71634,0.03559,0.00012,0.02784,10.71634,0.02784,0.0
10.56,1784877666.39802,A1700_B1700,1,1700,1700,1700,1700,11.877,16.64,197.63328,0.42458,-0.3291,-10.89873,-0.01725,0.07556,0.01049,10.89873,0.01049,0.0
10.58,1784877666.41802,A1700_B1700,1,1700,1700,1700,1700,11.877,16.64,197.63328,-0.4826,-0.08334,-10.45252,0.00506,0.01127,0.02093,10.45252,0.02093,0.0
10.6,1784877666.43802,A1700_B1700,1,1700,1700,1700,1700,11.877,16.58646,196.9974,0.33124,-0.43426,-10.75724,0.01002,0.07084,0.0124,10.75724,0.0124,0.0
10.62,1784877666.45802,A1700_B1700,1,1700,1700,1700,1700,11.877,16.36307,194.34413,-0.42837,-0.88531,-11.18558,0.04536,0.01428,0.02663,11.18558,0.02663,0.0
10.64,1784877666.47802,A1700_B1700,1,1700,1700,1700,1700,11.877,16.13967,191.69085,-0.603,0.2132,-11.38239,-0.01926,-0.04951,0.0211,11.38239,0.0211,0.0
10.66,1784877666.49802,A1700_B1700,1,1700,1700,1700,1700,11.877,16.08,190.98216,0.01086,-0.53807,-11.0767,0.02188,0.02716,0.014,11.0767,0.014,0.0
10.68,1784877666.51802,A1700_B1700,1,1700,1700,1700,1700,11.877,16.08,190.98216,-0.0866,-0.19366,-10.94038,-0.00702,0.02995,0.007,10.94038,0.007,0.0
10.7,1784877666.53802,A1700_B1700,1,1700,1700,1700,1700,11.88146,16.12274,191.56177,-0.17238,-0.1435,-10.86082,-0.00808,-0.00138,-0.0009,10.86082,-0.0009,0.0
10.72,1784877666.55802,A1700_B1700,1,1700,1700,1700,1700,11.90011,16.3013,193.98738,-0.32127,-0.55871,-11.11372,0.01925,0.01418,0.03075,11.11372,0.03075,0.0
10.74,1784877666.57802,A1700_B1700,1,1700,1700,1700,1700,11.91876,16.47987,196.41966,-0.07638,-0.28801,-11.11617,-0.01473,0.02527,0.00908,11.11617,0.00908,0.0
10.76,1784877666.59802,A1700_B1700,1,1700,1700,1700,1700,11.924,16.53,197.10372,-0.25235,-0.51282,-10.60688,0.03799,0.02536,0.01082,10.60688,0.01082,0.0
10.78,1784877666.61802,A1700_B1700,1,1700,1700,1700,1700,11.924,16.53,197.10372,-0.4343,0.1129,-10.74233,-0.02607,-0.01078,0.01582,10.74233,0.01582,0.0
10.8,1784877666.63802,A1700_B1700,1,1700,1700,1700,1700,11.93097,16.50828,196.95983,-0.43738,-0.31631,-10.79394,0.00767,-0.00393,0.03073,10.79394,0.03073,0.0
10.82,1784877666.65802,A1700_B1700,1,1700,1700,1700,1700,11.9544,16.43531,196.47428,0.4581,-0.50106,-11.00906,0.03114,0.03421,0.01339,11.00906,0.01339,0.0
10.84,1784877666.67802,A1700_B1700,1,1700,1700,1700,1700,11.97783,16.36234,195.98531,-0.38095,-1.10552,-10.85658,0.08278,0.02655,0.01401,10.85658,0.01401,0.0
10.86,1784877666.69802,A1700_B1700,1,1700,1700,1700,1700,11.985,16.34,195.8349,-0.09092,-0.42599,-11.28965,-0.00459,0.02886,0.008,11.28965,0.008,0.0
10.88,1784877666.71802,A1700_B1700,1,1700,1700,1700,1700,11.985,16.34,195.8349,-0.23883,-0.13615,-10.5265,-0.02019,0.02656,0.01182,10.5265,0.01182,0.0
10.9,1784877666.73802,A1700_B1700,1,1700,1700,1700,1700,11.97676,16.34792,195.79517,0.00963,-0.6936,-10.82297,0.0423,0.05419,0.01772,10.82297,0.01772,0.0
10.92,1784877666.75802,A1700_B1700,1,1700,1700,1700,1700,11.93371,16.38931,195.58538,0.01307,-0.37343,-11.02389,0.01858,0.005,0.02011,11.02389,0.02011,0.0
10.94,1784877666.77802,A1700_B1700,1,1700,1700,1700,1700,11.89067,16.43071,195.37204,0.12284,-0.26642,-10.47902,0.01432,0.05603,0.0149,10.47902,0.0149,0.0
10.96,1784877666.79802,A1700_B1700,1,1700,1700,1700,1700,11.881,16.44,195.32364,-0.30093,-0.0953,-11.04806,-0.01461,0.02081,0.01701,11.04806,0.01701,0.0
10.98,1784877666.81802,A1700_B1700,1,1700,1700,1700,1700,11.881,16.44,195.32364,-0.23346,-0.23049,-10.94789,0.00295,0.03608,0.02902,10.94789,0.02902,0.0
11.0,1784877666.83802,A1700_B1700,1,1700,1700,1700,1700,11.8795,16.446,195.37026,-0.18836,-0.23919,-11.03653,0.00071,0.00402,0.00958,11.03653,0.00958,0.0
11.02,1784877666.85802,A1700_B1700,1,1700,1700,1700,1700,11.87357,16.46972,195.55441,-0.45873,-0.27615,-11.09786,-0.00609,-0.00244,0.01272,11.09786,0.01272,0.0
11.04,1784877666.87802,A1700_B1700,1,1700,1700,1700,1700,11.86764,16.49345,195.73827,-0.22838,-0.48485,-10.95102,0.00854,0.01618,0.01331,10.95102,0.01331,0.0
11.06,1784877666.89802,A1700_B1700,1,1700,1700,1700,1700,11.866,16.5,195.789,-0.25567,-0.54605,-10.81175,0.02734,0.01556,0.01511,10.81175,0.01511,0.0
11.08,1784877666.91802,A1700_B1700,1,1700,1700,1700,1700,11.866,16.5,195.789,0.03736,-0.15652,-10.63791,-0.01583,0.0459,0.01261,10.63791,0.01261,0.0
11.1,1784877666.93802,A1700_B1700,1,1700,1700,1700,1700,11.87206,16.48455,195.7056,-0.04694,-0.41517,-11.07715,0.05491,0.03755,0.00871,11.07715,0.00871,0.0
11.12,1784877666.95802,A1700_B1700,1,1700,1700,1700,1700,11.89187,16.43406,195.43167,-0.01835,-0.35999,-10.57493,-0.00977,0.04437,0.02723,10.57493,0.02723,0.0
11.14,1784877666.97802,A1700_B1700,1,1700,1700,1700,1700,11.91168,16.38356,195.15573,-0.32648,0.05158,-10.6828,-0.0331,0.02183,0.0194,10.6828,0.0194,0.0
11.16,1784877666.99802,A1700_B1700,1,1700,1700,1700,1700,11.917,16.37,195.08129,-0.58697,-0.62246,-11.42757,0.03641,-0.0348,0.00389,11.42757,0.00389,0.0
11.18,1784877667.01802,A1700_B1700,1,1700,1700,1700,1700,11.917,16.37,195.08129,-0.22794,-0.74726,-11.09911,0.03521,0.01603,0.02844,11.09911,0.02844,0.0
11.2,1784877667.03802,A1700_B1700,1,1700,1700,1700,1700,11.913,16.39125,195.26896,0.08182,-0.68832,-11.04349,0.04143,0.01866,0.00157,11.04349,0.00157,0.0
11.22,1784877667.05802,A1700_B1700,1,1700,1700,1700,1700,11.9,16.46033,195.87791,0.1112,-0.37313,-11.05672,0.01158,0.03088,0.01273,11.05672,0.01273,0.0
11.24,1784877667.07802,A1700_B1700,1,1700,1700,1700,1700,11.88699,16.52942,196.48507,0.00037,-0.28524,-10.4708,0.01453,0.04037,0.02783,10.4708,0.02783,0.0
11.26,1784877667.09802,A1700_B1700,1,1700,1700,1700,1700,11.885,16.54,196.5779,-0.30015,-0.42888,-10.60634,0.03504,0.00972,0.00408,10.60634,0.00408,0.0
11.28,1784877667.11802,A1700_B1700,1,1700,1700,1700,1700,11.885,16.54,196.5779,-0.25881,0.10616,-11.06442,-0.02495,0.00626,0.01212,11.06442,0.01212,0.0
11.3,1784877667.13802,A1700_B1700,1,1700,1700,1700,1700,11.89592,16.53553,196.70522,-0.52383,-0.51542,-11.14564,0.02589,0.00896,0.02232,11.14564,0.02232,0.0
11.32,1784877667.15802,A1700_B1700,1,1700,1700,1700,1700,11.94871,16.51389,197.31971,-0.47811,-0.35241,-10.94836,0.03582,-0.01237,0.01971,10.94836,0.01971,0.0
11.34,1784877667.17802,A1700_B1700,1,1700,1700,1700,1700,12.00151,16.49225,197.93191,-0.12018,-0.04516,-10.85061,-0.03587,0.0204,0.01571,10.85061,0.01571,0.0
11.36,1784877667.19802,A1700_B1700,1,1700,1700,1700,1700,12.007,16.49,197.99543,-0.86033,-0.3477,-11.32708,0.00578,-0.09108,0.01621,11.32708,0.01621,0.0
11.38,1784877667.21802,A1700_B1700,1,1700,1700,1700,1700,12.007,16.49,197.99543,-0.23755,0.10048,-10.89822,-0.03023,0.02602,0.01541,10.89822,0.01541,0.0
11.4,1784877667.23802,A1700_B1700,1,1700,1700,1700,1700,11.9998,16.50317,198.03487,-0.13006,0.1501,-11.03993,-0.04469,0.03485,0.01711,11.03993,0.01711,0.0
11.42,1784877667.25802,A1700_B1700,1,1700,1700,1700,1700,11.96937,16.5589,198.19961,0.11288,-0.55764,-11.10996,0.00378,0.08292,0.02452,11.10996,0.02452,0.0
11.44,1784877667.27802,A1700_B1700,1,1700,1700,1700,1700,11.93893,16.61463,198.36095,0.38249,-0.36858,-10.49356,0.02183,0.05672,0.00819,10.49356,0.00819,0.0
11.46,1784877667.29802,A1700_B1700,1,1700,1700,1700,1700,11.936,16.62,198.37632,-0.08278,-0.4267,-10.60191,0.02773,0.02262,0.00811,10.60191,0.00811,0.0
11.48,1784877667.31802,A1700_B1700,1,1700,1700,1700,1700,11.936,16.62,198.37632,-0.33594,-0.71473,-11.1277,0.04264,-0.01588,0.01101,11.1277,0.01101,0.0
11.5,1784877667.33802,A1700_B1700,1,1700,1700,1700,1700,11.93504,16.61363,198.28438,-0.43079,0.18731,-10.92109,-0.03327,-0.02785,0.02483,10.92109,0.02483,0.0
11.52,1784877667.35802,A1700_B1700,1,1700,1700,1700,1700,11.93144,16.58962,197.93813,-0.37302,0.22302,-11.4005,-0.02196,-0.01072,0.0164,11.4005,0.0164,0.0
11.54,1784877667.37802,A1700_B1700,1,1700,1700,1700,1700,11.92784,16.56562,197.59206,-0.13062,-0.58625,-10.76338,0.01086,0.00207,0.01801,10.76338,0.01801,0.0
11.56,1784877667.39802,A1700_B1700,1,1700,1700,1700,1700,11.927,16.56,197.51112,0.17633,0.14567,-10.84228,-0.03354,0.02939,-0.00422,10.84228,-0.00422,0.0
11.58,1784877667.41802,A1700_B1700,1,1700,1700,1700,1700,11.927,16.56,197.51112,-0.27487,-0.50047,-10.99176,0.03871,0.00523,0.01133,10.99176,0.01133,0.0
11.6,1784877667.43802,A1700_B1700,1,1700,1700,1700,1700,11.92867,16.55047,197.42507,0.17319,-0.06949,-11.03604,-0.01946,0.05092,0.02322,11.03604,0.02322,0.0
11.62,1784877667.45802,A1700_B1700,1,1700,1700,1700,1700,11.93442,16.51757,197.12772,-0.15656,-0.16017,-10.7897,0.02188,0.0022,0.0153,10.7897,0.0153,0.0
11.64,1784877667.47802,A1700_B1700,1,1700,1700,1700,1700,11.94018,16.48467,196.82999,-0.2024,-0.72414,-10.7623,0.03893,0.0287,0.01071,10.7623,0.01071,0.0
11.66,1784877667.49802,A1700_B1700,1,1700,1700,1700,1700,11.941,16.48,196.78768,-0.48033,-0.25087,-11.07407,-0.00573,0.00613,0.01572,11.07407,0.01572,0.0
11.68,1784877667.51802,A1700_B1700,1,1700,1700,1700,1700,11.941,16.48,196.78768,-0.35492,0.32581,-10.97765,-0.06394,-0.00575,0.0118,10.97765,0.0118,0.0
11.7,1784877667.53802,A1700_B1700,1,1700,1700,1700,1700,11.94182,16.47268,196.71386,0.28393,-0.37509,-10.74975,0.00591,0.05723,0.00861,10.74975,0.00861,0.0
11.72,1784877667.55802,A1700_B1700,1,1700,1700,1700,1700,11.94564,16.43877,196.37161,-0.31008,-1.09174,-11.0696,0.0863,-0.01593,0.00651,11.0696,0.00651,0.0
11.74,1784877667.57802,A1700_B1700,1,1700,1700,1700,1700,11.94945,16.40486,196.0291,-0.33054,-0.3116,-10.63965,-0.0121,-0.01843,-0.0018,10.63965,-0.0018,0.0
11.76,1784877667.59802,A1700_B1700,1,1700,1700,1700,1700,11.95,16.4,195.98,0.00409,-0.16694,-10.70724,-0.01747,0.05344,0.03335,10.70724,0.03335,0.0
11.78,1784877667.61802,A1700_B1700,1,1700,1700,1700,1700,11.95,16.4,195.98,-0.36437,-0.16581,-11.15641,0.00755,0.00539,0.01929,11.15641,0.01929,0.0
11.8,1784877667.63802,A1700_B1700,1,1700,1700,1700,1700,11.96368,16.41043,196.32913,-0.09343,-0.80965,-11.01958,0.05257,0.02179,0.0056,11.01958,0.0056,0.0
11.82,1784877667.65802,A1700_B1700,1,1700,1700,1700,1700,12.00644,16.443,197.42182,-0.10115,-0.55412,-10.97858,0.03019,0.01255,0.00341,10.97858,0.00341,0.0
11.84,1784877667.67802,A1700_B1700,1,1700,1700,1700,1700,12.04919,16.47557,198.5173,-1.09246,-0.29394,-11.30879,0.00019,-0.07614,0.00782,11.30879,0.00782,0.0
11.86,1784877667.69802,A1700_B1700,1,1700,1700,1700,1700,12.055,16.48,198.6664,-0.26821,-0.58827,-10.81097,0.01164,-0.01816,0.00831,10.81097,0.00831,0.0
11.88,1784877667.71802,A1700_B1700,1,1700,1700,1700,1700,12.055,16.48,198.6664,0.02973,-0.26828,-10.87845,-0.0003,0.03702,0.01642,10.87845,0.01642,0.0
11.9,1784877667.73802,A1700_B1700,1,1700,1700,1700,1700,12.03909,16.45667,198.12329,0.24402,-0.28967,-10.75804,0.00723,0.06659,0.0074,10.75804,0.0074,0.0
11.92,1784877667.75802,A1700_B1700,1,1700,1700,1700,1700,11.98178,16.37261,196.17302,-0.03935,-0.31612,-10.57661,-0.00079,0.01069,0.00631,10.57661,0.00631,0.0
11.94,1784877667.77802,A1700_B1700,1,1700,1700,1700,1700,11.92447,16.28856,194.23239,-0.3296,0.07456,-10.96287,-0.02431,-0.00565,0.01352,10.96287,0.01352,0.0
11.96,1784877667.79802,,,,,,,,,,0.21436,0.30061,-10.8343,-0.0421,0.07435,0.01611,10.8343,0.01611,0.0
11.98,1784877667.81802,,,,,,,,,,-0.62475,-0.59206,-10.95676,0.03912,-0.02667,0.01541,10.95676,0.01541,0.0
12.0,1784877667.83802,,,,,,,,,,-0.25796,-0.29043,-10.76326,-0.01756,-0.02072,0.0108,10.76326,0.0108,0.0
12.02,1784877667.85802,,,,,,,,,,-0.15724,0.08619,-11.3422,-0.02388,0.03712,0.01572,11.3422,0.01572,0.0
12.04,1784877667.87802,,,,,,,,,,-0.33471,-0.38459,-10.94156,-0.00125,-0.01531,-0.00081,10.94156,-0.00081,0.0
12.06,1784877667.89802,,,,,,,,,,-0.04304,-0.56194,-10.98581,0.01023,0.017,0.01984,10.98581,0.01984,0.0
12.08,1784877667.91802,,,,,,,,,,0.47236,-0.30048,-10.42594,0.01753,0.10055,0.0097,10.42594,0.0097,0.0
12.1,1784877667.93802,,,,,,,,,,-0.0812,-0.01801,-9.87674,-0.01692,0.04348,0.01282,9.87674,0.01282,0.0
12.12,1784877667.95802,,,,,,,,,,-1.37232,-0.44443,-9.65571,0.00986,-0.09529,0.02412,9.65571,0.02412,0.0
12.14,1784877667.97802,,,,,,,,,,0.02135,-0.07081,-8.83718,-0.05706,0.00469,0.0145,8.83718,0.0145,0.0
12.16,1784877667.99802,,,,,,,,,,0.12433,-0.05043,-8.47268,-0.00892,0.09295,0.01061,8.47268,0.01061,0.0
12.18,1784877668.01802,,,,,,,,,,-1.18299,-0.36235,-8.92706,0.01704,-0.09787,0.01932,8.92706,0.01932,0.0
12.2,1784877668.03802,,,,,,,,,,0.34291,-0.02868,-6.81602,-0.04475,0.04425,-0.00852,6.81602,-0.00852,0.0
12.22,1784877668.05802,,,,,,,,,,0.42528,0.82263,-7.81271,-0.12657,0.05145,0.02615,7.81271,0.02615,0.0
12.24,1784877668.07802,,,,,,,,,,-0.8959,-2.15902,-6.40033,0.22653,-0.10382,0.01589,6.40033,0.01589,0.0
12.26,1784877668.09802,,,,,,,,,,3.65097,-2.83509,-6.22309,0.1617,0.32707,-0.01272,6.22309,-0.01272,0.0
12.28,1784877668.11802,,,,,,,,,,1.79739,-2.80022,-6.97827,0.16644,0.11676,0.01224,6.97827,0.01224,0.0
12.3,1784877668.13802,,,,,,,,,,-0.16665,-2.42378,-5.69894,0.30428,-0.10186,-0.01893,5.69894,-0.01893,0.0
12.32,1784877668.15802,,,,,,,,,,0.30125,-0.48122,-5.51596,0.05522,0.02233,-0.01999,5.51596,-0.01999,0.0
12.34,1784877668.17802,,,,,,,,,,-0.10074,-0.70029,-4.03731,-0.01793,0.00402,0.01455,4.03731,0.01455,0.0
12.36,1784877668.19802,,,,,,,,,,1.30147,0.39521,-4.09245,-0.01737,0.15614,0.0102,4.09245,0.0102,0.0
12.38,1784877668.21802,,,,,,,,,,0.67099,0.38735,-3.11706,-0.01858,0.1183,0.01652,3.11706,0.01652,0.0
12.4,1784877668.23802,,,,,,,,,,-0.15824,-0.0697,-3.3587,-0.00797,0.00234,0.0047,3.3587,0.0047,0.0
12.42,1784877668.25802,,,,,,,,,,-0.51731,-0.31833,-3.96855,0.01124,-0.0665,0.01322,3.96855,0.01322,0.0
12.44,1784877668.27802,,,,,,,,,,0.6911,-0.23128,-1.92652,0.00871,0.10206,0.0098,1.92652,0.0098,0.0
12.46,1784877668.29802,,,,,,,,,,-0.45495,0.02578,-2.81977,-0.0053,-0.04813,0.01291,2.81977,0.01291,0.0
12.48,1784877668.31802,,,,,,,,,,0.76474,-0.30591,-1.59808,0.00583,0.08643,0.01241,1.59808,0.01241,0.0
12.5,1784877668.33802,,,,,,,,,,0.34025,-0.1678,-2.26032,-0.0108,0.00595,0.01862,2.26032,0.01862,0.0
12.52,1784877668.35802,,,,,,,,,,0.015,0.14633,-1.93393,-0.00287,-0.00294,0.0148,1.93393,0.0148,0.0
12.54,1784877668.37802,,,,,,,,,,0.36102,-0.01772,-1.20262,2e-05,0.04952,0.01611,1.20262,0.01611,0.0
12.56,1784877668.39802,,,,,,,,,,0.41572,-0.11769,-1.35436,-0.0133,0.04535,0.01721,1.35436,0.01721,0.0
12.58,1784877668.41802,,,,,,,,,,0.12076,-0.55428,-1.43877,0.02486,0.01453,0.0101,1.43877,0.0101,0.0
12.6,1784877668.43802,,,,,,,,,,0.14677,-0.10574,-1.46602,0.00309,0.01396,0.01111,1.46602,0.01111,0.0
12.62,1784877668.45802,,,,,,,,,,0.33611,-0.15762,-0.97724,0.00382,0.03588,0.01672,0.97724,0.01672,0.0
12.64,1784877668.47802,,,,,,,,,,0.07959,-0.23958,-0.64669,0.01143,0.01483,0.0128,0.64669,0.0128,0.0
12.66,1784877668.49802,,,,,,,,,,0.35284,-0.14909,-0.7073,0.00231,0.04109,0.01141,0.7073,0.01141,0.0
12.68,1784877668.51802,,,,,,,,,,0.32944,-0.16623,-0.73352,0.00573,0.03345,0.01491,0.73352,0.01491,0.0
12.7,1784877668.53802,,,,,,,,,,0.12137,-0.24408,-0.8254,-0.00549,0.01874,0.01621,0.8254,0.01621,0.0
12.72,1784877668.55802,,,,,,,,,,0.31274,-0.15679,-0.70105,0.01394,0.03528,0.0082,0.70105,0.0082,0.0
12.74,1784877668.57802,,,,,,,,,,-0.0224,-0.02917,-0.48447,-0.00991,0.00843,0.01632,0.48447,0.01632,0.0
12.76,1784877668.59802,,,,,,,,,,0.35627,0.24229,-0.17758,-0.0317,0.01697,0.0128,0.17758,0.0128,0.0
12.78,1784877668.61802,,,,,,,,,,0.09676,0.31485,-0.45895,-0.02207,0.00114,0.01411,0.45895,0.01411,0.0
12.8,1784877668.63802,,,,,,,,,,0.28485,-0.18036,-0.80325,-0.00907,0.0335,0.01611,0.80325,0.01611,0.0
12.82,1784877668.65802,,,,,,,,,,0.60023,-1.11559,-0.34895,0.05889,0.0706,0.01451,0.34895,0.01451,0.0
12.84,1784877668.67802,,,,,,,,,,0.06096,-0.62304,-0.14123,0.04369,0.00128,0.01431,0.14123,0.01431,0.0
12.86,1784877668.69802,,,,,,,,,,0.06397,0.93557,-0.31171,-0.07411,0.01128,0.01251,0.31171,0.01251,0.0
12.88,1784877668.71802,,,,,,,,,,0.55414,0.80327,-0.62062,-0.08858,0.05381,0.01231,0.62062,0.01231,0.0
12.9,1784877668.73802,,,,,,,,,,0.32519,-1.15924,-0.17117,0.06169,0.04024,0.01952,0.17117,0.01952,0.0
12.92,1784877668.75802,,,,,,,,,,0.06174,-0.99198,0.29616,0.07462,0.00222,0.0086,-0.29616,0.0086,0.0
12.94,1784877668.77802,,,,,,,,,,0.46057,1.0427,-0.44127,-0.07805,0.04151,0.00461,0.44127,0.00461,0.0
12.96,1784877668.79802,,,,,,,,,,0.79372,-0.20242,-0.22366,0.00163,0.0787,0.00972,0.22366,0.00972,0.0
12.98,1784877668.81802,,,,,,,,,,-0.12535,-0.95706,0.09982,0.07169,-0.01505,0.01842,-0.09982,0.01842,0.0
13.0,1784877668.83802,,,,,,,,,,0.53334,-0.28528,0.02899,0.00614,0.05175,0.0121,-0.02899,0.0121,0.0
13.02,1784877668.85802,,,,,,,,,,0.23338,0.00383,-0.19223,2e-05,0.01431,0.0059,0.19223,0.0059,0.0
13.04,1784877668.87802,,,,,,,,,,0.7309,0.36007,-0.05042,-0.04213,0.06602,0.00711,0.05042,0.00711,0.0
13.06,1784877668.89802,,,,,,,,,,0.08922,-0.29797,0.02176,0.01359,0.01009,0.01902,-0.02176,0.01902,0.0
13.08,1784877668.91802,,,,,,,,,,0.2879,-0.19861,0.14843,-0.00591,0.03389,0.0122,-0.14843,0.0122,0.0
13.1,1784877668.93802,,,,,,,,,,0.24432,-0.16669,-0.00498,0.00834,0.02645,0.01131,0.00498,0.01131,0.0
13.12,1784877668.95802,,,,,,,,,,0.43442,0.2861,-0.00258,-0.03032,0.03787,0.01311,0.00258,0.01311,0.0
13.14,1784877668.97802,,,,,,,,,,0.28862,-0.395,0.0042,0.02559,0.01944,0.01421,-0.0042,0.01421,0.0
13.16,1784877668.99802,,,,,,,,,,0.50536,-0.49152,0.08939,0.03582,0.04429,0.01071,-0.08939,0.01071,0.0
13.18,1784877669.01802,,,,,,,,,,0.05368,-0.31761,0.0068,0.00919,0.00762,0.01481,-0.0068,0.01481,0.0
13.2,1784877669.03802,,,,,,,,,,0.38682,-0.12891,0.07689,-0.00549,0.04651,0.01171,-0.07689,0.01171,0.0
13.22,1784877669.05802,,,,,,,,,,0.431,0.2546,0.21634,-0.03471,0.02874,0.01672,-0.21634,0.01672,0.0
13.24,1784877669.07802,,,,,,,,,,0.37984,-0.4378,0.19736,0.02709,0.03076,0.01461,-0.19736,0.01461,0.0
13.26,1784877669.09802,,,,,,,,,,0.18139,-0.05519,0.04053,-0.01533,0.02315,0.01431,-0.04053,0.01431,0.0
13.28,1784877669.11802,,,,,,,,,,0.01424,-0.0043,0.15074,-0.01447,-0.00117,0.01791,-0.15074,0.01791,0.0
13.3,1784877669.13802,,,,,,,,,,0.56762,-0.25297,0.24669,0.01956,0.05032,0.0093,-0.24669,0.0093,0.0
13.32,1784877669.15802,,,,,,,,,,0.46081,-0.04514,0.2575,0.0007,0.03013,0.00921,-0.2575,0.00921,0.0
13.34,1784877669.17802,,,,,,,,,,0.19263,-0.16436,0.20905,0.00993,0.01375,0.01742,-0.20905,0.01742,0.0
13.36,1784877669.19802,,,,,,,,,,0.30215,-0.06227,0.25776,-0.0041,0.02848,0.0129,-0.25776,0.0129,0.0
13.38,1784877669.21802,,,,,,,,,,0.13881,0.15522,0.12225,-0.01929,0.01494,0.01231,-0.12225,0.01231,0.0
13.4,1784877669.23802,,,,,,,,,,0.07325,-0.22143,0.25446,0.01075,0.00515,0.01051,-0.25446,0.01051,0.0
13.42,1784877669.25802,,,,,,,,,,0.49256,-0.14006,0.1815,0.00431,0.0439,0.01391,-0.1815,0.01391,0.0
13.44,1784877669.27802,,,,,,,,,,0.19683,-0.04701,0.27351,-0.00849,0.01763,0.01611,-0.27351,0.01611,0.0
13.46,1784877669.29802,,,,,,,,,,0.27452,-0.19597,0.25046,0.01004,0.01786,0.01361,-0.25046,0.01361,0.0
13.48,1784877669.31802,,,,,,,,,,0.17458,-0.02139,0.07011,-0.0094,0.01466,0.01421,-0.07011,0.01421,0.0
13.5,1784877669.33802,,,,,,,,,,0.19193,-0.20032,0.09395,0.00173,0.02057,0.00981,-0.09395,0.00981,0.0
13.52,1784877669.35802,,,,,,,,,,0.44837,-0.20428,0.15006,0.01133,0.03748,0.01111,-0.15006,0.01111,0.0
13.54,1784877669.37802,,,,,,,,,,0.18248,-0.15905,0.23949,0.00591,0.01944,0.01221,-0.23949,0.01221,0.0
13.56,1784877669.39802,,,,,,,,,,0.07992,-0.13808,0.01895,-0.00109,0.01276,0.01411,-0.01895,0.01411,0.0
13.58,1784877669.41802,,,,,,,,,,0.48845,0.06281,0.23336,-0.0198,0.0456,0.01521,-0.23336,0.01521,0.0
13.6,1784877669.43802,,,,,,,,,,0.41167,0.24958,0.15969,-0.02719,0.03214,0.01891,-0.15969,0.01891,0.0
13.62,1784877669.45802,,,,,,,,,,0.15223,-0.06656,0.28835,-0.00255,0.01494,0.01571,-0.28835,0.01571,0.0
13.64,1784877669.47802,,,,,,,,,,0.26845,-0.37359,0.15684,0.01554,0.03218,0.0099,-0.15684,0.0099,0.0
13.66,1784877669.49802,,,,,,,,,,0.23104,-0.15824,0.1425,-0.0053,0.03156,0.01381,-0.1425,0.01381,0.0
13.68,1784877669.51802,,,,,,,,,,0.24142,-0.14932,0.29767,0.01024,0.01865,0.008,-0.29767,0.008,0.0
13.7,1784877669.53802,,,,,,,,,,0.10535,-0.07111,0.13271,-0.0067,0.01636,0.01181,-0.13271,0.01181,0.0
13.72,1784877669.55802,,,,,,,,,,0.16858,-0.26412,0.32533,0.01014,0.02076,0.01051,-0.32533,0.01051,0.0
13.74,1784877669.57802,,,,,,,,,,0.37541,-0.26828,0.37212,0.01943,0.03207,0.0049,-0.37212,0.0049,0.0
13.76,1784877669.59802,,,,,,,,,,0.2116,-0.0834,0.13595,-0.00411,0.01975,0.00972,-0.13595,0.00972,0.0
13.78,1784877669.61802,,,,,,,,,,0.13804,0.1259,0.16015,-0.01759,0.01466,0.01481,-0.16015,0.01481,0.0
13.8,1784877669.63802,,,,,,,,,,0.18355,-0.04971,0.21796,0.00014,0.02057,0.01171,-0.21796,0.01171,0.0
13.82,1784877669.65802,,,,,,,,,,0.20722,-0.05598,0.10838,0.00222,0.01766,0.01401,-0.10838,0.01401,0.0
13.84,1784877669.67802,,,,,,,,,,0.4885,-0.28495,0.14165,0.01483,0.04068,0.01161,-0.14165,0.01161,0.0
13.86,1784877669.69802,,,,,,,,,,-0.1376,0.01044,0.21067,-0.01712,-0.00449,0.01672,-0.21067,0.01672,0.0
13.88,1784877669.71802,,,,,,,,,,0.30645,-0.3336,0.1204,0.02157,0.0245,0.0056,-0.1204,0.0056,0.0
13.9,1784877669.73802,,,,,,,,,,0.32626,-0.25367,0.23763,0.01541,0.02736,0.00972,-0.23763,0.00972,0.0
13.92,1784877669.75802,,,,,,,,,,0.35914,-0.21147,0.27422,0.01152,0.03267,0.00851,-0.27422,0.00851,0.0
13.94,1784877669.77802,,,,,,,,,,0.30644,-0.22362,0.22264,0.01032,0.02425,0.01642,-0.22264,0.01642,0.0
