seg_id,kind,a_us,b_us,sweep,planned_dwell_s,min_dwell_s,max_dwell_s,t_mono_start,t_mono_end,actual_dwell_s,n_loadcell,dwell_reason,thrust_mean_n,thrust_sem_n
0,tare,1000,1000,0,10.0,10.0,10.0,342844.124142,342854.125301,10.001159,500,planned,9.299702,0.001347
1,warmup,1000,1000,0,3.0,3.0,3.0,342854.571205,342857.57125,3.000044,172,planned,0.00246,0.002226
2,idle_pre,1000,1000,0,10.0,10.0,10.0,342857.571696,342867.572479,10.000783,500,planned,0.000397,0.001146
3,chirp,1400,1400,0,0.5,0.5,0.5,342867.573612,342868.074949,0.501337,25,planned,2.777424,
4,chirp,1000,1000,0,0.5,0.5,0.5,342868.075284,342868.576437,0.501153,25,planned,0.638454,
5,chirp,1400,1400,0,0.5,0.5,0.5,342868.576773,342869.076883,0.50011,25,planned,3.032991,
6,chirp,1000,1000,0,0.5,0.5,0.5,342869.077119,342869.577348,0.50023,25,planned,0.839833,
7,chirp,1400,1400,0,0.5,0.5,0.5,342869.577626,342870.078102,0.500476,25,planned,2.602288,
8,chirp,1000,1000,0,0.5,0.5,0.5,342870.078382,342870.580387,0.502005,26,planned,0.810011,
9,step,1300,1900,1,4.0,4.0,4.0,342870.580824,342874.583212,4.002388,200,planned,10.386685,0.105057
10,step,1300,1500,1,4.0,4.0,4.0,342874.589025,342878.589428,4.000403,200,planned,3.903499,0.101253
11,step,1500,1100,1,4.0,4.0,4.0,342878.595011,342882.596773,4.001762,200,planned,2.939521,0.070458
12,step,1500,1300,1,4.0,4.0,4.0,342882.601433,342886.603054,4.001621,201,planned,3.968753,0.099942
13,step,1600,1700,1,4.0,4.0,4.0,342886.610729,342890.611686,4.000957,200,planned,9.999728,0.082477
14,step,1300,1100,1,4.0,4.0,4.0,342890.617571,342894.618082,4.000511,200,planned,1.163035,0.023671
15,step,1500,1800,1,4.0,4.0,4.0,342894.622179,342898.623752,4.001573,201,planned,10.292797,0.144488
16,step,1600,1300,1,4.0,4.0,4.0,342898.629875,342902.630134,4.000259,200,planned,5.283551,0.13141
17,reference,1500,1500,1,4.0,4.0,4.0,342902.635035,342906.635385,4.000351,200,planned,5.717443,0.076652
18,step,1400,1000,1,4.0,4.0,4.0,342906.635779,342910.63657,4.000791,200,planned,3.002389,0.063026
19,step,1400,1100,1,4.0,4.0,4.0,342910.644394,342914.644668,4.000273,201,planned,1.86704,0.039142
20,step,1300,1600,1,4.0,4.0,4.0,342914.651943,342918.652865,4.000923,200,planned,5.333625,0.114942
21,step,1300,2000,1,4.0,4.0,4.0,342918.659348,342922.660549,4.0012,201,planned,12.934311,0.089709
22,step,1500,2000,1,4.0,4.0,4.0,342922.664448,342926.666961,4.002513,200,planned,14.192775,0.084204
23,step,1500,1700,1,4.0,4.0,4.0,342926.674223,342930.67645,4.002227,200,planned,8.691671,0.11642
24,step,1600,1200,1,4.0,4.0,4.0,342930.68294,342934.683615,4.000676,201,planned,4.750513,0.121633
25,step,1500,1200,1,4.0,4.0,4.0,342934.690605,342938.690853,4.000248,200,planned,3.287673,0.057509
26,reference,1500,1500,1,4.0,4.0,4.0,342938.697081,342942.697862,4.000781,200,planned,5.865485,0.112669
27,step,1500,1900,1,4.0,4.0,4.0,342942.698335,342946.69877,4.000436,200,planned,12.412501,0.077094
28,step,1400,1900,1,4.0,4.0,4.0,342946.705269,342950.705621,4.000352,201,planned,11.35677,0.089641
29,step,1300,1300,1,4.0,4.0,4.0,342950.710393,342954.713249,4.002856,200,planned,2.02366,0.04994
30,step,1600,1500,1,4.0,4.0,4.0,342954.719596,342958.721594,4.001998,201,planned,7.122848,0.107145
31,step,1500,1000,1,4.0,4.0,4.0,342958.73015,342962.730869,4.000719,200,planned,4.558073,0.090438
32,step,1400,1200,1,4.0,4.0,4.0,342962.737559,342966.739691,4.002132,201,planned,2.329437,0.047567
33,step,1400,2000,1,4.0,4.0,4.0,342966.745987,342970.748553,4.002566,200,planned,13.714108,0.090552
34,step,1300,1400,1,4.0,4.0,4.0,342970.753243,342974.754012,4.000769,200,planned,2.887529,0.068003
35,reference,1500,1500,1,4.0,4.0,4.0,342974.761001,342978.761196,4.000195,201,planned,5.960613,0.105508
36,step,1500,1400,1,4.0,4.0,4.0,342978.761547,342982.763272,4.001725,200,planned,4.795319,0.103048
37,step,1400,1800,1,4.0,4.0,4.0,342982.769394,342986.770698,4.001304,200,planned,9.269252,0.105053
38,step,1500,1500,1,4.0,4.0,4.0,342986.776972,342990.779407,4.002434,201,planned,5.887321,0.105658
39,step,1600,1400,1,4.0,4.0,4.0,342990.786351,342994.787345,4.000995,200,planned,6.06301,0.111688
40,step,1600,1000,1,4.0,4.0,4.0,342994.791106,342998.791214,4.000108,200,planned,6.607781,0.114867
41,step,1300,1200,1,4.0,4.0,4.0,342998.797338,343002.799839,4.002501,201,planned,1.521028,0.02836
42,step,1300,1700,1,4.0,4.0,4.0,343002.805659,343006.807542,4.001884,200,planned,6.691966,0.092619
43,step,1600,1100,1,4.0,4.0,4.0,343006.814988,343010.816826,4.001838,200,planned,4.242458,0.079069
44,reference,1500,1500,1,4.0,4.0,4.0,343010.823919,343014.824578,4.000659,201,planned,5.797682,0.102118
45,step,1400,1400,1,4.0,4.0,4.0,343014.825115,343018.826269,4.001153,200,planned,3.656961,0.059964
46,step,1400,1700,1,4.0,4.0,4.0,343018.833361,343022.834796,4.001435,200,planned,7.583751,0.152788
47,step,1400,1300,1,4.0,4.0,4.0,343022.841639,343026.841894,4.000254,201,planned,2.953895,0.058577
48,step,1500,1600,1,4.0,4.0,4.0,343026.84945,343030.851633,4.002183,200,planned,6.984076,0.121423
49,step,1600,1900,1,4.0,4.0,4.0,343030.857545,343034.858458,4.000913,200,planned,13.488018,0.096217
50,step,1400,1600,1,4.0,4.0,4.0,343034.864857,343038.866454,4.001597,201,planned,6.07706,0.123478
51,step,1300,1800,1,4.0,4.0,4.0,343038.873084,343042.873923,4.000838,200,planned,8.489426,0.079182
52,step,1600,1600,1,4.0,4.0,4.0,343042.878132,343046.878254,4.000122,200,planned,8.266087,0.084671
53,reference,1500,1500,1,4.0,4.0,4.0,343046.882958,343050.884051,4.001093,201,planned,5.746037,0.081867
54,step,1600,2000,1,4.0,4.0,4.0,343050.88463,343054.88502,4.00039,200,planned,15.780497,0.068204
55,step,1400,1500,1,4.0,4.0,4.0,343054.890516,343058.892121,4.001605,200,planned,4.875242,0.105868
56,step,1600,1800,1,4.0,4.0,4.0,343058.899158,343062.899999,4.000841,201,planned,11.741907,0.100776
57,step,1300,1000,1,4.0,4.0,4.0,343062.906027,343066.906439,4.000413,200,planned,1.68645,0.033158
58,ramp_between,1300,1125,1,0.05,0.05,0.05,343066.911701,343066.962491,0.05079,3,planned,1.551437,
59,ramp_between,1300,1250,1,0.05,0.05,0.05,343066.962741,343067.014554,0.051813,2,planned,1.630454,
60,ramp_between,1300,1375,1,0.05,0.05,0.05,343067.014759,343067.065019,0.05026,3,planned,1.405341,
61,ramp_between,1300,1500,1,0.05,0.05,0.05,343067.065185,343067.117137,0.051953,2,planned,2.23321,
62,ramp_between,1300,1625,1,0.05,0.05,0.05,343067.117325,343067.169546,0.052221,3,planned,2.135067,
63,ramp_between,1300,1750,1,0.05,0.05,0.05,343067.169802,343067.22228,0.052479,3,planned,4.187168,
64,ramp_between,1300,1875,1,0.05,0.05,0.05,343067.222471,343067.273129,0.050659,2,planned,4.578961,
65,ramp_between,1300,2000,1,0.05,0.05,0.05,343067.273379,343067.323955,0.050576,3,planned,6.39655,
66,step,1300,2000,2,4.0,4.0,4.0,343067.324172,343071.324966,4.000793,200,planned,12.753302,0.110968
67,step,1300,1800,2,4.0,4.0,4.0,343071.329133,343075.329761,4.000627,200,planned,8.38589,0.119353
68,step,1600,1600,2,4.0,4.0,4.0,343075.335981,343079.338021,4.00204,200,planned,8.521453,0.128332
69,step,1500,1900,2,4.0,4.0,4.0,343079.344424,343083.346824,4.0024,201,planned,12.433948,0.132548
70,step,1500,1300,2,4.0,4.0,4.0,343083.353087,343087.354167,4.00108,200,planned,4.007899,0.075474
71,step,1500,1600,2,4.0,4.0,4.0,343087.360246,343091.360563,4.000317,201,planned,7.063471,0.069823
72,step,1300,1000,2,4.0,4.0,4.0,343091.366072,343095.367912,4.001839,200,planned,1.674927,0.042902
73,step,1500,1500,2,4.0,4.0,4.0,343095.374416,343099.375898,4.001482,200,planned,5.85653,0.106889
74,reference,1500,1500,2,4.0,4.0,4.0,343099.383257,343103.385065,4.001808,201,planned,5.75756,0.111267
75,step,1400,1600,2,4.0,4.0,4.0,343103.385688,343107.387046,4.001358,200,planned,5.857263,0.130835
76,step,1400,1500,2,4.0,4.0,4.0,343107.391974,343111.394347,4.002373,200,planned,4.8069,0.092976
77,step,1300,1900,2,4.0,4.0,4.0,343111.40024,343115.402424,4.002184,201,planned,10.244511,0.090386
78,step,1300,1400,2,4.0,4.0,4.0,343115.40778,343119.409829,4.002049,200,planned,2.853327,0.054954
79,step,1600,2000,2,4.0,4.0,4.0,343119.415858,343123.417003,4.001145,200,planned,15.874738,0.084979
80,step,1400,1000,2,4.0,4.0,4.0,343123.422291,343127.424129,4.001839,201,planned,3.07112,0.066895
81,step,1400,1800,2,4.0,4.0,4.0,343127.42948,343131.429743,4.000263,200,planned,9.433775,0.105615
82,step,1400,1700,2,4.0,4.0,4.0,343131.435856,343135.436752,4.000896,200,planned,7.85135,0.11305
83,reference,1500,1500,2,4.0,4.0,4.0,343135.440423,343139.440879,4.000456,201,planned,5.809951,0.098488
84,step,1400,1300,2,4.0,4.0,4.0,343139.441235,343143.443534,4.002299,200,planned,2.849612,0.063478
85,step,1300,1600,2,4.0,4.0,4.0,343143.449155,343147.449774,4.000618,200,planned,5.186723,0.133651
86,step,1600,1100,2,4.0,4.0,4.0,343147.455923,343151.456121,4.000198,200,planned,4.399799,0.094074
87,step,1400,1400,2,4.0,4.0,4.0,343151.459883,343155.461314,4.001431,201,planned,3.85787,0.13299
88,step,1600,1500,2,4.0,4.0,4.0,343155.465378,343159.466468,4.00109,200,planned,6.849084,0.107058
89,step,1300,1300,2,4.0,4.0,4.0,343159.471748,343163.474359,4.002612,200,planned,2.12382,0.047129
90,step,1300,1700,2,4.0,4.0,4.0,343163.478465,343167.479486,4.001021,201,planned,6.855649,0.095085
91,step,1600,1400,2,4.0,4.0,4.0,343167.483068,343171.484463,4.001395,200,planned,5.945814,0.10847
92,reference,1500,1500,2,4.0,4.0,4.0,343171.490413,343175.492452,4.002039,200,planned,5.826776,0.125413
93,step,1300,1100,2,4.0,4.0,4.0,343175.492981,343179.493684,4.000703,200,planned,1.162566,0.024952
94,step,1400,1900,2,4.0,4.0,4.0,343179.499771,343183.500185,4.000414,201,planned,11.148747,0.181263
95,step,1500,1800,2,4.0,4.0,4.0,343183.50635,343187.507019,4.000669,200,planned,10.481589,0.085717
96,step,1500,1000,2,4.0,4.0,4.0,343187.512691,343191.513562,4.000871,200,planned,4.685968,0.103313
97,step,1600,1200,2,4.0,4.0,4.0,343191.520314,343195.521761,4.001447,201,planned,4.788132,0.133496
98,step,1600,1000,2,4.0,4.0,4.0,343195.525233,343199.527156,4.001923,200,planned,6.790965,0.11684
99,step,1400,1200,2,4.0,4.0,4.0,343199.532501,343203.534648,4.002148,200,planned,2.370696,0.043544
100,step,1600,1700,2,4.0,4.0,4.0,343203.538278,343207.539623,4.001345,201,planned,9.87405,0.088509
101,reference,1500,1500,2,4.0,4.0,4.0,343207.545626,343211.547576,4.00195,200,planned,5.739403,0.114833
102,step,1600,1800,2,4.0,4.0,4.0,343211.548078,343215.550537,4.002459,200,planned,11.753455,0.156952
103,step,1600,1900,2,4.0,4.0,4.0,343215.555814,343219.558012,4.002198,200,planned,13.525861,0.114932
104,step,1500,1400,2,4.0,4.0,4.0,343219.563471,343223.566024,4.002553,201,planned,4.68701,0.075191
105,step,1500,2000,2,4.0,4.0,4.0,343223.572655,343227.573158,4.000503,200,planned,14.325673,0.066074
106,step,1400,1100,2,4.0,4.0,4.0,343227.581178,343231.583595,4.002416,201,planned,1.930018,0.031756
107,step,1500,1700,2,4.0,4.0,4.0,343231.589592,343235.590399,4.000807,200,planned,8.348876,0.135933
108,step,1300,1200,2,4.0,4.0,4.0,343235.596275,343239.596417,4.000142,200,planned,1.498476,0.030826
109,step,1600,1300,2,4.0,4.0,4.0,343239.604094,343243.60524,4.001146,201,planned,5.136888,0.082247
110,reference,1500,1500,2,4.0,4.0,4.0,343243.611689,343247.612866,4.001177,200,planned,5.79305,0.107343
111,step,1500,1100,2,4.0,4.0,4.0,343247.613277,343251.614055,4.000778,200,planned,3.022604,0.04661
112,step,1500,1200,2,4.0,4.0,4.0,343251.620274,343255.62212,4.001846,201,planned,3.465749,0.129621
113,step,1300,1500,2,4.0,4.0,4.0,343255.628229,343259.629541,4.001313,200,planned,4.085517,0.087192
114,step,1400,2000,2,4.0,4.0,4.0,343259.635295,343263.637341,4.002045,200,planned,13.674947,0.126532
115,ramp_down,1350,1875,2,0.05,0.05,0.05,343263.643735,343263.694577,0.050842,3,planned,12.779092,
116,ramp_down,1300,1750,2,0.05,0.05,0.05,343263.694757,343263.747242,0.052486,3,planned,13.455909,
117,ramp_down,1250,1625,2,0.05,0.05,0.05,343263.747368,343263.799855,0.052487,3,planned,11.445127,
118,ramp_down,1200,1500,2,0.05,0.05,0.05,343263.799983,343263.850491,0.050507,2,planned,9.368947,
119,ramp_down,1150,1375,2,0.05,0.05,0.05,343263.850622,343263.903068,0.052447,3,planned,8.971475,
120,ramp_down,1100,1250,2,0.05,0.05,0.05,343263.90319,343263.954528,0.051337,2,planned,7.614859,
121,ramp_down,1050,1125,2,0.05,0.05,0.05,343263.954705,343264.005496,0.050791,3,planned,4.943891,
122,ramp_down,1000,1000,2,0.05,0.05,0.05,343264.005691,343264.057078,0.051386,2,planned,4.656966,
123,chirp,1400,1400,0,0.5,0.5,0.5,343264.057216,343264.559545,0.502329,26,planned,3.940465,
124,chirp,1000,1000,0,0.5,0.5,0.5,343264.559744,343265.061277,0.501532,25,planned,0.774128,
125,chirp,1400,1400,0,0.5,0.5,0.5,343265.061423,343265.563227,0.501804,25,planned,2.983509,
126,chirp,1000,1000,0,0.5,0.5,0.5,343265.563467,343266.063635,0.500168,25,planned,0.682012,
127,chirp,1400,1400,0,0.5,0.5,0.5,343266.063865,343266.564755,0.50089,25,planned,3.068412,
128,chirp,1000,1000,0,0.5,0.5,0.5,343266.564999,343267.065806,0.500807,25,planned,0.823389,
129,idle_post,1000,1000,0,10.0,10.0,10.0,343267.06598,343277.066417,10.000437,500,planned,0.000206,0.001302
