t_epoch,t_fc_us,phase,a_cmd_us,b_cmd_us,a_cmd_norm,b_cmd_norm,servo1_raw,servo2_raw,servo3_raw,servo4_raw,servo5_raw,servo6_raw,servo7_raw,servo8_raw,voltage_v,current_a,sweep_idx
1784820195.9134586,94875377,A1300_B1000,1300,1000,0.3,0.0,1300,1000,1000,1000,0,0,0,0,12.02,0.0,1
1784820195.965006,94923300,A1300_B1000,1300,1000,0.3,0.0,1300,1000,1000,1000,0,0,0,0,12.019,0.0,1
1784820196.0132046,94975708,A1300_B1000,1300,1000,0.3,0.0,1300,1000,1000,1000,0,0,0,0,12.019,0.0,1
1784820196.06511,95025182,A1300_B1000,1300,1000,0.3,0.0,1300,1000,1000,1000,0,0,0,0,11.934,4.16,1
1784820196.1122837,95073059,A1300_B1000,1300,1000,0.3,0.0,1300,1000,1000,1000,0,0,0,0,11.934,4.16,1
1784820196.1641934,95125462,A1300_B1000,1300,1000,0.3,0.0,1300,1000,1000,1000,0,0,0,0,11.963,1.66,1
1784820196.2124436,95174887,A1300_B1000,1300,1000,0.3,0.0,1300,1000,1000,1000,0,0,0,0,11.963,1.66,1
1784820196.2650251,95222810,A1300_B1000,1300,1000,0.3,0.0,1300,1000,1000,1000,0,0,0,0,11.978,1.6,1
1784820196.3134978,95275232,A1300_B1000,1300,1000,0.3,0.0,1300,1000,1000,1000,0,0,0,0,11.978,1.6,1
1784820196.3650298,95323186,A1300_B1000,1300,1000,0.3,0.0,1300,1000,1000,1000,0,0,0,0,11.971,1.54,1
1784820196.4151397,95375599,A1300_B1000,1300,1000,0.3,0.0,1300,1000,1000,1000,0,0,0,0,11.971,1.54,1
1784820196.4650228,95424979,A1300_B1000,1300,1000,0.3,0.0,1300,1000,1000,1000,0,0,0,0,11.963,1.51,1
1784820196.5132346,95475887,A1300_B1000,1300,1000,0.3,0.0,1300,1000,1000,1000,0,0,0,0,11.963,1.51,1
1784820196.564223,95526810,A1300_B1000,1300,1000,0.3,0.0,1300,1000,1000,1000,0,0,0,0,11.964,1.48,1
1784820196.612339,95574722,A1300_B1000,1300,1000,0.3,0.0,1300,1000,1000,1000,0,0,0,0,11.964,1.48,1
1784820196.6649606,95627144,A1300_B1000,1300,1000,0.3,0.0,1300,1000,1000,1000,0,0,0,0,11.967,1.48,1
1784820196.7123218,95675107,A1300_B1000,1300,1000,0.3,0.0,1300,1000,1000,1000,0,0,0,0,11.967,1.48,1
1784820196.7642922,95727518,A1300_B1000,1300,1000,0.3,0.0,1300,1000,1000,1000,0,0,0,0,11.97,1.49,1
1784820196.812214,95773904,A1300_B1000,1300,1000,0.3,0.0,1300,1000,1000,1000,0,0,0,0,11.97,1.49,1
1784820196.868762,95824860,A1300_B1000,1300,1000,0.3,0.0,1300,1000,1000,1000,0,0,0,0,11.93,1.44,1
1784820196.9135685,95877275,A1300_B1000,1300,1000,0.3,0.0,1300,1000,1000,1000,0,0,0,0,11.93,1.44,1
1784820196.965084,95923655,A1300_B1000,1300,1000,0.3,0.0,1300,1000,1000,1000,0,0,0,0,11.934,1.33,1
1784820197.0136626,95977568,A1300_B1000,1300,1000,0.3,0.0,1300,1000,1000,1000,0,0,0,0,11.934,1.33,1
1784820197.062625,96023992,A1300_B1000,1300,1000,0.3,0.0,1300,1000,1000,1000,0,0,0,0,11.896,1.33,1
1784820197.1131938,96076406,A1300_B1000,1300,1000,0.3,0.0,1300,1000,1000,1000,0,0,0,0,11.896,1.33,1
1784820197.1643038,96127321,A1300_B1000,1300,1000,0.3,0.0,1300,1000,1000,1000,0,0,0,0,11.959,1.44,1
1784820197.212194,96173745,A1300_B1000,1300,1000,0.3,0.0,1300,1000,1000,1000,0,0,0,0,11.959,1.44,1
1784820197.2639995,96226158,A1300_B1000,1300,1000,0.3,0.0,1300,1000,1000,1000,0,0,0,0,11.96,1.37,1
1784820197.313535,96277077,A1300_B1000,1300,1000,0.3,0.0,1300,1000,1000,1000,0,0,0,0,11.96,1.37,1
1784820197.365047,96325007,A1300_B1000,1300,1000,0.3,0.0,1300,1000,1000,1000,0,0,0,0,11.94,1.36,1
1784820197.4132233,96374411,A1300_B1000,1300,1000,0.3,0.0,1300,1000,1000,1000,0,0,0,0,11.94,1.36,1
1784820197.4649668,96426833,A1300_B1000,1300,1000,0.3,0.0,1300,1000,1000,1000,0,0,0,0,11.953,1.15,1
1784820197.512211,96474755,A1300_B1000,1300,1000,0.3,0.0,1300,1000,1000,1000,0,0,0,0,11.953,1.15,1
1784820197.5633428,96525664,A1300_B1000,1300,1000,0.3,0.0,1300,1000,1000,1000,0,0,0,0,11.946,1.21,1
1784820197.6122668,96575084,A1300_B1000,1300,1000,0.3,0.0,1300,1000,1000,1000,0,0,0,0,11.946,1.21,1
1784820197.6643121,96626050,A1300_B1000,1300,1000,0.3,0.0,1300,1000,1000,1000,0,0,0,0,11.972,1.37,1
1784820197.7134871,96675424,A1300_B1000,1300,1000,0.3,0.0,1300,1000,1000,1000,0,0,0,0,11.972,1.37,1
1784820197.7650516,96723386,A1300_B1000,1300,1000,0.3,0.0,1300,1000,1000,1000,0,0,0,0,11.949,1.35,1
1784820197.8134484,96775799,A1300_B1000,1300,1000,0.3,0.0,1300,1000,1000,1000,0,0,0,0,11.949,1.35,1
1784820197.8681998,96828222,A1300_B1000,1300,1000,0.3,0.0,1300,1000,1000,1000,0,0,0,0,11.917,1.21,1
1784820197.9137237,96877591,A1300_B1000,1300,1000,0.3,0.0,1300,1000,1000,1000,0,0,0,0,11.917,1.21,1
1784820197.965085,96925554,A1300_B1000,1300,1000,0.3,0.0,1300,1000,1000,1000,0,0,0,0,11.953,1.35,1
1784820198.0132287,96974926,A1300_B1000,1300,1000,0.3,0.0,1300,1000,1000,1000,0,0,0,0,11.953,1.35,1
1784820198.064172,97022894,A1300_B1000,1300,1000,0.3,0.0,1300,1000,1000,1000,0,0,0,0,11.972,1.36,1
1784820198.1122613,97075388,A1300_B1000,1300,1000,0.3,0.0,1300,1000,1000,1000,0,0,0,0,11.972,1.36,1
1784820198.165062,97127727,A1300_B1000,1300,1000,0.3,0.0,1300,1000,1000,1000,0,0,0,0,11.937,1.33,1
1784820198.2122319,97175603,A1300_B1000,1300,1000,0.3,0.0,1300,1000,1000,1000,0,0,0,0,11.937,1.33,1
1784820198.2655277,97225104,A1300_B1000,1300,1000,0.3,0.0,1300,1000,1000,1000,0,0,0,0,11.945,1.37,1
1784820198.313677,97275940,A1300_B1000,1300,1000,0.3,0.0,1300,1000,1000,1000,0,0,0,0,11.945,1.37,1
1784820198.3643804,97325365,A1300_B1000,1300,1000,0.3,0.0,1300,1000,1000,1000,0,0,0,0,11.948,1.36,1
1784820198.4122448,97373286,A1300_B1100,1300,1100,0.3,0.1,1300,1100,1000,1000,0,0,0,0,11.948,1.36,1
1784820198.4651415,97425690,A1300_B1100,1300,1100,0.3,0.1,1300,1100,1000,1000,0,0,0,0,11.95,1.56,1
1784820198.51309,97475111,A1300_B1100,1300,1100,0.3,0.1,1300,1100,1000,1000,0,0,0,0,11.95,1.56,1
1784820198.5634172,97526066,A1300_B1100,1300,1100,0.3,0.1,1300,1100,1000,1000,0,0,0,0,11.952,2.18,1
1784820198.613547,97576991,A1300_B1100,1300,1100,0.3,0.1,1300,1100,1000,1000,0,0,0,0,11.952,2.18,1
1784820198.6647687,97623365,A1300_B1100,1300,1100,0.3,0.1,1300,1100,1000,1000,0,0,0,0,11.931,2.05,1
1784820198.7132623,97675785,A1300_B1100,1300,1100,0.3,0.1,1300,1100,1000,1000,0,0,0,0,11.931,2.05,1
1784820198.7640958,97723705,A1300_B1100,1300,1100,0.3,0.1,1300,1100,1000,1000,0,0,0,0,11.878,1.92,1
1784820198.8135593,97776145,A1300_B1100,1300,1100,0.3,0.1,1300,1100,1000,1000,0,0,0,0,11.878,1.92,1
1784820198.8668292,97827036,A1300_B1100,1300,1100,0.3,0.1,1300,1100,1000,1000,0,0,0,0,12.028,1.74,1
1784820198.913054,97876500,A1300_B1100,1300,1100,0.3,0.1,1300,1100,1000,1000,0,0,0,0,12.028,1.74,1
1784820198.9646816,97928917,A1300_B1100,1300,1100,0.3,0.1,1300,1100,1000,1000,0,0,0,0,11.948,1.74,1
1784820199.013619,97976787,A1300_B1100,1300,1100,0.3,0.1,1300,1100,1000,1000,0,0,0,0,11.948,1.74,1
1784820199.06468,98026253,A1300_B1100,1300,1100,0.3,0.1,1300,1100,1000,1000,0,0,0,0,11.946,1.71,1
1784820199.1137908,98077118,A1300_B1100,1300,1100,0.3,0.1,1300,1100,1000,1000,0,0,0,0,11.946,1.71,1
1784820199.165112,98123602,A1300_B1100,1300,1100,0.3,0.1,1300,1100,1000,1000,0,0,0,0,11.954,1.77,1
1784820199.213278,98176006,A1300_B1100,1300,1100,0.3,0.1,1300,1100,1000,1000,0,0,0,0,11.954,1.77,1
1784820199.2641244,98223878,A1300_B1100,1300,1100,0.3,0.1,1300,1100,1000,1000,0,0,0,0,11.944,1.72,1
1784820199.313386,98276297,A1300_B1100,1300,1100,0.3,0.1,1300,1100,1000,1000,0,0,0,0,11.944,1.72,1
1784820199.3645713,98325761,A1300_B1100,1300,1100,0.3,0.1,1300,1100,1000,1000,0,0,0,0,11.963,1.59,1
1784820199.4122853,98373635,A1300_B1100,1300,1100,0.3,0.1,1300,1100,1000,1000,0,0,0,0,11.963,1.59,1
1784820199.465047,98426072,A1300_B1100,1300,1100,0.3,0.1,1300,1100,1000,1000,0,0,0,0,11.889,1.64,1
1784820199.5134552,98473978,A1300_B1100,1300,1100,0.3,0.1,1300,1100,1000,1000,0,0,0,0,11.889,1.64,1
1784820199.566547,98524890,A1300_B1100,1300,1100,0.3,0.1,1300,1100,1000,1000,0,0,0,0,11.908,1.7,1
1784820199.6135817,98577303,A1300_B1100,1300,1100,0.3,0.1,1300,1100,1000,1000,0,0,0,0,11.908,1.7,1
1784820199.6643531,98625274,A1300_B1100,1300,1100,0.3,0.1,1300,1100,1000,1000,0,0,0,0,11.917,1.7,1
1784820199.713407,98674645,A1300_B1100,1300,1100,0.3,0.1,1300,1100,1000,1000,0,0,0,0,11.917,1.7,1
1784820199.7643657,98725556,A1300_B1100,1300,1100,0.3,0.1,1300,1100,1000,1000,0,0,0,0,11.884,1.68,1
1784820199.8123522,98775027,A1300_B1100,1300,1100,0.3,0.1,1300,1100,1000,1000,0,0,0,0,11.884,1.68,1
1784820199.867278,98825894,A1300_B1100,1300,1100,0.3,0.1,1300,1100,1000,1000,0,0,0,0,11.943,1.71,1
1784820199.9137113,98875316,A1300_B1100,1300,1100,0.3,0.1,1300,1100,1000,1000,0,0,0,0,11.943,1.71,1
1784820199.9668105,98927728,A1300_B1100,1300,1100,0.3,0.1,1300,1100,1000,1000,0,0,0,0,11.912,1.63,1
1784820200.0133069,98975653,A1300_B1100,1300,1100,0.3,0.1,1300,1100,1000,1000,0,0,0,0,11.912,1.63,1
1784820200.0640643,99025068,A1300_B1100,1300,1100,0.3,0.1,1300,1100,1000,1000,0,0,0,0,11.933,1.71,1
1784820200.1137583,99077486,A1300_B1100,1300,1100,0.3,0.1,1300,1100,1000,1000,0,0,0,0,11.933,1.71,1
1784820200.164405,99125407,A1300_B1100,1300,1100,0.3,0.1,1300,1100,1000,1000,0,0,0,0,12.013,1.57,1
1784820200.2123466,99174860,A1300_B1100,1300,1100,0.3,0.1,1300,1100,1000,1000,0,0,0,0,12.013,1.57,1
1784820200.2640727,99225742,A1300_B1100,1300,1100,0.3,0.1,1300,1100,1000,1000,0,0,0,0,11.867,1.59,1
1784820200.3123538,99275160,A1300_B1100,1300,1100,0.3,0.1,1300,1100,1000,1000,0,0,0,0,11.867,1.59,1
1784820200.3635955,99326075,A1300_B1100,1300,1100,0.3,0.1,1300,1100,1000,1000,0,0,0,0,11.933,1.59,1
1784820200.4132292,99375576,A1300_B1100,1300,1100,0.3,0.1,1300,1100,1000,1000,0,0,0,0,11.933,1.59,1
1784820200.4651515,99424912,A1300_B1100,1300,1100,0.3,0.1,1300,1100,1000,1000,0,0,0,0,11.919,1.61,1
1784820200.5133808,99475827,A1300_B1100,1300,1100,0.3,0.1,1300,1100,1000,1000,0,0,0,0,11.919,1.61,1
1784820200.564633,99526747,A1300_B1100,1300,1100,0.3,0.1,1300,1100,1000,1000,0,0,0,0,11.952,1.73,1
1784820200.6124554,99574666,A1300_B1100,1300,1100,0.3,0.1,1300,1100,1000,1000,0,0,0,0,11.952,1.73,1
1784820200.665147,99627081,A1300_B1100,1300,1100,0.3,0.1,1300,1100,1000,1000,0,0,0,0,11.944,1.71,1
1784820200.7133825,99676504,A1300_B1100,1300,1100,0.3,0.1,1300,1100,1000,1000,0,0,0,0,11.944,1.71,1
1784820200.7644272,99725968,A1300_B1100,1300,1100,0.3,0.1,1300,1100,1000,1000,0,0,0,0,12.01,1.82,1
1784820200.8135176,99773842,A1300_B1100,1300,1100,0.3,0.1,1300,1100,1000,1000,0,0,0,0,12.01,1.82,1
1784820200.8673446,99824759,A1300_B1100,1300,1100,0.3,0.1,1300,1100,1000,1000,0,0,0,0,11.852,1.57,1
1784820200.913341,99874221,A1300_B1200,1300,1200,0.3,0.2,1300,1200,1000,1000,0,0,0,0,11.852,1.57,1
1784820200.964776,99923598,A1300_B1200,1300,1200,0.3,0.2,1300,1200,1000,1000,0,0,0,0,11.874,2.43,1
1784820201.0133648,99976014,A1300_B1200,1300,1200,0.3,0.2,1300,1200,1000,1000,0,0,0,0,11.874,2.43,1
1784820201.0651531,100026970,A1300_B1200,1300,1200,0.3,0.2,1300,1200,1000,1000,0,0,0,0,11.891,2.3,1
1784820201.1123605,100074846,A1300_B1200,1300,1200,0.3,0.2,1300,1200,1000,1000,0,0,0,0,11.891,2.3,1
1784820201.1635482,100124272,A1300_B1200,1300,1200,0.3,0.2,1300,1200,1000,1000,0,0,0,0,11.924,2.46,1
1784820201.213612,100176677,A1300_B1200,1300,1200,0.3,0.2,1300,1200,1000,1000,0,0,0,0,11.924,2.46,1
1784820201.2642362,100226102,A1300_B1200,1300,1200,0.3,0.2,1300,1200,1000,1000,0,0,0,0,11.892,2.26,1
1784820201.3134735,100274026,A1300_B1200,1300,1200,0.3,0.2,1300,1200,1000,1000,0,0,0,0,11.892,2.26,1
1784820201.3656254,100323447,A1300_B1200,1300,1200,0.3,0.2,1300,1200,1000,1000,0,0,0,0,11.864,2.41,1
1784820201.4138346,100377396,A1300_B1200,1300,1200,0.3,0.2,1300,1200,1000,1000,0,0,0,0,11.864,2.41,1
1784820201.465203,100423782,A1300_B1200,1300,1200,0.3,0.2,1300,1200,1000,1000,0,0,0,0,11.9,2.29,1
1784820201.5134408,100476188,A1300_B1200,1300,1200,0.3,0.2,1300,1200,1000,1000,0,0,0,0,11.9,2.29,1
1784820201.5647366,100527156,A1300_B1200,1300,1200,0.3,0.2,1300,1200,1000,1000,0,0,0,0,11.907,2.28,1
1784820201.6135228,100575029,A1300_B1200,1300,1200,0.3,0.2,1300,1200,1000,1000,0,0,0,0,11.907,2.28,1
1784820201.664328,100622953,A1300_B1200,1300,1200,0.3,0.2,1300,1200,1000,1000,0,0,0,0,11.868,2.34,1
1784820201.7135048,100675365,A1300_B1200,1300,1200,0.3,0.2,1300,1200,1000,1000,0,0,0,0,11.868,2.34,1
1784820201.7652738,100723296,A1300_B1200,1300,1200,0.3,0.2,1300,1200,1000,1000,0,0,0,0,11.901,2.41,1
1784820201.8142216,100775697,A1300_B1200,1300,1200,0.3,0.2,1300,1200,1000,1000,0,0,0,0,11.901,2.41,1
1784820201.8676426,100825117,A1300_B1200,1300,1200,0.3,0.2,1300,1200,1000,1000,0,0,0,0,11.882,2.41,1
1784820201.9134629,100876034,A1300_B1200,1300,1200,0.3,0.2,1300,1200,1000,1000,0,0,0,0,11.882,2.41,1
1784820201.9645476,100925454,A1300_B1200,1300,1200,0.3,0.2,1300,1200,1000,1000,0,0,0,0,11.825,2.12,1
1784820202.0123825,100974872,A1300_B1200,1300,1200,0.3,0.2,1300,1200,1000,1000,0,0,0,0,11.825,2.12,1
1784820202.0641441,101025788,A1300_B1200,1300,1200,0.3,0.2,1300,1200,1000,1000,0,0,0,0,11.923,2.28,1
1784820202.1136448,101075214,A1300_B1200,1300,1200,0.3,0.2,1300,1200,1000,1000,0,0,0,0,11.923,2.28,1
1784820202.165705,101123132,A1300_B1200,1300,1200,0.3,0.2,1300,1200,1000,1000,0,0,0,0,11.898,2.27,1
1784820202.2124057,101175539,A1300_B1200,1300,1200,0.3,0.2,1300,1200,1000,1000,0,0,0,0,11.898,2.27,1
1784820202.2642086,101224969,A1300_B1200,1300,1200,0.3,0.2,1300,1200,1000,1000,0,0,0,0,11.879,2.4,1
1784820202.3135946,101275926,A1300_B1200,1300,1200,0.3,0.2,1300,1200,1000,1000,0,0,0,0,11.879,2.4,1
1784820202.3643281,101322367,A1300_B1200,1300,1200,0.3,0.2,1300,1200,1000,1000,0,0,0,0,11.912,2.39,1
1784820202.4124064,101373290,A1300_B1200,1300,1200,0.3,0.2,1300,1200,1000,1000,0,0,0,0,11.912,2.39,1
1784820202.4652925,101425680,A1300_B1200,1300,1200,0.3,0.2,1300,1200,1000,1000,0,0,0,0,11.903,2.39,1
1784820202.5124075,101475053,A1300_B1200,1300,1200,0.3,0.2,1300,1200,1000,1000,0,0,0,0,11.903,2.39,1
1784820202.563473,101525974,A1300_B1200,1300,1200,0.3,0.2,1300,1200,1000,1000,0,0,0,0,11.898,2.44,1
1784820202.6136684,101576887,A1300_B1200,1300,1200,0.3,0.2,1300,1200,1000,1000,0,0,0,0,11.898,2.44,1
1784820202.6653898,101624803,A1300_B1200,1300,1200,0.3,0.2,1300,1200,1000,1000,0,0,0,0,11.797,2.48,1
1784820202.7134595,101674235,A1300_B1200,1300,1200,0.3,0.2,1300,1200,1000,1000,0,0,0,0,11.797,2.48,1
1784820202.7652748,101723649,A1300_B1200,1300,1200,0.3,0.2,1300,1200,1000,1000,0,0,0,0,11.832,2.31,1
1784820202.8135076,101774559,A1300_B1200,1300,1200,0.3,0.2,1300,1200,1000,1000,0,0,0,0,11.832,2.31,1
1784820202.8675327,101823985,A1300_B1200,1300,1200,0.3,0.2,1300,1200,1000,1000,0,0,0,0,11.837,2.43,1
1784820202.9136865,101876512,A1300_B1200,1300,1200,0.3,0.2,1300,1200,1000,1000,0,0,0,0,11.837,2.43,1
1784820202.9635925,101924321,A1300_B1200,1300,1200,0.3,0.2,1300,1200,1000,1000,0,0,0,0,11.897,2.39,1
1784820203.0137055,101976730,A1300_B1200,1300,1200,0.3,0.2,1300,1200,1000,1000,0,0,0,0,11.897,2.39,1
1784820203.0654325,102024696,A1300_B1200,1300,1200,0.3,0.2,1300,1200,1000,1000,0,0,0,0,11.921,2.41,1
1784820203.1136832,102077191,A1300_B1200,1300,1200,0.3,0.2,1300,1200,1000,1000,0,0,0,0,11.921,2.41,1
1784820203.1653566,102124994,A1300_B1200,1300,1200,0.3,0.2,1300,1200,1000,1000,0,0,0,0,11.913,2.4,1
1784820203.213841,102174465,A1300_B1200,1300,1200,0.3,0.2,1300,1200,1000,1000,0,0,0,0,11.913,2.4,1
1784820203.2651887,102226872,A1300_B1200,1300,1200,0.3,0.2,1300,1200,1000,1000,0,0,0,0,11.867,2.37,1
1784820203.3125992,102274744,A1300_B1200,1300,1200,0.3,0.2,1300,1200,1000,1000,0,0,0,0,11.867,2.37,1
1784820203.3635182,102324211,A1300_B1200,1300,1200,0.3,0.2,1300,1200,1000,1000,0,0,0,0,11.87,2.35,1
1784820203.412462,102375077,A1300_B1300,1300,1300,0.3,0.3,1300,1300,1000,1000,0,0,0,0,11.87,2.35,1
1784820203.4641998,102424500,A1300_B1300,1300,1300,0.3,0.3,1300,1300,1000,1000,0,0,0,0,11.846,3.34,1
1784820203.5127,102473963,A1300_B1300,1300,1300,0.3,0.3,1300,1300,1000,1000,0,0,0,0,11.846,3.34,1
1784820203.565298,102524829,A1300_B1300,1300,1300,0.3,0.3,1300,1300,1000,1000,0,0,0,0,11.894,3.42,1
1784820203.6137145,102575749,A1300_B1300,1300,1300,0.3,0.3,1300,1300,1000,1000,0,0,0,0,11.894,3.42,1
1784820203.665294,102625194,A1300_B1300,1300,1300,0.3,0.3,1300,1300,1000,1000,0,0,0,0,11.898,3.34,1
1784820203.7126646,102673166,A1300_B1300,1300,1300,0.3,0.3,1300,1300,1000,1000,0,0,0,0,11.898,3.34,1
1784820203.7645483,102725503,A1300_B1300,1300,1300,0.3,0.3,1300,1300,1000,1000,0,0,0,0,11.805,3.16,1
1784820203.8126156,102773471,A1300_B1300,1300,1300,0.3,0.3,1300,1300,1000,1000,0,0,0,0,11.805,3.16,1
1784820203.8674057,102825886,A1300_B1300,1300,1300,0.3,0.3,1300,1300,1000,1000,0,0,0,0,11.785,3.18,1
1784820203.9137876,102875260,A1300_B1300,1300,1300,0.3,0.3,1300,1300,1000,1000,0,0,0,0,11.785,3.18,1
1784820203.965318,102926177,A1300_B1300,1300,1300,0.3,0.3,1300,1300,1000,1000,0,0,0,0,11.838,3.28,1
1784820204.013897,102975640,A1300_B1300,1300,1300,0.3,0.3,1300,1300,1000,1000,0,0,0,0,11.838,3.28,1
1784820204.0653045,103025017,A1300_B1300,1300,1300,0.3,0.3,1300,1300,1000,1000,0,0,0,0,11.856,3.36,1
1784820204.1136813,103075927,A1300_B1300,1300,1300,0.3,0.3,1300,1300,1000,1000,0,0,0,0,11.856,3.36,1
1784820204.1645093,103125402,A1300_B1300,1300,1300,0.3,0.3,1300,1300,1000,1000,0,0,0,0,11.829,3.31,1
1784820204.2124712,103173310,A1300_B1300,1300,1300,0.3,0.3,1300,1300,1000,1000,0,0,0,0,11.829,3.31,1
1784820204.265258,103225684,A1300_B1300,1300,1300,0.3,0.3,1300,1300,1000,1000,0,0,0,0,11.877,3.41,1
1784820204.3135252,103275156,A1300_B1300,1300,1300,0.3,0.3,1300,1300,1000,1000,0,0,0,0,11.877,3.41,1
1784820204.3643498,103323029,A1300_B1300,1300,1300,0.3,0.3,1300,1300,1000,1000,0,0,0,0,11.83,3.16,1
1784820204.413742,103375436,A1300_B1300,1300,1300,0.3,0.3,1300,1300,1000,1000,0,0,0,0,11.83,3.16,1
1784820204.4654064,103423361,A1300_B1300,1300,1300,0.3,0.3,1300,1300,1000,1000,0,0,0,0,11.837,3.31,1
1784820204.5134816,103475774,A1300_B1300,1300,1300,0.3,0.3,1300,1300,1000,1000,0,0,0,0,11.837,3.31,1
1784820204.5653687,103525273,A1300_B1300,1300,1300,0.3,0.3,1300,1300,1000,1000,0,0,0,0,11.931,3.34,1
1784820204.6134887,103574660,A1300_B1300,1300,1300,0.3,0.3,1300,1300,1000,1000,0,0,0,0,11.931,3.34,1
1784820204.6643152,103624033,A1300_B1300,1300,1300,0.3,0.3,1300,1300,1000,1000,0,0,0,0,11.895,3.45,1
1784820204.7121854,103674950,A1300_B1300,1300,1300,0.3,0.3,1300,1300,1000,1000,0,0,0,0,11.895,3.45,1
1784820204.7635899,103724413,A1300_B1300,1300,1300,0.3,0.3,1300,1300,1000,1000,0,0,0,0,11.809,3.31,1
1784820204.814078,103776823,A1300_B1300,1300,1300,0.3,0.3,1300,1300,1000,1000,0,0,0,0,11.809,3.31,1
1784820204.8674934,103824701,A1300_B1300,1300,1300,0.3,0.3,1300,1300,1000,1000,0,0,0,0,11.938,3.24,1
1784820204.9136233,103874203,A1300_B1300,1300,1300,0.3,0.3,1300,1300,1000,1000,0,0,0,0,11.938,3.24,1
1784820204.965406,103925047,A1300_B1300,1300,1300,0.3,0.3,1300,1300,1000,1000,0,0,0,0,11.837,3.34,1
1784820205.0135155,103974461,A1300_B1300,1300,1300,0.3,0.3,1300,1300,1000,1000,0,0,0,0,11.837,3.34,1
1784820205.0652611,104026869,A1300_B1300,1300,1300,0.3,0.3,1300,1300,1000,1000,0,0,0,0,11.836,3.24,1
1784820205.1125004,104074788,A1300_B1300,1300,1300,0.3,0.3,1300,1300,1000,1000,0,0,0,0,11.836,3.24,1
1784820205.163554,104124209,A1300_B1300,1300,1300,0.3,0.3,1300,1300,1000,1000,0,0,0,0,11.865,3.34,1
1784820205.2125094,104175159,A1300_B1300,1300,1300,0.3,0.3,1300,1300,1000,1000,0,0,0,0,11.865,3.34,1
1784820205.264387,104224545,A1300_B1300,1300,1300,0.3,0.3,1300,1300,1000,1000,0,0,0,0,11.813,3.22,1
1784820205.3124495,104273964,A1300_B1300,1300,1300,0.3,0.3,1300,1300,1000,1000,0,0,0,0,11.813,3.22,1
1784820205.3635612,104324883,A1300_B1300,1300,1300,0.3,0.3,1300,1300,1000,1000,0,0,0,0,11.882,3.39,1
1784820205.41378,104377378,A1300_B1300,1300,1300,0.3,0.3,1300,1300,1000,1000,0,0,0,0,11.882,3.39,1
1784820205.466959,104426713,A1300_B1300,1300,1300,0.3,0.3,1300,1300,1000,1000,0,0,0,0,11.763,3.2,1
1784820205.5125122,104474651,A1300_B1300,1300,1300,0.3,0.3,1300,1300,1000,1000,0,0,0,0,11.763,3.2,1
1784820205.5645998,104527056,A1300_B1300,1300,1300,0.3,0.3,1300,1300,1000,1000,0,0,0,0,11.883,3.38,1
1784820205.6125247,104573476,A1300_B1300,1300,1300,0.3,0.3,1300,1300,1000,1000,0,0,0,0,11.883,3.38,1
1784820205.6642995,104625889,A1300_B1300,1300,1300,0.3,0.3,1300,1300,1000,1000,0,0,0,0,11.881,3.37,1
1784820205.7138145,104675365,A1300_B1300,1300,1300,0.3,0.3,1300,1300,1000,1000,0,0,0,0,11.881,3.37,1
1784820205.7653759,104723235,A1300_B1300,1300,1300,0.3,0.3,1300,1300,1000,1000,0,0,0,0,11.852,3.43,1
1784820205.8141892,104775645,A1300_B1300,1300,1300,0.3,0.3,1300,1300,1000,1000,0,0,0,0,11.852,3.43,1
1784820205.8677433,104823562,A1300_B1300,1300,1300,0.3,0.3,1300,1300,1000,1000,0,0,0,0,11.847,3.24,1
1784820205.9122396,104872986,A1300_B1400,1300,1400,0.3,0.4,1300,1400,1000,1000,0,0,0,0,11.847,3.24,1
1784820205.9646034,104925397,A1300_B1400,1300,1400,0.3,0.4,1300,1400,1000,1000,0,0,0,0,11.712,4.33,1
1784820206.0125675,104973358,A1300_B1400,1300,1400,0.3,0.4,1300,1400,1000,1000,0,0,0,0,11.712,4.33,1
1784820206.064306,105025736,A1300_B1400,1300,1400,0.3,0.4,1300,1400,1000,1000,0,0,0,0,11.858,4.54,1
1784820206.1146812,105078155,A1300_B1400,1300,1400,0.3,0.4,1300,1400,1000,1000,0,0,0,0,11.858,4.54,1
1784820206.1636283,105126068,A1300_B1400,1300,1400,0.3,0.4,1300,1400,1000,1000,0,0,0,0,11.776,4.41,1
1784820206.2138932,105175487,A1300_B1400,1300,1400,0.3,0.4,1300,1400,1000,1000,0,0,0,0,11.776,4.41,1
1784820206.264501,105226404,A1300_B1400,1300,1400,0.3,0.4,1300,1400,1000,1000,0,0,0,0,11.821,4.46,1
1784820206.3142154,105275825,A1300_B1400,1300,1400,0.3,0.4,1300,1400,1000,1000,0,0,0,0,11.821,4.46,1
1784820206.3636653,105325243,A1300_B1400,1300,1400,0.3,0.4,1300,1400,1000,1000,0,0,0,0,11.704,4.25,1
1784820206.4138732,105376155,A1300_B1400,1300,1400,0.3,0.4,1300,1400,1000,1000,0,0,0,0,11.704,4.25,1
1784820206.465357,105425579,A1300_B1400,1300,1400,0.3,0.4,1300,1400,1000,1000,0,0,0,0,11.845,4.54,1
1784820206.514258,105476540,A1300_B1400,1300,1400,0.3,0.4,1300,1400,1000,1000,0,0,0,0,11.845,4.54,1
1784820206.5646465,105525913,A1300_B1400,1300,1400,0.3,0.4,1300,1400,1000,1000,0,0,0,0,11.825,4.36,1
1784820206.6129465,105575344,A1300_B1400,1300,1400,0.3,0.4,1300,1400,1000,1000,0,0,0,0,11.825,4.36,1
1784820206.6643848,105624772,A1300_B1400,1300,1400,0.3,0.4,1300,1400,1000,1000,0,0,0,0,11.844,4.43,1
1784820206.7138255,105677168,A1300_B1400,1300,1400,0.3,0.4,1300,1400,1000,1000,0,0,0,0,11.844,4.43,1
1784820206.7625523,105725090,A1300_B1400,1300,1400,0.3,0.4,1300,1400,1000,1000,0,0,0,0,11.813,4.5,1
1784820206.813778,105774506,A1300_B1400,1300,1400,0.3,0.4,1300,1400,1000,1000,0,0,0,0,11.813,4.5,1
1784820206.8682187,105826921,A1300_B1400,1300,1400,0.3,0.4,1300,1400,1000,1000,0,0,0,0,11.81,4.3,1
1784820206.9128945,105874848,A1300_B1400,1300,1400,0.3,0.4,1300,1400,1000,1000,0,0,0,0,11.81,4.3,1
1784820206.9646115,105927251,A1300_B1400,1300,1400,0.3,0.4,1300,1400,1000,1000,0,0,0,0,11.8,4.43,1
1784820207.0135677,105976675,A1300_B1400,1300,1400,0.3,0.4,1300,1400,1000,1000,0,0,0,0,11.8,4.43,1
1784820207.0644453,106024597,A1300_B1400,1300,1400,0.3,0.4,1300,1400,1000,1000,0,0,0,0,11.79,4.33,1
1784820207.1140916,106077010,A1300_B1400,1300,1400,0.3,0.4,1300,1400,1000,1000,0,0,0,0,11.79,4.33,1
1784820207.1654167,106124930,A1300_B1400,1300,1400,0.3,0.4,1300,1400,1000,1000,0,0,0,0,11.839,4.49,1
1784820207.2135746,106174354,A1300_B1400,1300,1400,0.3,0.4,1300,1400,1000,1000,0,0,0,0,11.839,4.49,1
1784820207.2654383,106226764,A1300_B1400,1300,1400,0.3,0.4,1300,1400,1000,1000,0,0,0,0,11.765,4.18,1
1784820207.312654,106274683,A1300_B1400,1300,1400,0.3,0.4,1300,1400,1000,1000,0,0,0,0,11.765,4.18,1
1784820207.3646376,106327101,A1300_B1400,1300,1400,0.3,0.4,1300,1400,1000,1000,0,0,0,0,11.833,4.5,1
1784820207.412861,106375069,A1300_B1400,1300,1400,0.3,0.4,1300,1400,1000,1000,0,0,0,0,11.833,4.5,1
1784820207.4643497,106424451,A1300_B1400,1300,1400,0.3,0.4,1300,1400,1000,1000,0,0,0,0,11.743,4.34,1
1784820207.5138788,106476852,A1300_B1400,1300,1400,0.3,0.4,1300,1400,1000,1000,0,0,0,0,11.743,4.34,1
1784820207.5654464,106524877,A1300_B1400,1300,1400,0.3,0.4,1300,1400,1000,1000,0,0,0,0,11.843,4.51,1
1784820207.6138647,106575696,A1300_B1400,1300,1400,0.3,0.4,1300,1400,1000,1000,0,0,0,0,11.843,4.51,1
1784820207.664007,106626606,A1300_B1400,1300,1400,0.3,0.4,1300,1400,1000,1000,0,0,0,0,11.732,4.34,1
1784820207.7138786,106676029,A1300_B1400,1300,1400,0.3,0.4,1300,1400,1000,1000,0,0,0,0,11.732,4.34,1
1784820207.7646828,106725452,A1300_B1400,1300,1400,0.3,0.4,1300,1400,1000,1000,0,0,0,0,11.852,4.5,1
1784820207.8127046,106773380,A1300_B1400,1300,1400,0.3,0.4,1300,1400,1000,1000,0,0,0,0,11.852,4.5,1
1784820207.8686244,106825778,A1300_B1400,1300,1400,0.3,0.4,1300,1400,1000,1000,0,0,0,0,11.766,4.39,1
1784820207.912835,106873705,A1300_B1400,1300,1400,0.3,0.4,1300,1400,1000,1000,0,0,0,0,11.766,4.39,1
1784820207.9647002,106926123,A1300_B1400,1300,1400,0.3,0.4,1300,1400,1000,1000,0,0,0,0,11.815,4.43,1
1784820208.0138803,106975555,A1300_B1400,1300,1400,0.3,0.4,1300,1400,1000,1000,0,0,0,0,11.815,4.43,1
1784820208.0644498,107026505,A1300_B1400,1300,1400,0.3,0.4,1300,1400,1000,1000,0,0,0,0,11.771,4.36,1
1784820208.1138802,107075875,A1300_B1400,1300,1400,0.3,0.4,1300,1400,1000,1000,0,0,0,0,11.771,4.36,1
1784820208.1650286,107126797,A1300_B1400,1300,1400,0.3,0.4,1300,1400,1000,1000,0,0,0,0,11.803,4.36,1
1784820208.2136378,107176276,A1300_B1400,1300,1400,0.3,0.4,1300,1400,1000,1000,0,0,0,0,11.803,4.36,1
1784820208.2653813,107225626,A1300_B1400,1300,1400,0.3,0.4,1300,1400,1000,1000,0,0,0,0,11.827,4.49,1
1784820208.3134923,107273598,A1300_B1400,1300,1400,0.3,0.4,1300,1400,1000,1000,0,0,0,0,11.827,4.49,1
1784820208.3637092,107326011,A1300_B1400,1300,1400,0.3,0.4,1300,1400,1000,1000,0,0,0,0,11.748,4.1,1
1784820208.412726,107375379,A1300_B1500,1300,1500,0.3,0.5,1300,1500,1000,1000,0,0,0,0,11.748,4.1,1
1784820208.4654884,107423355,A1300_B1500,1300,1500,0.3,0.5,1300,1500,1000,1000,0,0,0,0,11.718,5.97,1
1784820208.5136535,107475760,A1300_B1500,1300,1500,0.3,0.5,1300,1500,1000,1000,0,0,0,0,11.718,5.97,1
1784820208.5654883,107526643,A1300_B1500,1300,1500,0.3,0.5,1300,1500,1000,1000,0,0,0,0,11.758,5.83,1
1784820208.6136734,107576792,A1300_B1500,1300,1500,0.3,0.5,1300,1500,1000,1000,0,0,0,0,11.758,5.83,1
1784820208.662738,107625518,A1300_B1500,1300,1500,0.3,0.5,1300,1500,1000,1000,0,0,0,0,11.779,5.72,1
1784820208.7126591,107674971,A1300_B1500,1300,1500,0.3,0.5,1300,1500,1000,1000,0,0,0,0,11.779,5.72,1
1784820208.7637115,107724318,A1300_B1500,1300,1500,0.3,0.5,1300,1500,1000,1000,0,0,0,0,11.745,5.63,1
1784820208.815934,107775276,A1300_B1500,1300,1500,0.3,0.5,1300,1500,1000,1000,0,0,0,0,11.745,5.63,1
1784820208.8677435,107824645,A1300_B1500,1300,1500,0.3,0.5,1300,1500,1000,1000,0,0,0,0,11.713,5.64,1
1784820208.9145849,107877058,A1300_B1500,1300,1500,0.3,0.5,1300,1500,1000,1000,0,0,0,0,11.713,5.64,1
1784820208.9630275,107925027,A1300_B1500,1300,1500,0.3,0.5,1300,1500,1000,1000,0,0,0,0,11.731,5.52,1
1784820209.0137436,107974401,A1300_B1500,1300,1500,0.3,0.5,1300,1500,1000,1000,0,0,0,0,11.731,5.52,1
1784820209.065433,108026814,A1300_B1500,1300,1500,0.3,0.5,1300,1500,1000,1000,0,0,0,0,11.661,5.62,1
1784820209.1137912,108074782,A1300_B1500,1300,1500,0.3,0.5,1300,1500,1000,1000,0,0,0,0,11.661,5.62,1
1784820209.1647356,108127207,A1300_B1500,1300,1500,0.3,0.5,1300,1500,1000,1000,0,0,0,0,11.761,5.61,1
1784820209.2136602,108175075,A1300_B1500,1300,1500,0.3,0.5,1300,1500,1000,1000,0,0,0,0,11.761,5.61,1
1784820209.2645037,108224535,A1300_B1500,1300,1500,0.3,0.5,1300,1500,1000,1000,0,0,0,0,11.777,5.68,1
1784820209.3140507,108276960,A1300_B1500,1300,1500,0.3,0.5,1300,1500,1000,1000,0,0,0,0,11.777,5.68,1
1784820209.3637676,108324826,A1300_B1500,1300,1500,0.3,0.5,1300,1500,1000,1000,0,0,0,0,11.657,5.59,1
1784820209.4136732,108374384,A1300_B1500,1300,1500,0.3,0.5,1300,1500,1000,1000,0,0,0,0,11.657,5.59,1
1784820209.4654362,108425163,A1300_B1500,1300,1500,0.3,0.5,1300,1500,1000,1000,0,0,0,0,11.798,5.79,1
1784820209.5127501,108474582,A1300_B1500,1300,1500,0.3,0.5,1300,1500,1000,1000,0,0,0,0,11.798,5.79,1
1784820209.564731,108527072,A1300_B1500,1300,1500,0.3,0.5,1300,1500,1000,1000,0,0,0,0,11.613,5.86,1
1784820209.6126723,108574919,A1300_B1500,1300,1500,0.3,0.5,1300,1500,1000,1000,0,0,0,0,11.613,5.86,1
1784820209.6644368,108625830,A1300_B1500,1300,1500,0.3,0.5,1300,1500,1000,1000,0,0,0,0,11.782,5.8,1
1784820209.7139325,108676750,A1300_B1500,1300,1500,0.3,0.5,1300,1500,1000,1000,0,0,0,0,11.782,5.8,1
1784820209.7655165,108723174,A1300_B1500,1300,1500,0.3,0.5,1300,1500,1000,1000,0,0,0,0,11.755,5.66,1
1784820209.8147259,108777086,A1300_B1500,1300,1500,0.3,0.5,1300,1500,1000,1000,0,0,0,0,11.755,5.66,1
1784820209.8675382,108823555,A1300_B1500,1300,1500,0.3,0.5,1300,1500,1000,1000,0,0,0,0,11.748,5.75,1
1784820209.9137316,108875976,A1300_B1500,1300,1500,0.3,0.5,1300,1500,1000,1000,0,0,0,0,11.748,5.75,1
1784820209.965106,108923848,A1300_B1500,1300,1500,0.3,0.5,1300,1500,1000,1000,0,0,0,0,11.79,5.77,1
1784820210.0129735,108976259,A1300_B1500,1300,1500,0.3,0.5,1300,1500,1000,1000,0,0,0,0,11.79,5.77,1
1784820210.0651042,109025771,A1300_B1500,1300,1500,0.3,0.5,1300,1500,1000,1000,0,0,0,0,11.673,5.52,1
1784820210.112695,109073606,A1300_B1500,1300,1500,0.3,0.5,1300,1500,1000,1000,0,0,0,0,11.673,5.52,1
1784820210.1637926,109126012,A1300_B1500,1300,1500,0.3,0.5,1300,1500,1000,1000,0,0,0,0,11.79,5.85,1
1784820210.2127306,109173932,A1300_B1500,1300,1500,0.3,0.5,1300,1500,1000,1000,0,0,0,0,11.79,5.85,1
1784820210.2644594,109226380,A1300_B1500,1300,1500,0.3,0.5,1300,1500,1000,1000,0,0,0,0,11.67,5.22,1
1784820210.3129601,109275764,A1300_B1500,1300,1500,0.3,0.5,1300,1500,1000,1000,0,0,0,0,11.67,5.22,1
1784820210.3647542,109326682,A1300_B1500,1300,1500,0.3,0.5,1300,1500,1000,1000,0,0,0,0,11.789,5.8,1
1784820210.413711,109376099,A1300_B1500,1300,1500,0.3,0.5,1300,1500,1000,1000,0,0,0,0,11.789,5.8,1
1784820210.4654837,109428518,A1300_B1500,1300,1500,0.3,0.5,1300,1500,1000,1000,0,0,0,0,11.795,5.77,1
1784820210.5137277,109476457,A1300_B1500,1300,1500,0.3,0.5,1300,1500,1000,1000,0,0,0,0,11.795,5.77,1
1784820210.5647542,109525860,A1300_B1500,1300,1500,0.3,0.5,1300,1500,1000,1000,0,0,0,0,11.787,5.78,1
1784820210.6129577,109573782,A1300_B1500,1300,1500,0.3,0.5,1300,1500,1000,1000,0,0,0,0,11.787,5.78,1
1784820210.6644752,109627691,A1300_B1500,1300,1500,0.3,0.5,1300,1500,1000,1000,0,0,0,0,11.737,5.66,1
1784820210.7139735,109677170,A1300_B1500,1300,1500,0.3,0.5,1300,1500,1000,1000,0,0,0,0,11.737,5.66,1
1784820210.76693,109725037,A1300_B1500,1300,1500,0.3,0.5,1300,1500,1000,1000,0,0,0,0,11.72,5.72,1
1784820210.8142707,109777445,A1300_B1500,1300,1500,0.3,0.5,1300,1500,1000,1000,0,0,0,0,11.72,5.72,1
1784820210.8676026,109825364,A1300_B1500,1300,1500,0.3,0.5,1300,1500,1000,1000,0,0,0,0,11.742,5.53,1
1784820210.9137585,109874786,A1300_B1600,1300,1600,0.3,0.6,1300,1600,1000,1000,0,0,0,0,11.742,5.53,1
1784820210.9647841,109927195,A1300_B1600,1300,1600,0.3,0.6,1300,1600,1000,1000,0,0,0,0,11.688,8.35,1
1784820211.0129175,109975155,A1300_B1600,1300,1600,0.3,0.6,1300,1600,1000,1000,0,0,0,0,11.688,8.35,1
1784820211.0645041,110024539,A1300_B1600,1300,1600,0.3,0.6,1300,1600,1000,1000,0,0,0,0,11.714,7.41,1
1784820211.1139994,110075457,A1300_B1600,1300,1600,0.3,0.6,1300,1600,1000,1000,0,0,0,0,11.714,7.41,1
1784820211.1655862,110124874,A1300_B1600,1300,1600,0.3,0.6,1300,1600,1000,1000,0,0,0,0,11.642,7.29,1
1784820211.2137575,110175870,A1300_B1600,1300,1600,0.3,0.6,1300,1600,1000,1000,0,0,0,0,11.642,7.29,1
1784820211.265497,110225251,A1300_B1600,1300,1600,0.3,0.6,1300,1600,1000,1000,0,0,0,0,11.657,7.2,1
1784820211.3131528,110274630,A1300_B1600,1300,1600,0.3,0.6,1300,1600,1000,1000,0,0,0,0,11.657,7.2,1
1784820211.3650181,110327046,A1300_B1600,1300,1600,0.3,0.6,1300,1600,1000,1000,0,0,0,0,11.726,7.3,1
1784820211.4130604,110374966,A1300_B1600,1300,1600,0.3,0.6,1300,1600,1000,1000,0,0,0,0,11.726,7.3,1
1784820211.4645169,110425927,A1300_B1600,1300,1600,0.3,0.6,1300,1600,1000,1000,0,0,0,0,11.585,7.15,1
1784820211.5141008,110475311,A1300_B1600,1300,1600,0.3,0.6,1300,1600,1000,1000,0,0,0,0,11.585,7.15,1
1784820211.5639262,110524725,A1300_B1600,1300,1600,0.3,0.6,1300,1600,1000,1000,0,0,0,0,11.723,7.5,1
1784820211.6141074,110577172,A1300_B1600,1300,1600,0.3,0.6,1300,1600,1000,1000,0,0,0,0,11.723,7.5,1
1784820211.6652055,110623559,A1300_B1600,1300,1600,0.3,0.6,1300,1600,1000,1000,0,0,0,0,11.59,7.18,1
1784820211.713847,110675973,A1300_B1600,1300,1600,0.3,0.6,1300,1600,1000,1000,0,0,0,0,11.59,7.18,1
1784820211.7648356,110726890,A1300_B1600,1300,1600,0.3,0.6,1300,1600,1000,1000,0,0,0,0,11.571,7.15,1
1784820211.8142583,110776309,A1300_B1600,1300,1600,0.3,0.6,1300,1600,1000,1000,0,0,0,0,11.571,7.15,1
1784820211.868704,110827260,A1300_B1600,1300,1600,0.3,0.6,1300,1600,1000,1000,0,0,0,0,11.626,7.19,1
1784820211.9128373,110873648,A1300_B1600,1300,1600,0.3,0.6,1300,1600,1000,1000,0,0,0,0,11.626,7.19,1
1784820211.9652822,110924585,A1300_B1600,1300,1600,0.3,0.6,1300,1600,1000,1000,0,0,0,0,11.735,7.48,1
1784820212.0141833,110976980,A1300_B1600,1300,1600,0.3,0.6,1300,1600,1000,1000,0,0,0,0,11.735,7.48,1
1784820212.0645318,111026435,A1300_B1600,1300,1600,0.3,0.6,1300,1600,1000,1000,0,0,0,0,11.573,7.16,1
1784820212.1141448,111077368,A1300_B1600,1300,1600,0.3,0.6,1300,1600,1000,1000,0,0,0,0,11.573,7.16,1
1784820212.1663446,111126732,A1300_B1600,1300,1600,0.3,0.6,1300,1600,1000,1000,0,0,0,0,11.735,7.54,1
1784820212.2142105,111176155,A1300_B1600,1300,1600,0.3,0.6,1300,1600,1000,1000,0,0,0,0,11.735,7.54,1
1784820212.2651787,111224075,A1300_B1600,1300,1600,0.3,0.6,1300,1600,1000,1000,0,0,0,0,11.669,7.24,1
1784820212.3143191,111276489,A1300_B1600,1300,1600,0.3,0.6,1300,1600,1000,1000,0,0,0,0,11.669,7.24,1
1784820212.3638322,111325968,A1300_B1600,1300,1600,0.3,0.6,1300,1600,1000,1000,0,0,0,0,11.754,7.58,1
1784820212.414635,111376865,A1300_B1600,1300,1600,0.3,0.6,1300,1600,1000,1000,0,0,0,0,11.754,7.58,1
1784820212.46518,111426244,A1300_B1600,1300,1600,0.3,0.6,1300,1600,1000,1000,0,0,0,0,11.599,7.24,1
1784820212.514142,111477160,A1300_B1600,1300,1600,0.3,0.6,1300,1600,1000,1000,0,0,0,0,11.599,7.24,1
1784820212.5651965,111526682,A1300_B1600,1300,1600,0.3,0.6,1300,1600,1000,1000,0,0,0,0,11.739,7.42,1
1784820212.6131814,111576019,A1300_B1600,1300,1600,0.3,0.6,1300,1600,1000,1000,0,0,0,0,11.739,7.42,1
1784820212.6655805,111626921,A1300_B1600,1300,1600,0.3,0.6,1300,1600,1000,1000,0,0,0,0,11.696,7.22,1
1784820212.7128174,111674836,A1300_B1600,1300,1600,0.3,0.6,1300,1600,1000,1000,0,0,0,0,11.696,7.22,1
1784820212.76383,111724263,A1300_B1600,1300,1600,0.3,0.6,1300,1600,1000,1000,0,0,0,0,11.767,7.47,1
1784820212.8130965,111775173,A1300_B1600,1300,1600,0.3,0.6,1300,1600,1000,1000,0,0,0,0,11.767,7.47,1
1784820212.8676999,111827603,A1300_B1600,1300,1600,0.3,0.6,1300,1600,1000,1000,0,0,0,0,11.622,7.28,1
1784820212.914858,111877006,A1300_B1600,1300,1600,0.3,0.6,1300,1600,1000,1000,0,0,0,0,11.622,7.28,1
1784820212.9652624,111924927,A1300_B1600,1300,1600,0.3,0.6,1300,1600,1000,1000,0,0,0,0,11.723,7.42,1
1784820213.013923,111974346,A1300_B1600,1300,1600,0.3,0.6,1300,1600,1000,1000,0,0,0,0,11.723,7.42,1
1784820213.065576,112026757,A1300_B1600,1300,1600,0.3,0.6,1300,1600,1000,1000,0,0,0,0,11.707,7.34,1
1784820213.112847,112074677,A1300_B1600,1300,1600,0.3,0.6,1300,1600,1000,1000,0,0,0,0,11.707,7.34,1
1784820213.1638927,112125640,A1300_B1600,1300,1600,0.3,0.6,1300,1600,1000,1000,0,0,0,0,11.703,7.36,1
1784820213.2128148,112175015,A1300_B1600,1300,1600,0.3,0.6,1300,1600,1000,1000,0,0,0,0,11.703,7.36,1
1784820213.2646022,112224436,A1300_B1600,1300,1600,0.3,0.6,1300,1600,1000,1000,0,0,0,0,11.724,7.4,1
1784820213.3141634,112276845,A1300_B1600,1300,1600,0.3,0.6,1300,1600,1000,1000,0,0,0,0,11.724,7.4,1
1784820213.3652499,112327814,A1300_B1600,1300,1600,0.3,0.6,1300,1600,1000,1000,0,0,0,0,11.638,7.3,1
1784820213.413838,112375686,A1300_B1700,1300,1700,0.3,0.7,1300,1700,1000,1000,0,0,0,0,11.638,7.3,1
1784820213.4652724,112425149,A1300_B1700,1300,1700,0.3,0.7,1300,1700,1000,1000,0,0,0,0,11.555,10.91,1
1784820213.513819,112474525,A1300_B1700,1300,1700,0.3,0.7,1300,1700,1000,1000,0,0,0,0,11.555,10.91,1
1784820213.5648947,112526960,A1300_B1700,1300,1700,0.3,0.7,1300,1700,1000,1000,0,0,0,0,11.586,9.92,1
1784820213.6128428,112574904,A1300_B1700,1300,1700,0.3,0.7,1300,1700,1000,1000,0,0,0,0,11.586,9.92,1
1784820213.664586,112624280,A1300_B1700,1300,1700,0.3,0.7,1300,1700,1000,1000,0,0,0,0,11.535,9.76,1
1784820213.7145762,112678193,A1300_B1700,1300,1700,0.3,0.7,1300,1700,1000,1000,0,0,0,0,11.535,9.76,1
1784820213.7639184,112726113,A1300_B1700,1300,1700,0.3,0.7,1300,1700,1000,1000,0,0,0,0,11.649,10.0,1
1784820213.8142898,112775527,A1300_B1700,1300,1700,0.3,0.7,1300,1700,1000,1000,0,0,0,0,11.649,10.0,1
1784820213.8652434,112823454,A1300_B1700,1300,1700,0.3,0.7,1300,1700,1000,1000,0,0,0,0,11.49,9.57,1
1784820213.9140358,112875866,A1300_B1700,1300,1700,0.3,0.7,1300,1700,1000,1000,0,0,0,0,11.49,9.57,1
1784820213.964724,112925284,A1300_B1700,1300,1700,0.3,0.7,1300,1700,1000,1000,0,0,0,0,11.55,9.72,1
1784820214.013929,112976206,A1300_B1700,1300,1700,0.3,0.7,1300,1700,1000,1000,0,0,0,0,11.55,9.72,1
1784820214.0647073,113022627,A1300_B1700,1300,1700,0.3,0.7,1300,1700,1000,1000,0,0,0,0,11.563,10.01,1
1784820214.1130238,113075041,A1300_B1700,1300,1700,0.3,0.7,1300,1700,1000,1000,0,0,0,0,11.563,10.01,1
1784820214.163893,113125962,A1300_B1700,1300,1700,0.3,0.7,1300,1700,1000,1000,0,0,0,0,11.545,9.55,1
1784820214.2141552,113175511,A1300_B1700,1300,1700,0.3,0.7,1300,1700,1000,1000,0,0,0,0,11.545,9.55,1
1784820214.2656531,113227793,A1300_B1700,1300,1700,0.3,0.7,1300,1700,1000,1000,0,0,0,0,11.62,9.93,1
1784820214.3148267,113275713,A1300_B1700,1300,1700,0.3,0.7,1300,1700,1000,1000,0,0,0,0,11.62,9.93,1
1784820214.3652613,113325132,A1300_B1700,1300,1700,0.3,0.7,1300,1700,1000,1000,0,0,0,0,11.544,9.75,1
1784820214.4143426,113376190,A1300_B1700,1300,1700,0.3,0.7,1300,1700,1000,1000,0,0,0,0,11.544,9.75,1
1784820214.4656172,113425468,A1300_B1700,1300,1700,0.3,0.7,1300,1700,1000,1000,0,0,0,0,11.632,10.02,1
1784820214.5134397,113476383,A1300_B1700,1300,1700,0.3,0.7,1300,1700,1000,1000,0,0,0,0,11.632,10.02,1
1784820214.5640333,113525844,A1300_B1700,1300,1700,0.3,0.7,1300,1700,1000,1000,0,0,0,0,11.542,9.78,1
1784820214.6141672,113575237,A1300_B1700,1300,1700,0.3,0.7,1300,1700,1000,1000,0,0,0,0,11.542,9.78,1
1784820214.6652596,113623195,A1300_B1700,1300,1700,0.3,0.7,1300,1700,1000,1000,0,0,0,0,11.644,9.93,1
1784820214.7141268,113677062,A1300_B1700,1300,1700,0.3,0.7,1300,1700,1000,1000,0,0,0,0,11.644,9.93,1
1784820214.7664752,113726469,A1300_B1700,1300,1700,0.3,0.7,1300,1700,1000,1000,0,0,0,0,11.536,9.76,1
1784820214.81424,113777389,A1300_B1700,1300,1700,0.3,0.7,1300,1700,1000,1000,0,0,0,0,11.536,9.76,1
1784820214.868032,113823809,A1300_B1700,1300,1700,0.3,0.7,1300,1700,1000,1000,0,0,0,0,11.559,9.67,1
1784820214.913882,113874734,A1300_B1700,1300,1700,0.3,0.7,1300,1700,1000,1000,0,0,0,0,11.559,9.67,1
1784820214.9640558,113924151,A1300_B1700,1300,1700,0.3,0.7,1300,1700,1000,1000,0,0,0,0,11.651,9.89,1
1784820215.0133514,113975110,A1300_B1700,1300,1700,0.3,0.7,1300,1700,1000,1000,0,0,0,0,11.651,9.89,1
1784820215.066135,114028982,A1300_B1700,1300,1700,0.3,0.7,1300,1700,1000,1000,0,0,0,0,11.542,9.76,1
1784820215.1133192,114073902,A1300_B1700,1300,1700,0.3,0.7,1300,1700,1000,1000,0,0,0,0,11.542,9.76,1
1784820215.1654148,114126323,A1300_B1700,1300,1700,0.3,0.7,1300,1700,1000,1000,0,0,0,0,11.459,9.61,1
1784820215.214313,114174243,A1300_B1700,1300,1700,0.3,0.7,1300,1700,1000,1000,0,0,0,0,11.459,9.61,1
1784820215.2660878,114225154,A1300_B1700,1300,1700,0.3,0.7,1300,1700,1000,1000,0,0,0,0,11.663,10.03,1
1784820215.3147602,114277603,A1300_B1700,1300,1700,0.3,0.7,1300,1700,1000,1000,0,0,0,0,11.663,10.03,1
1784820215.3646839,114327033,A1300_B1700,1300,1700,0.3,0.7,1300,1700,1000,1000,0,0,0,0,11.607,9.85,1
1784820215.4133303,114374907,A1300_B1700,1300,1700,0.3,0.7,1300,1700,1000,1000,0,0,0,0,11.607,9.85,1
1784820215.4646544,114424375,A1300_B1700,1300,1700,0.3,0.7,1300,1700,1000,1000,0,0,0,0,11.618,9.75,1
1784820215.5145657,114476788,A1300_B1700,1300,1700,0.3,0.7,1300,1700,1000,1000,0,0,0,0,11.618,9.75,1
1784820215.5653324,114524661,A1300_B1700,1300,1700,0.3,0.7,1300,1700,1000,1000,0,0,0,0,11.604,9.83,1
1784820215.6145608,114577081,A1300_B1700,1300,1700,0.3,0.7,1300,1700,1000,1000,0,0,0,0,11.604,9.83,1
1784820215.665309,114625000,A1300_B1700,1300,1700,0.3,0.7,1300,1700,1000,1000,0,0,0,0,11.479,9.55,1
1784820215.714366,114675912,A1300_B1700,1300,1700,0.3,0.7,1300,1700,1000,1000,0,0,0,0,11.479,9.55,1
1784820215.7650733,114725339,A1300_B1700,1300,1700,0.3,0.7,1300,1700,1000,1000,0,0,0,0,11.599,9.85,1
1784820215.8141975,114776299,A1300_B1700,1300,1700,0.3,0.7,1300,1700,1000,1000,0,0,0,0,11.599,9.85,1
1784820215.8678584,114825672,A1300_B1700,1300,1700,0.3,0.7,1300,1700,1000,1000,0,0,0,0,11.517,9.74,1
1784820215.9144,114876590,A1300_B1800,1300,1800,0.3,0.8,1300,1800,1000,1000,0,0,0,0,11.517,9.74,1
1784820215.964747,114923014,A1300_B1800,1300,1800,0.3,0.8,1300,1800,1000,1000,0,0,0,0,11.435,14.79,1
1784820216.0146427,114975423,A1300_B1800,1300,1800,0.3,0.8,1300,1800,1000,1000,0,0,0,0,11.435,14.79,1
1784820216.066101,115023393,A1300_B1800,1300,1800,0.3,0.8,1300,1800,1000,1000,0,0,0,0,11.43,13.06,1
1784820216.1144085,115075806,A1300_B1800,1300,1800,0.3,0.8,1300,1800,1000,1000,0,0,0,0,11.43,13.06,1
1784820216.1649957,115125180,A1300_B1800,1300,1800,0.3,0.8,1300,1800,1000,1000,0,0,0,0,11.486,13.04,1
1784820216.2143946,115176098,A1300_B1800,1300,1800,0.3,0.8,1300,1800,1000,1000,0,0,0,0,11.486,13.04,1
1784820216.2643325,115224017,A1300_B1800,1300,1800,0.3,0.8,1300,1800,1000,1000,0,0,0,0,11.444,13.06,1
1784820216.3134348,115273450,A1300_B1800,1300,1800,0.3,0.8,1300,1800,1000,1000,0,0,0,0,11.444,13.06,1
1784820216.3650353,115325851,A1300_B1800,1300,1800,0.3,0.8,1300,1800,1000,1000,0,0,0,0,11.382,13.03,1
1784820216.4135404,115375320,A1300_B1800,1300,1800,0.3,0.8,1300,1800,1000,1000,0,0,0,0,11.382,13.03,1
1784820216.4647071,115426187,A1300_B1800,1300,1800,0.3,0.8,1300,1800,1000,1000,0,0,0,0,11.49,13.29,1
1784820216.5147042,115475663,A1300_B1800,1300,1800,0.3,0.8,1300,1800,1000,1000,0,0,0,0,11.49,13.29,1
1784820216.5653858,115523530,A1300_B1800,1300,1800,0.3,0.8,1300,1800,1000,1000,0,0,0,0,11.38,12.96,1
1784820216.613753,115575942,A1300_B1800,1300,1800,0.3,0.8,1300,1800,1000,1000,0,0,0,0,11.38,12.96,1
1784820216.665734,115628357,A1300_B1800,1300,1800,0.3,0.8,1300,1800,1000,1000,0,0,0,0,11.511,13.01,1
1784820216.7133777,115674823,A1300_B1800,1300,1800,0.3,0.8,1300,1800,1000,1000,0,0,0,0,11.511,13.01,1
1784820216.763983,115724202,A1300_B1800,1300,1800,0.3,0.8,1300,1800,1000,1000,0,0,0,0,11.448,13.2,1
1784820216.8136084,115775116,A1300_B1800,1300,1800,0.3,0.8,1300,1800,1000,1000,0,0,0,0,11.448,13.2,1
1784820216.8673885,115824581,A1300_B1800,1300,1800,0.3,0.8,1300,1800,1000,1000,0,0,0,0,11.387,12.95,1
1784820216.9146209,115877106,A1300_B1800,1300,1800,0.3,0.8,1300,1800,1000,1000,0,0,0,0,11.387,12.95,1
1784820216.9653482,115924869,A1300_B1800,1300,1800,0.3,0.8,1300,1800,1000,1000,0,0,0,0,11.461,13.24,1
1784820217.0144215,115974359,A1300_B1800,1300,1800,0.3,0.8,1300,1800,1000,1000,0,0,0,0,11.461,13.24,1
1784820217.0657294,116026746,A1300_B1800,1300,1800,0.3,0.8,1300,1800,1000,1000,0,0,0,0,11.442,13.11,1
1784820217.1134655,116074620,A1300_B1800,1300,1800,0.3,0.8,1300,1800,1000,1000,0,0,0,0,11.442,13.11,1
1784820217.1650555,116127059,A1300_B1800,1300,1800,0.3,0.8,1300,1800,1000,1000,0,0,0,0,11.41,12.87,1
1784820217.2133932,116174968,A1300_B1800,1300,1800,0.3,0.8,1300,1800,1000,1000,0,0,0,0,11.41,12.87,1
1784820217.2647526,116224379,A1300_B1800,1300,1800,0.3,0.8,1300,1800,1000,1000,0,0,0,0,11.482,13.29,1
1784820217.313794,116275300,A1300_B1800,1300,1800,0.3,0.8,1300,1800,1000,1000,0,0,0,0,11.482,13.29,1
1784820217.367061,116324723,A1300_B1800,1300,1800,0.3,0.8,1300,1800,1000,1000,0,0,0,0,11.502,13.17,1
1784820217.414648,116377128,A1300_B1800,1300,1800,0.3,0.8,1300,1800,1000,1000,0,0,0,0,11.502,13.17,1
1784820217.465388,116425050,A1300_B1800,1300,1800,0.3,0.8,1300,1800,1000,1000,0,0,0,0,11.466,13.2,1
1784820217.5144026,116474471,A1300_B1800,1300,1800,0.3,0.8,1300,1800,1000,1000,0,0,0,0,11.466,13.2,1
1784820217.565079,116526883,A1300_B1800,1300,1800,0.3,0.8,1300,1800,1000,1000,0,0,0,0,11.387,13.06,1
1784820217.6134143,116574802,A1300_B1800,1300,1800,0.3,0.8,1300,1800,1000,1000,0,0,0,0,11.387,13.06,1
1784820217.6657958,116627241,A1300_B1800,1300,1800,0.3,0.8,1300,1800,1000,1000,0,0,0,0,11.536,13.34,1
1784820217.7147086,116676634,A1300_B1800,1300,1800,0.3,0.8,1300,1800,1000,1000,0,0,0,0,11.536,13.34,1
1784820217.7654314,116723110,A1300_B1800,1300,1800,0.3,0.8,1300,1800,1000,1000,0,0,0,0,11.475,12.95,1
1784820217.8138185,116775521,A1300_B1800,1300,1800,0.3,0.8,1300,1800,1000,1000,0,0,0,0,11.475,12.95,1
1784820217.8678274,116826467,A1300_B1800,1300,1800,0.3,0.8,1300,1800,1000,1000,0,0,0,0,11.373,12.96,1
1784820217.914755,116875812,A1300_B1800,1300,1800,0.3,0.8,1300,1800,1000,1000,0,0,0,0,11.373,12.96,1
1784820217.9653895,116923750,A1300_B1800,1300,1800,0.3,0.8,1300,1800,1000,1000,0,0,0,0,11.434,13.04,1
1784820218.0144327,116976146,A1300_B1800,1300,1800,0.3,0.8,1300,1800,1000,1000,0,0,0,0,11.434,13.04,1
1784820218.0657709,117025568,A1300_B1800,1300,1800,0.3,0.8,1300,1800,1000,1000,0,0,0,0,11.294,13.12,1
1784820218.113627,117073491,A1300_B1800,1300,1800,0.3,0.8,1300,1800,1000,1000,0,0,0,0,11.294,13.12,1
1784820218.1641018,117125901,A1300_B1800,1300,1800,0.3,0.8,1300,1800,1000,1000,0,0,0,0,11.372,13.0,1
1784820218.2146657,117176814,A1300_B1800,1300,1800,0.3,0.8,1300,1800,1000,1000,0,0,0,0,11.372,13.0,1
1784820218.265419,117223254,A1300_B1800,1300,1800,0.3,0.8,1300,1800,1000,1000,0,0,0,0,11.482,13.16,1
1784820218.3145144,117275650,A1300_B1800,1300,1800,0.3,0.8,1300,1800,1000,1000,0,0,0,0,11.482,13.16,1
1784820218.3650665,117326572,A1300_B1800,1300,1800,0.3,0.8,1300,1800,1000,1000,0,0,0,0,11.515,13.15,1
1784820218.4146373,117375992,A1300_B1900,1300,1900,0.3,0.9,1300,1900,1000,1000,0,0,0,0,11.515,13.15,1
1784820218.4659579,117425408,A1300_B1900,1300,1900,0.3,0.9,1300,1900,1000,1000,0,0,0,0,11.251,19.63,1
1784820218.5135434,117473330,A1300_B1900,1300,1900,0.3,0.9,1300,1900,1000,1000,0,0,0,0,11.251,19.63,1
1784820218.5640929,117525744,A1300_B1900,1300,1900,0.3,0.9,1300,1900,1000,1000,0,0,0,0,11.347,17.35,1
1784820218.6135788,117573663,A1300_B1900,1300,1900,0.3,0.9,1300,1900,1000,1000,0,0,0,0,11.347,17.35,1
1784820218.6647806,117626088,A1300_B1900,1300,1900,0.3,0.9,1300,1900,1000,1000,0,0,0,0,11.244,17.11,1
1784820218.714699,117674080,A1300_B1900,1300,1900,0.3,0.9,1300,1900,1000,1000,0,0,0,0,11.244,17.11,1
1784820218.765429,117724919,A1300_B1900,1300,1900,0.3,0.9,1300,1900,1000,1000,0,0,0,0,11.402,17.33,1
1784820218.8146381,117774341,A1300_B1900,1300,1900,0.3,0.9,1300,1900,1000,1000,0,0,0,0,11.402,17.33,1
1784820218.869763,117825253,A1300_B1900,1300,1900,0.3,0.9,1300,1900,1000,1000,0,0,0,0,11.396,17.31,1
1784820218.9136024,117874673,A1300_B1900,1300,1900,0.3,0.9,1300,1900,1000,1000,0,0,0,0,11.396,17.31,1
1784820218.964448,117922593,A1300_B1900,1300,1900,0.3,0.9,1300,1900,1000,1000,0,0,0,0,11.275,17.12,1
1784820219.0149512,117978033,A1300_B1900,1300,1900,0.3,0.9,1300,1900,1000,1000,0,0,0,0,11.275,17.12,1
1784820219.0653813,118027425,A1300_B1900,1300,1900,0.3,0.9,1300,1900,1000,1000,0,0,0,0,11.284,17.11,1
1784820219.1135,118075344,A1300_B1900,1300,1900,0.3,0.9,1300,1900,1000,1000,0,0,0,0,11.284,17.11,1
1784820219.1654994,118124758,A1300_B1900,1300,1900,0.3,0.9,1300,1900,1000,1000,0,0,0,0,11.303,17.12,1
1784820219.2147193,118177274,A1300_B1900,1300,1900,0.3,0.9,1300,1900,1000,1000,0,0,0,0,11.303,17.12,1
1784820219.265459,118225101,A1300_B1900,1300,1900,0.3,0.9,1300,1900,1000,1000,0,0,0,0,11.199,16.91,1
1784820219.3145552,118274546,A1300_B1900,1300,1900,0.3,0.9,1300,1900,1000,1000,0,0,0,0,11.199,16.91,1
1784820219.3650987,118326932,A1300_B1900,1300,1900,0.3,0.9,1300,1900,1000,1000,0,0,0,0,11.288,17.0,1
1784820219.4134853,118374855,A1300_B1900,1300,1900,0.3,0.9,1300,1900,1000,1000,0,0,0,0,11.288,17.0,1
1784820219.4655387,118427271,A1300_B1900,1300,1900,0.3,0.9,1300,1900,1000,1000,0,0,0,0,11.305,17.12,1
1784820219.5134912,118475266,A1300_B1900,1300,1900,0.3,0.9,1300,1900,1000,1000,0,0,0,0,11.305,17.12,1
1784820219.5641956,118524612,A1300_B1900,1300,1900,0.3,0.9,1300,1900,1000,1000,0,0,0,0,11.284,17.04,1
1784820219.6147256,118577025,A1300_B1900,1300,1900,0.3,0.9,1300,1900,1000,1000,0,0,0,0,11.284,17.04,1
1784820219.6663094,118624996,A1300_B1900,1300,1900,0.3,0.9,1300,1900,1000,1000,0,0,0,0,11.263,17.04,1
1784820219.714506,118677406,A1300_B1900,1300,1900,0.3,0.9,1300,1900,1000,1000,0,0,0,0,11.263,17.04,1
1784820219.7650967,118726782,A1300_B1900,1300,1900,0.3,0.9,1300,1900,1000,1000,0,0,0,0,11.261,16.84,1
1784820219.8136926,118773250,A1300_B1900,1300,1900,0.3,0.9,1300,1900,1000,1000,0,0,0,0,11.261,16.84,1
1784820219.8690414,118825630,A1300_B1900,1300,1900,0.3,0.9,1300,1900,1000,1000,0,0,0,0,11.34,17.21,1
1784820219.913537,118873535,A1300_B1900,1300,1900,0.3,0.9,1300,1900,1000,1000,0,0,0,0,11.34,17.21,1
1784820219.96416,118925946,A1300_B1900,1300,1900,0.3,0.9,1300,1900,1000,1000,0,0,0,0,11.292,17.0,1
1784820220.014737,118976910,A1300_B1900,1300,1900,0.3,0.9,1300,1900,1000,1000,0,0,0,0,11.292,17.0,1
1784820220.0649,119026296,A1300_B1900,1300,1900,0.3,0.9,1300,1900,1000,1000,0,0,0,0,11.227,17.07,1
1784820220.1147869,119075702,A1300_B1900,1300,1900,0.3,0.9,1300,1900,1000,1000,0,0,0,0,11.227,17.07,1
1784820220.1647546,119126664,A1300_B1900,1300,1900,0.3,0.9,1300,1900,1000,1000,0,0,0,0,11.273,17.05,1
1784820220.2146091,119176040,A1300_B1900,1300,1900,0.3,0.9,1300,1900,1000,1000,0,0,0,0,11.273,17.05,1
1784820220.26594,119226956,A1300_B1900,1300,1900,0.3,0.9,1300,1900,1000,1000,0,0,0,0,11.326,17.0,1
1784820220.3135545,119273380,A1300_B1900,1300,1900,0.3,0.9,1300,1900,1000,1000,0,0,0,0,11.326,17.0,1
1784820220.3648098,119325825,A1300_B1900,1300,1900,0.3,0.9,1300,1900,1000,1000,0,0,0,0,11.247,17.07,1
1784820220.4135308,119373765,A1300_B1900,1300,1900,0.3,0.9,1300,1900,1000,1000,0,0,0,0,11.247,17.07,1
1784820220.464931,119423134,A1300_B1900,1300,1900,0.3,0.9,1300,1900,1000,1000,0,0,0,0,11.245,17.02,1
1784820220.5147424,119475553,A1300_B1900,1300,1900,0.3,0.9,1300,1900,1000,1000,0,0,0,0,11.245,17.02,1
1784820220.5656395,119523523,A1300_B1900,1300,1900,0.3,0.9,1300,1900,1000,1000,0,0,0,0,11.307,16.92,1
1784820220.6145148,119575928,A1300_B1900,1300,1900,0.3,0.9,1300,1900,1000,1000,0,0,0,0,11.307,16.92,1
1784820220.665854,119626798,A1300_B1900,1300,1900,0.3,0.9,1300,1900,1000,1000,0,0,0,0,11.282,16.94,1
1784820220.7135317,119673278,A1300_B1900,1300,1900,0.3,0.9,1300,1900,1000,1000,0,0,0,0,11.282,16.94,1
1784820220.7641668,119727145,A1300_B1900,1300,1900,0.3,0.9,1300,1900,1000,1000,0,0,0,0,11.244,16.99,1
1784820220.813732,119775061,A1300_B1900,1300,1900,0.3,0.9,1300,1900,1000,1000,0,0,0,0,11.244,16.99,1
1784820220.867524,119827475,A1300_B1900,1300,1900,0.3,0.9,1300,1900,1000,1000,0,0,0,0,11.412,17.24,1
1784820220.9147635,119875438,A1300_B2000,1300,2000,0.3,1.0,1300,2000,1000,1000,0,0,0,0,11.412,17.24,1
1784820220.9655073,119924812,A1300_B2000,1300,2000,0.3,1.0,1300,2000,1000,1000,0,0,0,0,11.065,22.36,1
1784820221.0145307,119975725,A1300_B2000,1300,2000,0.3,1.0,1300,2000,1000,1000,0,0,0,0,11.065,22.36,1
1784820221.0669014,120025195,A1300_B2000,1300,2000,0.3,1.0,1300,2000,1000,1000,0,0,0,0,11.126,21.34,1
1784820221.1146035,120074570,A1300_B2000,1300,2000,0.3,1.0,1300,2000,1000,1000,0,0,0,0,11.126,21.34,1
1784820221.1650481,120125486,A1300_B2000,1300,2000,0.3,1.0,1300,2000,1000,1000,0,0,0,0,11.179,21.31,1
1784820221.2148864,120177897,A1300_B2000,1300,2000,0.3,1.0,1300,2000,1000,1000,0,0,0,0,11.179,21.31,1
1784820221.264913,120225815,A1300_B2000,1300,2000,0.3,1.0,1300,2000,1000,1000,0,0,0,0,11.124,21.2,1
1784820221.3148375,120275241,A1300_B2000,1300,2000,0.3,1.0,1300,2000,1000,1000,0,0,0,0,11.124,21.2,1
1784820221.364216,120324763,A1300_B2000,1300,2000,0.3,1.0,1300,2000,1000,1000,0,0,0,0,11.143,21.27,1
1784820221.4149039,120377117,A1300_B2000,1300,2000,0.3,1.0,1300,2000,1000,1000,0,0,0,0,11.143,21.27,1
1784820221.4655342,120424996,A1300_B2000,1300,2000,0.3,1.0,1300,2000,1000,1000,0,0,0,0,11.135,21.28,1
1784820221.5146728,120474458,A1300_B2000,1300,2000,0.3,1.0,1300,2000,1000,1000,0,0,0,0,11.135,21.28,1
1784820221.5650594,120525326,A1300_B2000,1300,2000,0.3,1.0,1300,2000,1000,1000,0,0,0,0,11.252,21.31,1
1784820221.6138377,120574744,A1300_B2000,1300,2000,0.3,1.0,1300,2000,1000,1000,0,0,0,0,11.252,21.31,1
1784820221.6645513,120622764,A1300_B2000,1300,2000,0.3,1.0,1300,2000,1000,1000,0,0,0,0,11.156,21.07,1
1784820221.7148848,120675082,A1300_B2000,1300,2000,0.3,1.0,1300,2000,1000,1000,0,0,0,0,11.156,21.07,1
1784820221.7654324,120726001,A1300_B2000,1300,2000,0.3,1.0,1300,2000,1000,1000,0,0,0,0,11.139,21.28,1
1784820221.8141732,120773970,A1300_B2000,1300,2000,0.3,1.0,1300,2000,1000,1000,0,0,0,0,11.139,21.28,1
1784820221.8679388,120823347,A1300_B2000,1300,2000,0.3,1.0,1300,2000,1000,1000,0,0,0,0,11.167,21.27,1
1784820221.9137986,120875755,A1300_B2000,1300,2000,0.3,1.0,1300,2000,1000,1000,0,0,0,0,11.167,21.27,1
1784820221.9651997,120926671,A1300_B2000,1300,2000,0.3,1.0,1300,2000,1000,1000,0,0,0,0,11.09,21.14,1
1784820222.0145707,120976156,A1300_B2000,1300,2000,0.3,1.0,1300,2000,1000,1000,0,0,0,0,11.09,21.14,1
1784820222.0659432,121027012,A1300_B2000,1300,2000,0.3,1.0,1300,2000,1000,1000,0,0,0,0,11.077,21.06,1
1784820222.1149838,121076424,A1300_B2000,1300,2000,0.3,1.0,1300,2000,1000,1000,0,0,0,0,11.077,21.06,1
1784820222.1653538,121125890,A1300_B2000,1300,2000,0.3,1.0,1300,2000,1000,1000,0,0,0,0,11.076,21.07,1
1784820222.21361,121173765,A1300_B2000,1300,2000,0.3,1.0,1300,2000,1000,1000,0,0,0,0,11.076,21.07,1
1784820222.2650957,121226178,A1300_B2000,1300,2000,0.3,1.0,1300,2000,1000,1000,0,0,0,0,11.122,21.2,1
1784820222.314794,121274157,A1300_B2000,1300,2000,0.3,1.0,1300,2000,1000,1000,0,0,0,0,11.122,21.2,1
1784820222.3661244,121323522,A1300_B2000,1300,2000,0.3,1.0,1300,2000,1000,1000,0,0,0,0,11.114,21.15,1
1784820222.41463,121375929,A1300_B2000,1300,2000,0.3,1.0,1300,2000,1000,1000,0,0,0,0,11.114,21.15,1
1784820222.465938,121426855,A1300_B2000,1300,2000,0.3,1.0,1300,2000,1000,1000,0,0,0,0,11.14,21.37,1
1784820222.5136187,121473273,A1300_B2000,1300,2000,0.3,1.0,1300,2000,1000,1000,0,0,0,0,11.14,21.37,1
1784820222.564832,121527180,A1300_B2000,1300,2000,0.3,1.0,1300,2000,1000,1000,0,0,0,0,11.171,21.28,1
1784820222.6146498,121576624,A1300_B2000,1300,2000,0.3,1.0,1300,2000,1000,1000,0,0,0,0,11.171,21.28,1
1784820222.6649473,121626021,A1300_B2000,1300,2000,0.3,1.0,1300,2000,1000,1000,0,0,0,0,11.111,21.11,1
1784820222.714874,121676940,A1300_B2000,1300,2000,0.3,1.0,1300,2000,1000,1000,0,0,0,0,11.111,21.11,1
1784820222.7631118,121724906,A1300_B2000,1300,2000,0.3,1.0,1300,2000,1000,1000,0,0,0,0,11.078,21.16,1
1784820222.8146987,121775779,A1300_B2000,1300,2000,0.3,1.0,1300,2000,1000,1000,0,0,0,0,11.078,21.16,1
1784820222.868607,121825197,A1300_B2000,1300,2000,0.3,1.0,1300,2000,1000,1000,0,0,0,0,11.13,21.14,1
1784820222.913638,121874693,A1300_B2000,1300,2000,0.3,1.0,1300,2000,1000,1000,0,0,0,0,11.13,21.14,1
1784820222.9652069,121925547,A1300_B2000,1300,2000,0.3,1.0,1300,2000,1000,1000,0,0,0,0,11.1,20.97,1
1784820223.0136116,121974947,A1300_B2000,1300,2000,0.3,1.0,1300,2000,1000,1000,0,0,0,0,11.1,20.97,1
1784820223.0649402,122025866,A1300_B2000,1300,2000,0.3,1.0,1300,2000,1000,1000,0,0,0,0,11.242,21.22,1
1784820223.1148403,122075291,A1300_B2000,1300,2000,0.3,1.0,1300,2000,1000,1000,0,0,0,0,11.242,21.22,1
1784820223.163656,122124702,A1300_B2000,1300,2000,0.3,1.0,1300,2000,1000,1000,0,0,0,0,11.111,21.15,1
1784820223.2149098,122175619,A1300_B2000,1300,2000,0.3,1.0,1300,2000,1000,1000,0,0,0,0,11.111,21.15,1
1784820223.263654,122225052,A1300_B2000,1300,2000,0.3,1.0,1300,2000,1000,1000,0,0,0,0,11.054,21.04,1
1784820223.314685,122275957,A1300_B2000,1300,2000,0.3,1.0,1300,2000,1000,1000,0,0,0,0,11.054,21.04,1
1784820223.3657105,122325379,A1300_B2000,1300,2000,0.3,1.0,1300,2000,1000,1000,0,0,0,0,11.105,21.11,1
