phase,a_cmd_us,b_cmd_us,n,t_start_rel,thrust_n_mean,thrust_n_sem,torque_nm_mean,torque_nm_sem,voltage_v_mean,voltage_v_sem,current_a_mean,current_a_sem,run_dir
A1000_B1000,1000,1000,125,0.0,0.004420000000000099,0.007853539198061204,0.0002819999999999496,0.00023890502904548504,11.94066935483871,0.0015774739446092335,0.0,0.0,raw/2026-07-31\A1000_B1000-2000_2026-07-31_015904
A1000_B1100,1000,1100,123,0.0,0.4242792520325204,0.008619227236167192,0.007264634146341363,0.00022532184964638404,11.929806451612903,0.00183893396564333,0.0,0.0,raw/2026-07-31\A1000_B1000-2000_2026-07-31_015904
A1000_B1200,1000,1200,126,0.0,1.2526871111111109,0.007153322879522138,0.020334126984126885,0.00027848436210044594,11.902439999999999,0.0027929265492807787,0.2388,0.004464338985857274,raw/2026-07-31\A1000_B1000-2000_2026-07-31_015904
A1000_B1300,1000,1300,125,0.0,2.0930199999999997,0.014509250904386884,0.03387399999999989,0.00022243926318537294,11.873031746031746,0.002548823233185016,1.1648412698412698,0.005572875496100421,raw/2026-07-31\A1000_B1000-2000_2026-07-31_015904
A1000_B1400,1000,1400,126,0.0,2.9168537777777774,0.00721432339732069,0.047484920634920554,0.00025438457939765883,11.823869918699184,0.002792932936930232,2.2691056910569096,0.0058651241983160626,raw/2026-07-31\A1000_B1000-2000_2026-07-31_015904
A1000_B1500,1000,1500,126,0.0,3.8698220317460317,0.012708112327235803,0.06158809523809513,0.00034164468155581477,11.778168,0.003380928217650182,3.5552,0.006595795337109258,raw/2026-07-31\A1000_B1000-2000_2026-07-31_015904
A1000_B1600,1000,1600,123,0.0,4.8850597398373985,0.010771269952799737,0.07899634146341451,0.00029493998441401567,11.708464000000001,0.003196359703606384,5.12632,0.0076878924499878785,raw/2026-07-31\A1000_B1000-2000_2026-07-31_015904
A1000_B1700,1000,1700,126,0.0,6.260131555555556,0.008636932917956287,0.10227857142857134,0.000254340996309341,11.610064516129032,0.004154957193619861,7.570967741935484,0.007664978338518608,raw/2026-07-31\A1000_B1000-2000_2026-07-31_015904
A1000_B1800,1000,1800,126,0.0,7.965845841269841,0.0381349436268368,0.12300079365079357,0.0004909423992744894,11.481629032258065,0.003700097952041147,10.828387096774192,0.008740801689331997,raw/2026-07-31\A1000_B1000-2000_2026-07-31_015904
A1000_B1900,1000,1900,127,0.0,9.694642929133856,0.04009041086953883,0.15171614173228343,0.00046275642367459106,11.335704,0.003420715337375336,14.844400000000002,0.008251998780354229,raw/2026-07-31\A1000_B1000-2000_2026-07-31_015904
A1000_B2000,1000,2000,124,0.0,11.289100193548387,0.03055565160004943,0.17663225806451605,0.0005413120024153846,11.177207999999998,0.0025509592376708116,18.994959999999995,0.006399217694122776,raw/2026-07-31\A1000_B1000-2000_2026-07-31_015904
A1100_B1000,1100,1000,126,0.0,0.34432793650793586,0.034756757472069875,-0.007508888888888898,0.0005193674079196434,11.944733870967744,0.001885737768882031,0.0010483870967741935,0.0007405187787789866,raw/2026-07-31\A1100_B1000-2000_2026-07-31_021029
A1100_B1100,1100,1100,123,0.0,0.736466341463414,0.03508614649668037,-0.000335447154471591,0.00048011509643497674,11.931403225806452,0.0021236346674368017,0.005806451612903225,0.0028423402623037938,raw/2026-07-31\A1100_B1000-2000_2026-07-31_021029
A1100_B1200,1100,1200,126,0.0,1.4807803174603171,0.04968227386713212,0.012514920634920535,0.0005014712544076958,11.90907258064516,0.0024046782521454026,0.6312096774193549,0.005961886928693875,raw/2026-07-31\A1100_B1000-2000_2026-07-31_021029
A1100_B1300,1100,1300,126,0.0,2.35613746031746,0.03597988221090093,0.025514920634920536,0.0006144661561814993,11.871209677419357,0.002039354292782585,1.5775806451612904,0.006026180933636528,raw/2026-07-31\A1100_B1000-2000_2026-07-31_021029
A1100_B1400,1100,1400,125,0.0,3.2246319999999993,0.021612823003799117,0.03905199999999989,0.0007042521542559835,11.828185483870968,0.003277196461168243,2.674274193548388,0.007267845349037719,raw/2026-07-31\A1100_B1000-2000_2026-07-31_021029
A1100_B1500,1100,1500,123,0.0,4.17811674796748,0.01874410461976636,0.05277837398373974,0.0005839767975639779,11.775556451612903,0.00285255514677204,3.969435483870967,0.006653838713235571,raw/2026-07-31\A1100_B1000-2000_2026-07-31_021029
A1100_B1600,1100,1600,125,0.0,5.213495999999998,0.020225764673929173,0.06983599999999988,0.0005139981172301403,11.717600000000001,0.0032297008749937652,5.5434399999999995,0.007716847091413568,raw/2026-07-31\A1100_B1000-2000_2026-07-31_021029
A1100_B1700,1100,1700,126,0.0,6.572883492063492,0.01735063420836837,0.09185619047619036,0.000530793271056293,11.617448,0.003218163291031377,7.960640000000001,0.008241315272415851,raw/2026-07-31\A1100_B1000-2000_2026-07-31_021029
A1100_B1800,1100,1800,126,0.0,8.253986666666668,0.018126952658911337,0.11622920634920623,0.000525787990385824,11.485919999999998,0.003605687263915339,11.24992,0.00940315389780505,raw/2026-07-31\A1100_B1000-2000_2026-07-31_021029
A1100_B1900,1100,1900,124,0.0,9.993392580645162,0.03252724689200335,0.14504129032258056,0.0006136705481525422,11.341927999999998,0.0034041184923086056,15.29216,0.009559716556737506,raw/2026-07-31\A1100_B1000-2000_2026-07-31_021029
A1100_B2000,1100,2000,126,0.0,11.543296190476191,0.021449536093805285,0.17227682539682534,0.0004739338062519824,11.182528,0.0034486570738336965,19.511200000000006,0.006718870872881209,raw/2026-07-31\A1100_B1000-2000_2026-07-31_021029
A1200_B1000,1200,1000,126,0.0,1.0095383809523812,0.027237044352021997,-0.018785873015873013,0.0002898788202174881,11.838680000000002,0.0025614411266240895,0.1364,0.005653888185390938,raw/2026-07-31\A1200_B1000-2000_2026-07-31_021641
A1200_B1100,1200,1100,123,0.0,1.3189233983739836,0.02977613702049825,-0.012587073170731709,0.0002807325277233037,11.815169354838709,0.0024086434577051596,0.4783064516129032,0.005799248635725668,raw/2026-07-31\A1200_B1000-2000_2026-07-31_021641
A1200_B1200,1200,1200,125,0.0,2.026878,0.031461889482458795,0.00028999999999995127,0.00042462887021415743,11.790620967741935,0.002928817022370836,1.171774193548387,0.006191125416649937,raw/2026-07-31\A1200_B1000-2000_2026-07-31_021641
A1200_B1300,1200,1300,126,0.0,2.8447447301587303,0.031401294408055634,0.013222063492063391,0.0003200686497287397,11.752999999999997,0.003716814876281515,2.0997580645161285,0.007556469561085287,raw/2026-07-31\A1200_B1000-2000_2026-07-31_021641
A1200_B1400,1200,1400,126,0.0,3.718554253968254,0.03334311606258349,0.02557126984126975,0.00028936991175687897,11.709744000000002,0.004232453783830143,3.2051199999999995,0.008687117640692207,raw/2026-07-31\A1200_B1000-2000_2026-07-31_021641
A1200_B1500,1200,1500,124,0.0,4.622658580645162,0.04044845510979814,0.04212516129032248,0.00044891373808526506,11.654112000000001,0.004733411999952073,4.493280000000001,0.00995459109511625,raw/2026-07-31\A1200_B1000-2000_2026-07-31_021641
A1200_B1600,1200,1600,126,0.0,5.625720920634923,0.034772077108433865,0.058063333333333245,0.00053925286350065,11.581427419354839,0.004898259047636942,6.093467741935484,0.011174793411966975,raw/2026-07-31\A1200_B1000-2000_2026-07-31_021641
A1200_B1700,1200,1700,126,0.0,7.067990761904763,0.033781427091325346,0.07976968253968243,0.0004325488567543158,11.476491935483871,0.005369209943436592,8.513387096774192,0.01151908477900927,raw/2026-07-31\A1200_B1000-2000_2026-07-31_021641
A1200_B1800,1200,1800,125,0.0,8.645318000000001,0.0370315247323142,0.10531399999999991,0.0004954221399717552,11.352671999999998,0.0058021661805826245,11.741760000000001,0.012647102945071084,raw/2026-07-31\A1200_B1000-2000_2026-07-31_021641
A1200_B1900,1200,1900,123,0.0,10.370411203252033,0.04221838986130336,0.1339413821138211,0.0005285721479575661,11.199604838709677,0.004769054271573358,15.723548387096775,0.011424384839167967,raw/2026-07-31\A1200_B1000-2000_2026-07-31_021641
A1200_B2000,1200,2000,125,0.0,11.975502000000002,0.03393933332171657,0.16149000000000002,0.0004737496276277363,11.031047999999998,0.004474657759484645,19.990319999999997,0.008178599927505536,raw/2026-07-31\A1200_B1000-2000_2026-07-31_021641
A1300_B1000,1300,1000,126,0.0,1.8163030605455757,0.05050845554091659,-0.03226912840984698,0.0005408563332274483,11.870298387096776,0.002730724349547441,1.1691129032258065,0.005668076640094339,raw/2026-07-31\A1300_B1000-2000_2026-07-31_022512
A1300_B1100,1300,1100,125,0.0,2.1039888383233536,0.06206928500812099,-0.02443490618762475,0.0005365620548544951,11.855637096774192,0.0021704007045070667,1.514032258064516,0.005341620096582291,raw/2026-07-31\A1300_B1000-2000_2026-07-31_022512
A1300_B1200,1300,1200,123,0.0,2.7413857163721342,0.06398804601740046,-0.012457475293315798,0.0004862508009326173,11.822616000000002,0.003069407508235574,2.2094399999999994,0.006205412829707365,raw/2026-07-31\A1300_B1000-2000_2026-07-31_022512
A1300_B1300,1300,1300,126,0.0,3.515334806577322,0.0678555895970005,0.0012784906377720673,0.0005025748766867897,11.789564516129031,0.003094631315046514,3.1410483870967747,0.006425773557034393,raw/2026-07-31\A1300_B1000-2000_2026-07-31_022512
A1300_B1400,1300,1400,125,0.0,4.347916838323354,0.06953238553318507,0.013085093812375199,0.0005455433515194702,11.747264000000001,0.00317083776453987,4.23616,0.006953100028045042,raw/2026-07-31\A1300_B1000-2000_2026-07-31_022512
A1300_B1500,1300,1500,126,0.0,5.21747766372018,0.07635708911225697,0.028341982701264087,0.0008487692095474704,11.693112000000001,0.0035324708705965126,5.52808,0.008061614342453473,raw/2026-07-31\A1300_B1000-2000_2026-07-31_022512
A1300_B1600,1300,1600,126,0.0,6.202001473243989,0.06868829835249855,0.045413411272692654,0.0007241328294928404,11.627568000000002,0.0041778268158488615,7.12936,0.01009870256757704,raw/2026-07-31\A1300_B1000-2000_2026-07-31_022512
A1300_B1700,1300,1700,124,0.0,7.617661483484644,0.05316993425644615,0.06814664219947197,0.00045173230971743507,11.53119841269841,0.003971102279364907,9.580873015873017,0.00901569695781599,raw/2026-07-31\A1300_B1000-2000_2026-07-31_022512
A1300_B1800,1300,1800,126,0.0,9.168945917688434,0.053490783781970114,0.09405626841554977,0.0005796637629741195,11.407143999999999,0.004157553623109656,12.82768,0.0097538320013048,raw/2026-07-31\A1300_B1000-2000_2026-07-31_022512
A1300_B1900,1300,1900,126,0.0,10.842612584355104,0.05375965789822645,0.12382610968539107,0.0006228183894874157,11.257161290322582,0.0042044895499523905,16.764999999999997,0.008627638119594815,raw/2026-07-31\A1300_B1000-2000_2026-07-31_022512
A1300_B2000,1300,2000,126,0.0,12.33458877483129,0.05089545150230105,0.14971499857428003,0.0005738401493506733,11.0984,0.002911711612802515,20.7928,0.008516094819090611,raw/2026-07-31\A1300_B1000-2000_2026-07-31_022512
A1400_B1000,1400,1000,126,0.0,3.2471719682539684,0.06660884820055202,-0.04842009523809525,0.001914735791676605,11.830145161290323,0.003454733191604723,2.3129838709677415,0.008055814214149536,raw/2026-07-31\A1400_B1000-2000_2026-07-31_023421
A1400_B1100,1400,1100,123,0.0,3.53121881300813,0.0691184855542263,-0.04257224390243903,0.0011598619634547698,11.810696,0.003622977282166809,2.6460800000000004,0.007809750729159856,raw/2026-07-31\A1400_B1000-2000_2026-07-31_023421
A1400_B1200,1400,1200,126,0.0,4.153298952380953,0.07335221735832681,-0.030285174603174616,0.0022574554959512595,11.785216,0.0036186360645610494,3.3322399999999996,0.006419590982850602,raw/2026-07-31\A1400_B1000-2000_2026-07-31_023421
A1400_B1300,1400,1300,125,0.0,5.018157999999999,0.07586406723063424,-0.016318000000000017,0.0015413167391300766,11.74573387096774,0.004049200898182648,4.2451612903225815,0.01006045447171199,raw/2026-07-31\A1400_B1000-2000_2026-07-31_023421
A1400_B1400,1400,1400,126,0.0,5.710132285714287,0.07695199955704637,-0.0030232698412698857,0.0019228092113599017,11.696696000000001,0.0046912853180641105,5.327359999999999,0.009485570705703654,raw/2026-07-31\A1400_B1000-2000_2026-07-31_023421
A1400_B1500,1400,1500,126,0.0,6.628775142857142,0.08982366903703265,0.010944984126984067,0.003071011086839321,11.64731451612903,0.005254665442100322,6.618306451612904,0.011465933632731405,raw/2026-07-31\A1400_B1000-2000_2026-07-31_023421
A1400_B1600,1400,1600,125,0.0,7.639334000000001,0.07616986804462435,0.028129999999999912,0.0023358749414160588,11.578183999999997,0.005518653225140601,8.1664,0.011418377942541118,raw/2026-07-31\A1400_B1000-2000_2026-07-31_023421
A1400_B1700,1400,1700,123,0.0,8.977535886178863,0.07168318360107584,0.05004564227642267,0.0014042742870398863,11.491280000000003,0.005768217704271489,10.600880000000004,0.012416958227074107,raw/2026-07-31\A1400_B1000-2000_2026-07-31_023421
A1400_B1800,1400,1800,126,0.0,10.518203714285713,0.08643288678719081,0.07996879365079354,0.0012876984493848896,11.366911290322582,0.005513210562134886,13.8775,0.010534885163236004,raw/2026-07-31\A1400_B1000-2000_2026-07-31_023421
A1400_B1900,1400,1900,125,0.0,12.139262,0.07567617181888424,0.10572999999999994,0.0016865316959044458,11.207192,0.004985536448309186,17.94488,0.012321822236414814,raw/2026-07-31\A1400_B1000-2000_2026-07-31_023421
A1400_B2000,1400,2000,126,0.0,13.704473555555554,0.08015084156688607,0.1356672063492063,0.0022321764583008875,11.052112000000001,0.004288036109621672,22.103279999999998,0.009512488226434988,raw/2026-07-31\A1400_B1000-2000_2026-07-31_023421
A1500_B1000,1500,1000,126,0.0,3.768617241707062,0.048760401493858484,-0.06072996863416024,0.0022100902393823534,11.875408000000002,0.0037643676759849098,3.6884000000000006,0.008406142147647256,raw/2026-07-31\A1500_B1000-2000_2026-07-31_024313
A1500_B1100,1500,1100,126,0.0,4.005744225834046,0.05679872439562813,-0.05501568291987452,0.003385775232188705,11.847217741935484,0.003955621250983389,4.017903225806452,0.007564110285109723,raw/2026-07-31\A1500_B1000-2000_2026-07-31_024313
A1500_B1200,1500,1200,123,0.0,4.641550265323011,0.07730853210539755,-0.04009814517306849,0.004612564465265927,11.820338709677419,0.003964269459740695,4.7141935483870965,0.007937019972903527,raw/2026-07-31\A1500_B1000-2000_2026-07-31_024313
A1500_B1300,1500,1300,126,0.0,5.4666489877388065,0.08000177447011626,-0.023729968634160246,0.0022802792525012682,11.770568,0.0040430798863913,5.56304,0.008274503396072351,raw/2026-07-31\A1500_B1000-2000_2026-07-31_024313
A1500_B1400,1500,1400,126,0.0,6.2123474004372214,0.04855202149895689,-0.007753778157969799,0.004190141220378137,11.733967999999999,0.004851310910299098,6.67536,0.00911046473797772,raw/2026-07-31\A1500_B1000-2000_2026-07-31_024313
A1500_B1500,1500,1500,126,0.0,7.082553749643568,0.047294441049609746,0.008262094857903208,0.0048855796365409486,11.686951612903224,0.004789755640156274,7.934838709677418,0.008710065945040356,raw/2026-07-31\A1500_B1000-2000_2026-07-31_024313
A1500_B1600,1500,1600,123,0.0,8.154851078331141,0.0787436149328317,0.01607258653424852,0.002134626539782876,11.625338709677418,0.005330819387224127,9.502419354838707,0.009981211675764455,raw/2026-07-31\A1500_B1000-2000_2026-07-31_024313
A1500_B1700,1500,1700,126,0.0,9.480720416310234,0.1005451050732705,0.04452399961980792,0.0022618458360467056,11.538298387096775,0.004733315139037668,11.946129032258064,0.010913380963154197,raw/2026-07-31\A1500_B1000-2000_2026-07-31_024313
A1500_B1800,1500,1800,126,0.0,11.064395019484841,0.08046345670522358,0.06980971390552222,0.002775841865086108,11.410443548387098,0.005048444858731663,15.280887096774192,0.011474673703226503,raw/2026-07-31\A1500_B1000-2000_2026-07-31_024313
A1500_B1900,1500,1900,126,0.0,12.710379146468968,0.07487966641504772,0.09896844406425236,0.0025047615024040553,11.256024193548388,0.004836745547246792,19.23620967741935,0.010564696306593811,raw/2026-07-31\A1500_B1000-2000_2026-07-31_024313
A1500_B2000,1500,2000,126,0.0,14.105910892500713,0.08357513992573058,0.13164304723885553,0.0023541467784897615,11.114475806451612,0.00508961732601438,23.442822580645164,0.010941491684480205,raw/2026-07-31\A1500_B1000-2000_2026-07-31_024313
A1600_B1000,1600,1000,126,0.0,4.479885365079365,0.05744596533905979,-0.07468746031746035,0.001129160429427204,11.768508064516128,0.003665220895515277,4.909999999999999,0.008200221959089723,raw/2026-07-31\A1600_B1000-2000_2026-07-31_025055
A1600_B1100,1600,1100,123,0.0,4.605147463414633,0.05346452339446897,-0.06697975609756097,0.0012308852592491932,11.73676,0.004176082436462323,5.32632,0.00899787501795339,raw/2026-07-31\A1600_B1000-2000_2026-07-31_025055
A1600_B1200,1600,1200,126,0.0,5.285321873015871,0.05432630130845827,-0.055227142857142864,0.0013204479415864564,11.707616,0.004385986246540081,5.92784,0.008921582385320698,raw/2026-07-31\A1600_B1000-2000_2026-07-31_025055
A1600_B1300,1600,1300,126,0.0,5.92962346031746,0.05425734961645628,-0.041727142857142865,0.0023851781547574113,11.666751999999999,0.004762997917414015,6.7854399999999995,0.01015397840353006,raw/2026-07-31\A1600_B1000-2000_2026-07-31_025055
A1600_B1400,1600,1400,126,0.0,6.686885365079364,0.06792198195097927,-0.024798571428571455,0.0033019364894708142,11.613768,0.0050369106763263494,7.8532,0.010597382513103519,raw/2026-07-31\A1600_B1000-2000_2026-07-31_025055
A1600_B1500,1600,1500,126,0.0,7.4613456825396804,0.055349658694169905,-0.01675888888888892,0.002823236288256756,11.565128,0.005546669747724539,9.087359999999999,0.010618391834985677,raw/2026-07-31\A1600_B1000-2000_2026-07-31_025055
A1600_B1600,1600,1600,125,0.0,8.395589999999999,0.05495408357129879,0.00040599999999995143,0.0012974846136199981,11.500392000000002,0.005303643251759635,10.561039999999998,0.011449650790561535,raw/2026-07-31\A1600_B1000-2000_2026-07-31_025055
A1600_B1700,1600,1700,123,0.0,9.67531006504065,0.05775536607341108,0.024882032520325104,0.0011857698116018204,11.414856,0.005666320465072834,12.9692,0.012430763088714299,raw/2026-07-31\A1600_B1000-2000_2026-07-31_025055
A1600_B1800,1600,1800,125,0.0,11.188734,0.066633621442787,0.05302999999999989,0.001051634672246483,11.289088709677419,0.006195711105253418,16.213951612903223,0.013619640399836703,raw/2026-07-31\A1600_B1000-2000_2026-07-31_025055
A1600_B1900,1600,1900,126,0.0,12.863425047619044,0.07097305802899008,0.08797126984126974,0.001244016163750075,11.140129032258065,0.005894840406894467,20.217741935483872,0.011216253233917388,raw/2026-07-31\A1600_B1000-2000_2026-07-31_025055
A1600_B2000,1600,2000,126,0.0,14.217774253968255,0.11092571398771135,0.11475698412698403,0.001267217129863784,10.982540322580645,0.0040276939157195,24.300403225806452,0.010780210809762315,raw/2026-07-31\A1600_B1000-2000_2026-07-31_025055
A1700_B1000,1700,1000,126,0.0,5.677869460317461,0.029816440337278618,-0.09581698412698413,0.0006579172647347687,11.742209677419355,0.004555746065424873,7.271935483870968,0.009432269509264202,raw/2026-07-31\A1700_B1000-2000_2026-07-31_025921
A1700_B1100,1700,1100,123,0.0,5.932734926829268,0.0361445432175867,-0.08929569105691057,0.0008782178323891102,11.696782258064514,0.004049774894487704,7.580645161290322,0.009407953969654957,raw/2026-07-31\A1700_B1000-2000_2026-07-31_025921
A1700_B1200,1700,1200,126,0.0,6.517107555555557,0.03536607702135015,-0.07705507936507937,0.0011538398653497134,11.660568000000001,0.004153138510075358,8.187520000000001,0.00913105724719831,raw/2026-07-31\A1700_B1000-2000_2026-07-31_025921
A1700_B1300,1700,1300,126,0.0,7.056456761904764,0.03322281139938209,-0.06592809523809523,0.0021323562813605037,11.623975806451613,0.004010696812370014,8.961451612903225,0.012077473894291152,raw/2026-07-31\A1700_B1000-2000_2026-07-31_025921
A1700_B1400,1700,1400,126,0.0,7.687123428571429,0.03035074576855539,-0.050086825396825393,0.0022436882720717464,11.572895161290324,0.004793176078503345,9.937983870967743,0.01261297222834964,raw/2026-07-31\A1700_B1000-2000_2026-07-31_025921
A1700_B1500,1700,1500,125,0.0,8.470612000000001,0.029183862973645478,-0.035566,0.0009097084963806246,11.532072,0.005169515806864249,11.10456,0.012408375943224283,raw/2026-07-31\A1700_B1000-2000_2026-07-31_025921
A1700_B1600,1700,1600,125,0.0,9.271804,0.028431894076445075,-0.019685999999999995,0.00080511461816756,11.466830645161291,0.005681519562491273,12.483951612903223,0.011676208238107855,raw/2026-07-31\A1700_B1000-2000_2026-07-31_025921
A1700_B1700,1700,1700,123,0.0,10.523743056910567,0.02830138800928686,0.005948211382113743,0.0007508780415621968,11.386596774193547,0.003900293508339896,14.864596774193547,0.008737059438155613,raw/2026-07-31\A1700_B1000-2000_2026-07-31_025921
A1700_B1800,1700,1800,126,0.0,12.01078215873016,0.037772793455369706,0.03536555555555545,0.0007502427590659333,11.263120967741935,0.00560972368615688,18.10814516129032,0.013466438421082427,raw/2026-07-31\A1700_B1000-2000_2026-07-31_025921
A1700_B1900,1700,1900,126,0.0,13.478893269841269,0.08988692396575375,0.06780999999999995,0.001033164348701877,11.118322580645161,0.005009570546562683,21.99290322580645,0.0098778098603058,raw/2026-07-31\A1700_B1000-2000_2026-07-31_025921
A1700_B2000,1700,2000,126,0.0,14.855059936507937,0.11475580173238359,0.09887349206349202,0.0011381268951343114,10.96668,0.004724126135269414,26.012960000000007,0.009301421327392779,raw/2026-07-31\A1700_B1000-2000_2026-07-31_025921
A1800_B1000,1800,1000,126,0.0,7.189786474669708,0.05776232766129314,-0.1206084497671324,0.0010203416103264993,11.685056,0.003926704339231812,10.12824,0.009362288112938927,raw/2026-07-31\A1800_B1000-2000_2026-07-31_030736
A1800_B1100,1800,1100,126,0.0,7.275524569907803,0.07270734036815976,-0.1120608307195133,0.0013703934953412389,11.638984,0.00436938002540996,10.384720000000002,0.009980998721764821,raw/2026-07-31\A1800_B1000-2000_2026-07-31_030736
A1800_B1200,1800,1200,124,0.0,7.758942260640009,0.03207672656237202,-0.10212009851265207,0.0026984835342467968,11.588072580645163,0.004871401223497268,10.93290322580645,0.009712476931781377,raw/2026-07-31\A1800_B1000-2000_2026-07-31_030736
A1800_B1300,1800,1300,126,0.0,8.286183300066533,0.02981704062808006,-0.08840210056078313,0.002727513761232431,11.545176000000001,0.003794156185674269,11.70344,0.009376775702801321,raw/2026-07-31\A1800_B1000-2000_2026-07-31_030736
A1800_B1400,1800,1400,125,0.0,8.803767744510978,0.02124057407644091,-0.07306222754491011,0.0007474743711217606,11.506854838709678,0.0044746524148795395,12.58725806451613,0.01097904610216059,raw/2026-07-31\A1800_B1000-2000_2026-07-31_030736
A1800_B1500,1800,1500,126,0.0,9.515770601653834,0.02473154521654856,-0.05922749738617997,0.0009530011208316463,11.460976,0.004120389333311177,13.74016,0.008368130018110386,raw/2026-07-31\A1800_B1000-2000_2026-07-31_030736
A1800_B1600,1800,1600,123,0.0,10.280810671340245,0.023960815108815016,-0.04365045518718652,0.0012233065499738748,11.402528000000002,0.004845557672888681,15.029440000000003,0.011567643415732888,raw/2026-07-31\A1800_B1000-2000_2026-07-31_030736
A1800_B1700,1800,1700,125,0.0,11.501207744510976,0.020365906361747906,-0.0213182275449101,0.0007884108966366992,11.318717741935485,0.004224498636973215,17.321129032258064,0.010004070557195236,raw/2026-07-31\A1800_B1000-2000_2026-07-31_030736
A1800_B1800,1800,1800,126,0.0,12.950921395304627,0.05065122235471427,0.012399486740804093,0.0008078862989980958,11.191088000000002,0.005472653611218884,20.71312,0.009646939009761825,raw/2026-07-31\A1800_B1000-2000_2026-07-31_030736
A1800_B1900,1800,1900,126,0.0,14.437469014352247,0.08109786458167526,0.04121694705826439,0.0009805621559072018,11.056232,0.005179439949796538,24.474639999999997,0.011060854543199038,raw/2026-07-31\A1800_B1000-2000_2026-07-31_030736
A1800_B2000,1800,2000,126,0.0,15.021040442923674,0.1515214848906646,0.07099472483604218,0.001112560732373723,10.893153225806449,0.004324347302217596,28.730725806451613,0.011976884254800237,raw/2026-07-31\A1800_B1000-2000_2026-07-31_030736
A1900_B1000,1900,1000,126,0.0,8.859168805246648,0.05001632966902002,-0.14861339226309286,0.000625303755865919,11.60133064516129,0.0034346722906736303,13.96782258064516,0.009047591397457356,raw/2026-07-31\A1900_B1000-2000_2026-07-31_032000
A1900_B1100,1900,1100,126,0.0,8.787875154453,0.04416582470710191,-0.1390737097234103,0.0023733564548289,11.551176000000002,0.00353042196143838,14.092559999999997,0.009198109202614733,raw/2026-07-31\A1900_B1000-2000_2026-07-31_032000
A1900_B1200,1900,1200,124,0.0,9.213316270684437,0.027736007225258184,-0.12822194321035343,0.0022032028249230813,11.492209677419355,0.0030972368715252874,14.556129032258065,0.010358578721349819,raw/2026-07-31\A1900_B1000-2000_2026-07-31_032000
A1900_B1300,1900,1300,126,0.0,9.657168805246648,0.022383334827601874,-0.11440704305674361,0.0010159655215818515,11.458241935483873,0.003297520127904315,15.224838709677417,0.009063464692023005,raw/2026-07-31\A1900_B1000-2000_2026-07-31_032000
A1900_B1400,1900,1400,125,0.0,10.211697948103788,0.020958305077986034,-0.1011032335329341,0.0008461373334729855,11.411151999999996,0.00346775107935778,16.08544,0.00964766660741041,raw/2026-07-31\A1900_B1000-2000_2026-07-31_032000
A1900_B1500,1900,1500,126,0.0,10.800018011595855,0.02218823510948701,-0.08508164623134681,0.0012630660524531809,11.361591999999998,0.003711987486074566,17.09272,0.009817282982642925,raw/2026-07-31\A1900_B1000-2000_2026-07-31_032000
A1900_B1600,1900,1600,123,0.0,11.480554403388346,0.02181304166118277,-0.07238323353293409,0.0011455457607463851,11.304544000000002,0.0031995867475095494,18.323919999999998,0.008754645587049128,raw/2026-07-31\A1900_B1000-2000_2026-07-31_032000
A1900_B1700,1900,1700,126,0.0,12.51730372588157,0.022734943774514488,-0.04870069385039441,0.0015074692676285463,11.22685483870968,0.004014801710647474,20.403709677419354,0.01018094087337116,raw/2026-07-31\A1900_B1000-2000_2026-07-31_032000
A1900_B1800,1900,1800,126,0.0,13.951049757627603,0.03456735126159696,-0.018756249405949985,0.0017857188006997577,11.107403225806454,0.004081228727337042,23.690564516129037,0.009631488497153248,raw/2026-07-31\A1900_B1000-2000_2026-07-31_032000
A1900_B1900,1900,1900,126,0.0,15.302295789373634,0.0488289029847268,0.013854861705161065,0.0017606069866529658,10.958800000000002,0.004391957459104146,27.88304,0.008680882963861346,raw/2026-07-31\A1900_B1000-2000_2026-07-31_032000
A1900_B2000,1900,2000,125,0.0,16.83352194810379,0.10833894937410035,0.039600766467065805,0.002030159186512388,10.825943548387096,0.003066731000092486,31.60443548387097,0.009035076341814923,raw/2026-07-31\A1900_B1000-2000_2026-07-31_032000
A2000_B1000,2000,1000,126,0.0,10.254136726546905,0.031108479423840225,-0.17669323258245415,0.0029576373245740893,11.508879032258067,0.0030604237689701224,18.02258064516129,0.008982360958509633,raw/2026-07-31\A2000_B1000-2000_2026-07-31_032944
A2000_B1100,2000,1100,126,0.0,10.391374821785005,0.027087916074864667,-0.1629789468681685,0.003688438693398732,11.440495999999998,0.002756239233027033,18.031519999999997,0.006341930102055281,raw/2026-07-31\A2000_B1000-2000_2026-07-31_032944
A2000_B1200,2000,1200,125,0.0,10.673495393213573,0.018220795266097274,-0.1531457405189621,0.001130228866346361,11.394666666666668,0.0030906515468630473,18.358809523809526,0.008519339077768622,raw/2026-07-31\A2000_B1000-2000_2026-07-31_032944
A2000_B1300,2000,1300,125,0.0,11.020791393213575,0.016747273696278615,-0.13800174051896208,0.0006447781313829422,11.34908870967742,0.0030583539678225567,18.879032258064516,0.010289807500918709,raw/2026-07-31\A2000_B1000-2000_2026-07-31_032944
A2000_B1400,2000,1400,126,0.0,11.490763710673892,0.020462973610638063,-0.12470910559832718,0.0006178665982903934,11.29996,0.002957143346913297,19.67952,0.006903814747262275,raw/2026-07-31\A2000_B1000-2000_2026-07-31_032944
A2000_B1500,2000,1500,123,0.0,12.104018840368047,0.017884767915948206,-0.11086957791733608,0.0008712871684570457,11.248992000000001,0.003067803585418999,20.676399999999997,0.008790317253623729,raw/2026-07-31\A2000_B1000-2000_2026-07-31_032944
A2000_B1600,2000,1600,126,0.0,12.709255774165955,0.02439595297466263,-0.09678847067769225,0.0008207749105368,11.196472,0.0037657124759616118,21.777360000000005,0.007345083060203632,raw/2026-07-31\A2000_B1000-2000_2026-07-31_032944
A2000_B1700,2000,1700,126,0.0,13.694668472578652,0.03499389806795501,-0.07497101036023195,0.0005159565255972392,11.120728,0.0038535342136127313,23.774000000000004,0.007554532926788743,raw/2026-07-31\A2000_B1000-2000_2026-07-31_032944
A2000_B1800,2000,1800,126,0.0,14.984914504324687,0.02083518688050768,-0.04344720083642244,0.0006565567511249273,10.990693548387096,0.0035760292923187813,27.171854838709674,0.009617226364785878,raw/2026-07-31\A2000_B1000-2000_2026-07-31_032944
A2000_B1900,2000,1900,126,0.0,16.461922440832623,0.0494303908280621,-0.015129740518962102,0.0007145650247550421,10.876056451612902,0.0036044655409283926,30.825161290322583,0.008280174432376174,raw/2026-07-31\A2000_B1000-2000_2026-07-31_032944
A2000_B2000,2000,2000,123,0.0,17.823522905408698,0.06808539116444412,0.01590277980624106,0.0009422152373132377,10.741632,0.0033165185010401933,34.686800000000005,0.010481689102983978,raw/2026-07-31\A2000_B1000-2000_2026-07-31_032944
