run,session,phase,a_cmd_us,b_cmd_us,n,n_eff,thrust_N,thrust_sd,thrust_sem,torque_Nm,torque_sem,voltage_v,current_a,power_w,efficiency_N_per_W,voltage_noload_v
A1300_B1000-2000_0023,2026-07-24_s1,A1300_B1000,1300,1000,62,62.0,1.7659,0.4213,0.0535,-0.03028,0.00066,11.95,1.356,16.2,0.10901,12.022
A1300_B1000-2000_0024,2026-07-24_s1,A1300_B1000,1300,1000,62,62.0,1.7301,0.3575,0.0454,-0.02929,0.00057,11.835,1.332,15.76,0.10978,11.896
A1300_B1000-2000_0024,2026-07-24_s1,A1300_B1000,1300,1000,63,24.5,1.8426,0.464,0.0938,-0.03025,0.00055,11.693,1.28,14.97,0.12309,11.896
A1300_B1000-2000_0024,2026-07-24_s1,A1300_B1000,1300,1000,64,23.5,1.9689,0.4733,0.0975,-0.02951,0.00047,11.645,1.262,14.7,0.13394,11.896
A1400_B1000-2000_0051_1300,2026-07-24_s1,A1400_B1000,1400,1000,100,41.2,2.8012,0.4104,0.0639,-0.0525,0.00071,11.752,2.471,29.04,0.09646,
A1400_B1000-2000_0051_1300,2026-07-24_s1,A1400_B1000,1400,1000,101,30.6,2.8317,0.354,0.064,-0.05203,0.00148,11.511,2.328,26.8,0.10566,
A1400_B1000-2000_0051_1300,2026-07-24_s1,A1400_B1000,1400,1000,97,31.9,2.7641,0.3072,0.0544,-0.04752,0.00204,11.441,2.277,26.05,0.10611,
A1400_B1000-2000_0051_1300,2026-07-24_s1,A1400_B1000,1400,1000,101,31.8,2.9845,0.3855,0.0683,-0.04753,0.00278,11.369,2.166,24.63,0.12117,
A1400_B1000-2000_0104,2026-07-24_s1,A1400_B1000,1400,1000,98,60.3,2.8356,0.5516,0.071,-0.04716,0.00104,11.512,2.337,26.9,0.10541,11.604
A1400_B1000-2000_0104,2026-07-24_s1,A1400_B1000,1400,1000,101,78.0,2.7723,0.5128,0.058,-0.04671,0.00171,11.329,2.237,25.34,0.1094,11.604
A1400_B1000-2000_0104,2026-07-24_s1,A1400_B1000,1400,1000,101,62.0,2.8834,0.4638,0.0589,-0.04732,0.00271,11.267,2.25,25.35,0.11374,11.604
A1400_B1000-2000_0104,2026-07-24_s1,A1400_B1000,1400,1000,101,83.5,3.061,0.53,0.058,-0.05003,0.00282,11.233,2.187,24.57,0.12458,11.604
A1500_B1000-2000_0113_3s,2026-07-24_s1,A1500_B1000,1500,1000,33,10.6,3.7513,0.6704,0.2057,-0.06216,0.00159,11.306,3.451,39.02,0.09614,11.438
A1500_B1000-2000_0113_3s,2026-07-24_s1,A1500_B1000,1500,1000,101,43.1,3.694,0.7464,0.1137,-0.05573,0.00239,11.131,3.38,37.62,0.09819,11.438
A1500_B1000-2000_0113_3s,2026-07-24_s1,A1500_B1000,1500,1000,100,53.1,3.8837,0.4736,0.065,-0.05848,0.00202,11.1,3.351,37.2,0.1044,11.438
A1300_B1000-2000_0023,2026-07-24_s1,A1300_B1100,1300,1100,63,63.0,1.9996,0.4769,0.0601,-0.02265,0.00053,11.932,1.666,19.88,0.10058,12.022
A1300_B1000-2000_0024,2026-07-24_s1,A1300_B1100,1300,1100,63,63.0,2.0131,0.4113,0.0518,-0.02251,0.00048,11.837,1.66,19.65,0.10245,11.896
A1300_B1000-2000_0024,2026-07-24_s1,A1300_B1100,1300,1100,63,63.0,2.1028,0.4056,0.0511,-0.02174,0.00059,11.703,1.602,18.75,0.11215,11.896
A1300_B1000-2000_0024,2026-07-24_s1,A1300_B1100,1300,1100,63,63.0,2.2179,0.4063,0.0512,-0.02202,0.00053,11.67,1.572,18.35,0.12087,11.896
A1400_B1000-2000_0051_1300,2026-07-24_s1,A1400_B1100,1400,1100,99,59.6,3.0414,0.4441,0.0575,-0.04478,0.00088,11.71,2.789,32.66,0.09312,
A1400_B1000-2000_0051_1300,2026-07-24_s1,A1400_B1100,1400,1100,100,56.6,3.1921,0.4556,0.0606,-0.04482,0.00072,11.539,2.694,31.09,0.10267,
A1400_B1000-2000_0051_1300,2026-07-24_s1,A1400_B1100,1400,1100,100,54.7,3.2809,0.4354,0.0589,-0.04398,0.00079,11.476,2.62,30.07,0.10911,
A1400_B1000-2000_0051_1300,2026-07-24_s1,A1400_B1100,1400,1100,100,50.1,3.3431,0.4354,0.0615,-0.0428,0.0008,11.427,2.59,29.6,0.11294,
A1400_B1000-2000_0104,2026-07-24_s1,A1400_B1100,1400,1100,100,73.8,3.023,0.5664,0.0659,-0.04121,0.0009,11.483,2.69,30.89,0.09786,11.604
A1400_B1000-2000_0104,2026-07-24_s1,A1400_B1100,1400,1100,100,81.4,3.3147,0.6393,0.0708,-0.04296,0.00096,11.357,2.605,29.58,0.11206,11.604
A1400_B1000-2000_0104,2026-07-24_s1,A1400_B1100,1400,1100,100,59.2,3.3577,0.5662,0.0736,-0.0421,0.00085,11.303,2.596,29.34,0.11444,11.604
A1400_B1000-2000_0104,2026-07-24_s1,A1400_B1100,1400,1100,99,56.7,3.4928,0.603,0.0801,-0.04237,0.0009,11.256,2.517,28.33,0.12329,11.604
A1500_B1000-2000_0113_3s,2026-07-24_s1,A1500_B1100,1500,1100,100,48.5,3.8992,0.5681,0.0816,-0.04813,0.0032,11.287,3.778,42.64,0.09144,11.438
A1500_B1000-2000_0113_3s,2026-07-24_s1,A1500_B1100,1500,1100,100,48.7,4.0311,0.5442,0.078,-0.04835,0.00337,11.171,3.705,41.39,0.09739,11.438
A1500_B1000-2000_0113_3s,2026-07-24_s1,A1500_B1100,1500,1100,100,51.7,4.1789,0.5298,0.0737,-0.04905,0.0039,11.123,3.682,40.95,0.10205,11.438
A1300_B1000-2000_0023,2026-07-24_s1,A1300_B1200,1300,1200,63,63.0,2.6952,0.543,0.0684,-0.00887,0.00073,11.883,2.396,28.47,0.09467,12.022
A1300_B1000-2000_0024,2026-07-24_s1,A1300_B1200,1300,1200,63,63.0,2.7048,0.442,0.0557,-0.01001,0.00045,11.82,2.34,27.66,0.09779,11.896
A1300_B1000-2000_0024,2026-07-24_s1,A1300_B1200,1300,1200,63,63.0,2.8079,0.4313,0.0543,-0.00972,0.0005,11.687,2.299,26.87,0.1045,11.896
A1300_B1000-2000_0024,2026-07-24_s1,A1300_B1200,1300,1200,63,63.0,2.8764,0.438,0.0552,-0.00959,0.00054,11.673,2.29,26.73,0.10761,11.896
A1400_B1000-2000_0051_1300,2026-07-24_s1,A1400_B1200,1400,1200,101,39.2,3.8231,0.4186,0.0668,-0.03134,0.00132,11.679,3.485,40.7,0.09393,
A1400_B1000-2000_0051_1300,2026-07-24_s1,A1400_B1200,1400,1200,101,48.6,3.8615,0.441,0.0632,-0.03119,0.00195,11.53,3.378,38.95,0.09914,
A1400_B1000-2000_0051_1300,2026-07-24_s1,A1400_B1200,1400,1200,100,45.0,3.913,0.5103,0.076,-0.03356,0.00235,11.489,3.338,38.35,0.10203,
A1400_B1000-2000_0051_1300,2026-07-24_s1,A1400_B1200,1400,1200,99,61.5,4.0274,0.436,0.0556,-0.03132,0.00179,11.416,3.224,36.81,0.10941,
A1400_B1000-2000_0104,2026-07-24_s1,A1400_B1200,1400,1200,97,73.3,3.606,0.5354,0.0625,-0.02855,0.00121,11.427,3.296,37.66,0.09575,11.604
A1400_B1000-2000_0104,2026-07-24_s1,A1400_B1200,1400,1200,100,55.2,3.875,0.6856,0.0923,-0.03158,0.00101,11.343,3.262,37.0,0.10473,11.604
A1400_B1000-2000_0104,2026-07-24_s1,A1400_B1200,1400,1200,97,89.0,3.9525,0.5669,0.0601,-0.02931,0.0012,11.293,3.244,36.63,0.1079,11.604
A1400_B1000-2000_0104,2026-07-24_s1,A1400_B1200,1400,1200,100,88.6,4.0925,0.6578,0.0699,-0.02973,0.00116,11.242,3.155,35.47,0.11538,11.604
A1500_B1000-2000_0113_3s,2026-07-24_s1,A1500_B1200,1500,1200,100,37.4,4.5099,0.8324,0.1362,-0.03732,0.00454,11.252,4.434,49.89,0.0904,11.438
A1500_B1000-2000_0113_3s,2026-07-24_s1,A1500_B1200,1500,1200,100,37.7,4.6122,0.8366,0.1363,-0.03703,0.00495,11.133,4.317,48.06,0.09597,11.438
A1500_B1000-2000_0113_3s,2026-07-24_s1,A1500_B1200,1500,1200,100,42.6,4.7498,0.798,0.1223,-0.03767,0.00565,11.132,4.348,48.4,0.09814,11.438
A1300_B1000-2000_0023,2026-07-24_s1,A1300_B1300,1300,1300,63,63.0,3.4094,0.5327,0.0671,0.00384,0.00078,11.854,3.321,39.37,0.0866,12.022
A1300_B1000-2000_0024,2026-07-24_s1,A1300_B1300,1300,1300,63,63.0,3.502,0.401,0.0505,0.0033,0.00055,11.775,3.274,38.55,0.09084,11.896
A1300_B1000-2000_0024,2026-07-24_s1,A1300_B1300,1300,1300,62,62.0,3.5758,0.527,0.0669,0.00409,0.00049,11.676,3.201,37.37,0.09569,11.896
A1300_B1000-2000_0024,2026-07-24_s1,A1300_B1300,1300,1300,63,63.0,3.5932,0.5339,0.0673,0.00443,0.00064,11.646,3.206,37.34,0.09623,11.896
A1400_B1000-2000_0051_1300,2026-07-24_s1,A1400_B1300,1400,1300,100,55.9,4.4574,0.4669,0.0624,-0.0187,0.00096,11.635,4.375,50.9,0.08757,
A1400_B1000-2000_0051_1300,2026-07-24_s1,A1400_B1300,1400,1300,99,62.4,4.6194,0.4108,0.052,-0.02057,0.00072,11.506,4.264,49.06,0.09416,
A1400_B1000-2000_0051_1300,2026-07-24_s1,A1400_B1300,1400,1300,100,55.8,4.7025,0.4577,0.0613,-0.02022,0.0008,11.458,4.19,48.01,0.09795,
A1400_B1000-2000_0051_1300,2026-07-24_s1,A1400_B1300,1400,1300,100,51.0,4.7404,0.5019,0.0703,-0.01918,0.00084,11.397,4.126,47.02,0.10082,
A1400_B1000-2000_0104,2026-07-24_s1,A1400_B1300,1400,1300,99,99.0,4.414,0.5747,0.0578,-0.01655,0.00103,11.39,4.18,47.61,0.09271,11.604
A1400_B1000-2000_0104,2026-07-24_s1,A1400_B1300,1400,1300,95,55.4,4.5854,0.5122,0.0688,-0.01943,0.0011,11.32,4.188,47.41,0.09672,11.604
A1400_B1000-2000_0104,2026-07-24_s1,A1400_B1300,1400,1300,100,62.5,4.6825,0.5876,0.0743,-0.01834,0.00101,11.291,4.113,46.44,0.10083,11.604
A1400_B1000-2000_0104,2026-07-24_s1,A1400_B1300,1400,1300,100,66.2,4.8135,0.6607,0.0812,-0.01733,0.00089,11.225,4.039,45.34,0.10616,11.604
A1500_B1000-2000_0113_3s,2026-07-24_s1,A1500_B1300,1500,1300,100,39.3,5.2839,1.0457,0.1668,-0.026,0.00195,11.207,5.27,59.06,0.08947,11.438
A1500_B1000-2000_0113_3s,2026-07-24_s1,A1500_B1300,1500,1300,100,40.5,5.3832,1.0289,0.1617,-0.02628,0.00177,11.144,5.222,58.19,0.09251,11.438
A1500_B1000-2000_0113_3s,2026-07-24_s1,A1500_B1300,1500,1300,100,47.4,5.5557,0.9456,0.1373,-0.02886,0.00243,11.097,5.155,57.21,0.09711,11.438
A1300_B1000-2000_0023,2026-07-24_s1,A1300_B1400,1300,1400,63,63.0,4.2735,0.6229,0.0785,0.01723,0.00059,11.796,4.391,51.8,0.0825,12.022
A1300_B1000-2000_0024,2026-07-24_s1,A1300_B1400,1300,1400,63,63.0,4.3006,0.4843,0.061,0.01673,0.00055,11.711,4.345,50.88,0.08452,11.896
A1300_B1000-2000_0024,2026-07-24_s1,A1300_B1400,1300,1400,63,63.0,4.3382,0.4406,0.0555,0.0157,0.00045,11.655,4.298,50.09,0.08661,11.896
A1300_B1000-2000_0024,2026-07-24_s1,A1300_B1400,1300,1400,63,63.0,4.402,0.5188,0.0654,0.01586,0.00061,11.602,4.238,49.17,0.08953,11.896
A1400_B1000-2000_0051_1300,2026-07-24_s1,A1400_B1400,1400,1400,99,67.4,5.265,0.355,0.0432,-0.00587,0.00072,11.574,5.429,62.84,0.08378,
A1400_B1000-2000_0051_1300,2026-07-24_s1,A1400_B1400,1400,1400,100,44.0,5.3792,0.5194,0.0783,-0.00798,0.00106,11.473,5.298,60.78,0.0885,
A1400_B1000-2000_0051_1300,2026-07-24_s1,A1400_B1400,1400,1400,100,45.2,5.4076,0.4771,0.071,-0.00651,0.00082,11.408,5.218,59.53,0.09084,
A1400_B1000-2000_0051_1300,2026-07-24_s1,A1400_B1400,1400,1400,100,47.8,5.4541,0.538,0.0778,-0.00787,0.00092,11.367,5.164,58.7,0.09291,
A1400_B1000-2000_0104,2026-07-24_s1,A1400_B1400,1400,1400,98,67.2,5.0524,0.5973,0.0729,-0.00465,0.00099,11.355,5.224,59.32,0.08517,11.604
A1400_B1000-2000_0104,2026-07-24_s1,A1400_B1400,1400,1400,99,99.0,5.3474,0.6822,0.0686,-0.00498,0.00107,11.286,5.185,58.52,0.09138,11.604
A1400_B1000-2000_0104,2026-07-24_s1,A1400_B1400,1400,1400,99,71.4,5.3571,0.6038,0.0714,-0.00547,0.00096,11.227,5.091,57.16,0.09372,11.604
A1400_B1000-2000_0104,2026-07-24_s1,A1400_B1400,1400,1400,100,74.4,5.6244,0.6381,0.074,-0.00535,0.00098,11.219,5.074,56.93,0.0988,11.604
A1500_B1000-2000_0113_3s,2026-07-24_s1,A1500_B1400,1500,1400,100,42.9,5.8794,0.8746,0.1335,-0.01308,0.00149,11.183,6.264,70.05,0.08393,11.438
A1500_B1000-2000_0113_3s,2026-07-24_s1,A1500_B1400,1500,1400,100,48.8,5.9996,0.8179,0.1171,-0.01361,0.0014,11.104,6.204,68.89,0.08709,11.438
A1500_B1000-2000_0113_3s,2026-07-24_s1,A1500_B1400,1500,1400,100,47.0,6.2333,1.0676,0.1558,-0.01437,0.00174,11.059,6.14,67.9,0.0918,11.438
A1300_B1000-2000_0023,2026-07-24_s1,A1300_B1500,1300,1500,63,63.0,5.1212,0.5652,0.0712,0.0303,0.00098,11.752,5.708,67.08,0.07634,12.022
A1300_B1000-2000_0024,2026-07-24_s1,A1300_B1500,1300,1500,63,63.0,5.199,0.4591,0.0578,0.03329,0.00072,11.671,5.641,65.84,0.07896,11.896
A1300_B1000-2000_0024,2026-07-24_s1,A1300_B1500,1300,1500,63,63.0,5.2294,0.4447,0.056,0.03097,0.0007,11.6,5.562,64.52,0.08105,11.896
A1300_B1000-2000_0024,2026-07-24_s1,A1300_B1500,1300,1500,63,63.0,5.2387,0.4857,0.0612,0.02903,0.00061,11.582,5.521,63.94,0.08193,11.896
A1400_B1000-2000_0051_1300,2026-07-24_s1,A1400_B1500,1400,1500,100,60.1,6.0581,0.5779,0.0745,0.00707,0.00179,11.516,6.689,77.03,0.07865,
A1400_B1000-2000_0051_1300,2026-07-24_s1,A1400_B1500,1400,1500,100,43.1,6.1223,0.5658,0.0862,0.00433,0.00186,11.424,6.549,74.82,0.08183,
A1400_B1000-2000_0051_1300,2026-07-24_s1,A1400_B1500,1400,1500,100,46.7,6.1612,0.6254,0.0915,0.00781,0.00143,11.362,6.461,73.41,0.08393,
A1400_B1000-2000_0051_1300,2026-07-24_s1,A1400_B1500,1400,1500,100,39.8,6.2227,0.6939,0.11,0.00593,0.00104,11.339,6.433,72.94,0.08531,
A1400_B1000-2000_0104,2026-07-24_s1,A1400_B1500,1400,1500,99,68.4,5.937,0.7607,0.092,0.01081,0.00289,11.304,6.433,72.72,0.08164,11.604
A1400_B1000-2000_0104,2026-07-24_s1,A1400_B1500,1400,1500,98,65.0,6.0442,0.6525,0.0809,0.00776,0.00223,11.248,6.418,72.19,0.08373,11.604
A1400_B1000-2000_0104,2026-07-24_s1,A1400_B1500,1400,1500,100,75.4,6.1802,0.7904,0.091,0.00737,0.00161,11.204,6.373,71.4,0.08656,11.604
A1400_B1000-2000_0104,2026-07-24_s1,A1400_B1500,1400,1500,100,94.5,6.317,0.8411,0.0865,0.00665,0.00206,11.16,6.297,70.27,0.0899,11.604
A1500_B1000-2000_0113_3s,2026-07-24_s1,A1500_B1500,1500,1500,100,35.0,6.6479,1.2398,0.2095,-0.00081,0.00368,11.13,7.452,82.94,0.08015,11.438
A1500_B1000-2000_0113_3s,2026-07-24_s1,A1500_B1500,1500,1500,100,45.7,6.7803,1.1784,0.1744,-0.00074,0.00386,11.072,7.368,81.58,0.08311,11.438
A1500_B1000-2000_0113_3s,2026-07-24_s1,A1500_B1500,1500,1500,100,48.5,6.8291,0.9951,0.1428,-0.00017,0.00307,11.022,7.325,80.74,0.08458,11.438
A1300_B1000-2000_0023,2026-07-24_s1,A1300_B1600,1300,1600,63,63.0,6.2052,0.6315,0.0796,0.04924,0.00187,11.698,7.368,86.19,0.07199,12.022
A1300_B1000-2000_0024,2026-07-24_s1,A1300_B1600,1300,1600,63,63.0,6.2467,0.4869,0.0613,0.04903,0.00093,11.627,7.273,84.56,0.07387,11.896
A1300_B1000-2000_0024,2026-07-24_s1,A1300_B1600,1300,1600,64,64.0,6.2208,0.5145,0.0643,0.0499,0.00163,11.555,7.196,83.15,0.07481,11.896
A1300_B1000-2000_0024,2026-07-24_s1,A1300_B1600,1300,1600,63,63.0,6.2335,0.4774,0.0601,0.05054,0.00146,11.528,7.113,82.0,0.07602,11.896
A1400_B1000-2000_0051_1300,2026-07-24_s1,A1400_B1600,1400,1600,101,59.4,7.0241,0.5439,0.0705,0.02333,0.00205,11.453,8.149,93.33,0.07526,
A1400_B1000-2000_0051_1300,2026-07-24_s1,A1400_B1600,1400,1600,100,57.5,7.111,0.6404,0.0844,0.02113,0.00162,11.366,8.089,91.94,0.07734,
A1400_B1000-2000_0051_1300,2026-07-24_s1,A1400_B1600,1400,1600,100,50.1,7.1086,0.609,0.086,0.02207,0.00137,11.348,8.015,90.95,0.07816,
A1400_B1000-2000_0051_1300,2026-07-24_s1,A1400_B1600,1400,1600,100,54.5,7.1734,0.6178,0.0837,0.02252,0.002,11.262,7.922,89.22,0.0804,
A1400_B1000-2000_0104,2026-07-24_s1,A1400_B1600,1400,1600,100,100.0,6.8332,0.7295,0.0729,0.02635,0.00304,11.261,7.942,89.43,0.07641,11.604
A1400_B1000-2000_0104,2026-07-24_s1,A1400_B1600,1400,1600,100,100.0,6.9832,0.8986,0.0899,0.02459,0.00251,11.208,7.896,88.5,0.07891,11.604
A1400_B1000-2000_0104,2026-07-24_s1,A1400_B1600,1400,1600,100,69.0,7.079,0.7582,0.0913,0.02264,0.00271,11.127,7.783,86.6,0.08174,11.604
A1400_B1000-2000_0104,2026-07-24_s1,A1400_B1600,1400,1600,99,66.7,7.1633,0.743,0.091,0.02181,0.00198,11.141,7.794,86.83,0.0825,11.604
A1500_B1000-2000_0113_3s,2026-07-24_s1,A1500_B1600,1500,1600,100,45.4,7.4979,0.9851,0.1461,0.01578,0.00252,11.082,8.879,98.4,0.0762,11.438
A1500_B1000-2000_0113_3s,2026-07-24_s1,A1500_B1600,1500,1600,100,46.7,7.5888,1.0237,0.1499,0.01549,0.00208,10.99,8.705,95.67,0.07932,11.438
A1500_B1000-2000_0113_3s,2026-07-24_s1,A1500_B1600,1500,1600,100,51.5,7.7197,0.7507,0.1046,0.01381,0.00273,10.998,8.765,96.4,0.08008,11.438
A1300_B1000-2000_0023,2026-07-24_s1,A1300_B1700,1300,1700,63,63.0,7.4865,0.4835,0.0609,0.07234,0.00075,11.575,9.784,113.25,0.06611,12.022
A1300_B1000-2000_0024,2026-07-24_s1,A1300_B1700,1300,1700,62,62.0,7.4734,0.3922,0.0498,0.07175,0.00047,11.488,9.647,110.82,0.06744,11.896
A1300_B1000-2000_0024,2026-07-24_s1,A1300_B1700,1300,1700,63,63.0,7.5479,0.3715,0.0468,0.07127,0.0005,11.453,9.666,110.7,0.06818,11.896
A1300_B1000-2000_0024,2026-07-24_s1,A1300_B1700,1300,1700,63,63.0,7.5594,0.4265,0.0537,0.06943,0.00064,11.415,9.54,108.9,0.06942,11.896
A1400_B1000-2000_0051_1300,2026-07-24_s1,A1400_B1700,1400,1700,100,33.9,8.2566,0.4759,0.0818,0.04505,0.00108,11.36,10.541,119.75,0.06895,
A1400_B1000-2000_0051_1300,2026-07-24_s1,A1400_B1700,1400,1700,100,28.4,8.3732,0.4788,0.0898,0.0441,0.00147,11.281,10.385,117.15,0.07147,
A1400_B1000-2000_0051_1300,2026-07-24_s1,A1400_B1700,1400,1700,102,40.1,8.5106,0.5218,0.0824,0.04338,0.0013,11.21,10.265,115.07,0.07396,
A1400_B1000-2000_0051_1300,2026-07-24_s1,A1400_B1700,1400,1700,100,26.3,8.3936,0.5629,0.1099,0.04092,0.00091,11.189,10.193,114.05,0.0736,
A1400_B1000-2000_0104,2026-07-24_s1,A1400_B1700,1400,1700,99,99.0,8.1641,0.6748,0.0678,0.04862,0.00151,11.161,10.304,115.0,0.07099,11.604
A1400_B1000-2000_0104,2026-07-24_s1,A1400_B1700,1400,1700,100,50.6,8.2177,0.8238,0.1158,0.04056,0.00128,11.092,10.126,112.32,0.07316,11.604
A1400_B1000-2000_0104,2026-07-24_s1,A1400_B1700,1400,1700,100,48.0,8.283,0.7186,0.1037,0.04439,0.00195,11.065,10.073,111.46,0.07431,11.604
A1400_B1000-2000_0104,2026-07-24_s1,A1400_B1700,1400,1700,100,94.4,8.4012,0.6535,0.0673,0.04368,0.00117,11.045,10.034,110.83,0.0758,11.604
A1500_B1000-2000_0113_3s,2026-07-24_s1,A1500_B1700,1500,1700,100,44.8,8.9504,1.0485,0.1567,0.03696,0.00221,10.971,11.133,122.14,0.07328,11.438
A1500_B1000-2000_0113_3s,2026-07-24_s1,A1500_B1700,1500,1700,100,45.0,8.9151,1.0261,0.1529,0.03957,0.00188,10.953,11.015,120.65,0.07389,11.438
A1500_B1000-2000_0113_3s,2026-07-24_s1,A1500_B1700,1500,1700,100,49.3,9.1409,1.0825,0.1542,0.03546,0.00254,10.93,10.971,119.91,0.07623,11.438
A1700_B1700_1620,2026-07-24_s2,A1700_B1700,1700,1700,245,245.0,10.9335,0.2267,0.0145,0.01415,0.00045,11.95,16.518,197.39,0.05539,12.616
A1300_B1000-2000_0023,2026-07-24_s1,A1300_B1800,1300,1800,63,63.0,9.0776,0.4818,0.0607,0.09772,0.00056,11.44,13.104,149.91,0.06055,12.022
A1300_B1000-2000_0024,2026-07-24_s1,A1300_B1800,1300,1800,63,59.9,9.0851,0.4164,0.0538,0.10126,0.00091,11.372,12.873,146.39,0.06206,11.896
A1300_B1000-2000_0024,2026-07-24_s1,A1300_B1800,1300,1800,63,52.0,9.1065,0.4425,0.0614,0.09925,0.0007,11.347,12.937,146.8,0.06203,11.896
A1300_B1000-2000_0024,2026-07-24_s1,A1300_B1800,1300,1800,63,55.3,9.0619,0.4236,0.057,0.09398,0.0009,11.317,12.791,144.76,0.0626,11.896
A1400_B1000-2000_0051_1300,2026-07-24_s1,A1400_B1800,1400,1800,100,66.8,9.7537,0.4059,0.0497,0.07191,0.00075,11.215,13.687,153.5,0.06354,
A1400_B1000-2000_0051_1300,2026-07-24_s1,A1400_B1800,1400,1800,100,64.8,9.7807,0.4406,0.0547,0.0689,0.00066,11.159,13.541,151.1,0.06473,
A1400_B1000-2000_0051_1300,2026-07-24_s1,A1400_B1800,1400,1800,99,40.5,9.7585,0.4388,0.069,0.06974,0.00092,11.129,13.424,149.4,0.06532,
A1400_B1000-2000_0051_1300,2026-07-24_s1,A1400_B1800,1400,1800,100,48.8,9.8271,0.4973,0.0712,0.06863,0.00068,11.071,13.298,147.22,0.06675,
A1400_B1000-2000_0104,2026-07-24_s1,A1400_B1800,1400,1800,100,90.7,9.5283,0.5585,0.0587,0.07229,0.00088,11.029,13.323,146.94,0.06484,11.604
A1400_B1000-2000_0104,2026-07-24_s1,A1400_B1800,1400,1800,99,68.4,9.6758,0.6201,0.075,0.07055,0.00107,11.012,13.257,145.99,0.06628,11.604
A1400_B1000-2000_0104,2026-07-24_s1,A1400_B1800,1400,1800,98,98.0,9.7099,0.5566,0.0562,0.0694,0.00098,10.961,13.129,143.91,0.06747,11.604
A1400_B1000-2000_0104,2026-07-24_s1,A1400_B1800,1400,1800,99,54.5,9.7918,0.5993,0.0812,0.06764,0.00114,10.95,13.008,142.44,0.06874,11.604
A1500_B1000-2000_0113_3s,2026-07-24_s1,A1500_B1800,1500,1800,100,48.3,10.3912,0.8856,0.1274,0.06027,0.00222,10.875,14.149,153.87,0.06753,11.438
A1500_B1000-2000_0113_3s,2026-07-24_s1,A1500_B1800,1500,1800,100,48.5,10.35,0.8513,0.1223,0.06474,0.00249,10.822,14.088,152.46,0.06789,11.438
A1500_B1000-2000_0113_3s,2026-07-24_s1,A1500_B1800,1500,1800,100,49.5,10.3896,0.7253,0.1031,0.05501,0.00233,10.806,13.994,151.22,0.06871,11.438
A1800_B1800_1625,2026-07-24_s2,A1800_B1800,1800,1800,249,213.4,13.5896,0.5692,0.039,0.00765,0.00078,11.672,22.415,261.63,0.05194,12.56
A1850_B1850_1630,2026-07-24_s2,A1850_B1850,1850,1850,1498,258.7,14.6441,0.6283,0.0391,0.01161,0.0006,11.318,25.014,283.11,0.05173,12.501
A1850_B1850_1638,2026-07-24_s2,A1850_B1850,1850,1850,1499,719.8,14.1854,0.5652,0.0211,0.01095,0.00059,11.118,24.121,268.18,0.0529,12.2
A1850_B1850_1641,2026-07-24_s2,A1850_B1850,1850,1850,1499,1432.1,13.7804,0.6058,0.016,0.01145,0.00033,10.96,23.52,257.78,0.05346,11.876
A1850_B1850_1644,2026-07-24_s2,A1850_B1850,1850,1850,1499,1499.0,13.5062,0.4947,0.0128,0.00921,0.00029,10.837,23.09,250.23,0.05398,11.652
A1850_B1850_1657,2026-07-24_s2,A1850_B1850,1850,1850,1499,1499.0,13.2089,0.3812,0.0098,0.00569,0.00026,10.628,22.3,237.0,0.05573,11.402
A1850_B1850_1701,2026-07-24_s2,A1850_B1850,1850,1850,1499,1499.0,12.6533,0.4444,0.0115,-0.00173,0.00023,10.567,22.06,233.11,0.05428,11.305
A1850_B1850_1709,2026-07-24_s2,A1850_B1850,1850,1850,1499,1499.0,12.9585,0.5252,0.0136,0.00816,0.00029,10.461,21.735,227.37,0.05699,11.247
A1300_B1000-2000_0023,2026-07-24_s1,A1300_B1900,1300,1900,63,58.5,10.7578,0.5225,0.0683,0.12909,0.0009,11.278,17.026,192.02,0.05602,12.022
A1300_B1000-2000_0024,2026-07-24_s1,A1300_B1900,1300,1900,63,63.0,10.7584,0.4241,0.0534,0.12763,0.0009,11.219,16.791,188.38,0.05711,11.896
A1300_B1000-2000_0024,2026-07-24_s1,A1300_B1900,1300,1900,63,55.6,10.7701,0.43,0.0577,0.12607,0.00097,11.184,16.822,188.14,0.05725,11.896
A1300_B1000-2000_0024,2026-07-24_s1,A1300_B1900,1300,1900,63,63.0,10.6898,0.4144,0.0522,0.12455,0.00086,11.168,16.52,184.5,0.05794,11.896
A1400_B1000-2000_0051_1300,2026-07-24_s1,A1400_B1900,1400,1900,100,38.1,11.3028,0.4101,0.0664,0.10121,0.00165,11.077,17.52,194.07,0.05824,
A1400_B1000-2000_0051_1300,2026-07-24_s1,A1400_B1900,1400,1900,100,48.0,11.3921,0.3201,0.0462,0.09958,0.00157,11.032,17.422,192.2,0.05927,
A1400_B1000-2000_0051_1300,2026-07-24_s1,A1400_B1900,1400,1900,98,29.0,11.3827,0.3596,0.0668,0.09878,0.00145,10.955,17.206,188.49,0.06039,
A1400_B1000-2000_0051_1300,2026-07-24_s1,A1400_B1900,1400,1900,100,15.0,11.2867,0.4261,0.11,0.09565,0.00124,10.951,17.032,186.52,0.06051,
A1400_B1000-2000_0104,2026-07-24_s1,A1400_B1900,1400,1900,99,33.7,11.0209,0.5404,0.0931,0.09798,0.00161,10.91,17.156,187.17,0.05888,11.604
A1400_B1000-2000_0104,2026-07-24_s1,A1400_B1900,1400,1900,101,26.2,11.2125,0.6414,0.1254,0.1009,0.00468,10.861,17.038,185.05,0.06059,11.604
A1400_B1000-2000_0104,2026-07-24_s1,A1400_B1900,1400,1900,100,29.3,11.2583,0.6208,0.1147,0.09774,0.00258,10.868,16.879,183.44,0.06137,11.604
A1400_B1000-2000_0104,2026-07-24_s1,A1400_B1900,1400,1900,100,100.0,11.4666,0.6813,0.0681,0.09898,0.00406,10.799,16.805,181.48,0.06318,11.604
A1500_B1000-2000_0113_3s,2026-07-24_s1,A1500_B1900,1500,1900,100,49.8,11.7761,0.7304,0.1035,0.09266,0.00392,10.744,17.908,192.4,0.06121,11.438
A1500_B1000-2000_0113_3s,2026-07-24_s1,A1500_B1900,1500,1900,100,48.9,11.8536,0.7321,0.1047,0.0913,0.00297,10.741,17.804,191.23,0.06199,11.438
A1500_B1000-2000_0113_3s,2026-07-24_s1,A1500_B1900,1500,1900,100,51.8,12.1317,0.6606,0.0918,0.08916,0.00291,10.72,17.736,190.13,0.06381,11.438
A1300_B1000-2000_0023,2026-07-24_s1,A1300_B2000,1300,2000,61,60.9,12.2909,0.4576,0.0587,0.15664,0.00059,11.114,21.154,235.11,0.05228,12.022
A1300_B1000-2000_0024,2026-07-24_s1,A1300_B2000,1300,2000,67,51.8,12.1771,0.5242,0.0728,0.15519,0.00058,11.059,21.081,233.13,0.05223,11.896
A1300_B1000-2000_0024,2026-07-24_s1,A1300_B2000,1300,2000,72,64.7,12.196,0.4557,0.0567,0.15442,0.00085,11.046,20.788,229.62,0.05311,11.896
A1300_B1000-2000_0024,2026-07-24_s1,A1300_B2000,1300,2000,62,59.9,12.2584,0.4012,0.0519,0.152,0.00066,11.007,20.734,228.22,0.05371,11.896
A1400_B1000-2000_0051_1300,2026-07-24_s1,A1400_B2000,1400,2000,97,49.3,12.7782,0.294,0.0419,0.12685,0.0006,10.889,21.54,234.55,0.05448,
A1400_B1000-2000_0051_1300,2026-07-24_s1,A1400_B2000,1400,2000,105,63.3,12.7135,0.35,0.044,0.12387,0.00077,10.875,21.282,231.44,0.05493,
A1400_B1000-2000_0051_1300,2026-07-24_s1,A1400_B2000,1400,2000,109,62.8,12.7601,0.3099,0.0391,0.12376,0.00087,10.823,21.138,228.78,0.05577,
A1400_B1000-2000_0051_1300,2026-07-24_s1,A1400_B2000,1400,2000,99,66.2,12.751,0.375,0.0461,0.12243,0.00098,10.82,21.008,227.31,0.0561,
A1400_B1000-2000_0104,2026-07-24_s1,A1400_B2000,1400,2000,95,95.0,12.521,0.5722,0.0587,0.12456,0.0012,10.757,20.984,225.72,0.05547,11.604
A1400_B1000-2000_0104,2026-07-24_s1,A1400_B2000,1400,2000,105,105.0,12.5492,0.7897,0.0771,0.12231,0.00133,10.731,20.872,223.98,0.05603,11.604
A1400_B1000-2000_0104,2026-07-24_s1,A1400_B2000,1400,2000,110,110.0,12.6857,0.6038,0.0576,0.12317,0.00124,10.724,20.798,223.04,0.05688,11.604
A1400_B1000-2000_0104,2026-07-24_s1,A1400_B2000,1400,2000,99,99.0,12.8709,0.5699,0.0573,0.12393,0.00159,10.688,20.819,222.51,0.05784,11.604
A1500_B1000-2000_0113_3s,2026-07-24_s1,A1500_B2000,1500,2000,106,44.0,12.9842,0.9612,0.145,0.11601,0.00607,10.635,21.689,230.66,0.05629,11.438
A1500_B1000-2000_0113_3s,2026-07-24_s1,A1500_B2000,1500,2000,110,70.8,13.3461,0.8077,0.096,0.1155,0.00505,10.575,21.743,229.93,0.05804,11.438
A1500_B1000-2000_0113_3s,2026-07-24_s1,A1500_B2000,1500,2000,99,64.2,13.4774,0.8315,0.1038,0.11435,0.00604,10.587,21.62,228.89,0.05888,11.438
