name,rel_path,kind,mode,label,start_local,end_local,start_epoch,end_epoch,duration_s,n_rows,rate_hz,size_mb,flags,n_phases,sweeps,a_us_min,a_us_max,b_us_min,b_us_max,voltage_min,voltage_max,current_min,current_max,thrust_max_n,fz_min,fz_max,tz_min,tz_max,pwm_levels
data_20260720_164717.csv,raw/2026-07-20/loadcell/data_20260720_164717.csv,loadcell,standard,,2026-07-20 16:47:17,2026-07-20 16:47:54,1784533637.0,1784533674.46,37.5,1618,43.19,0.12,,,,,,,,,,,,20.2666,-20.2666,0.3104,-0.13073,0.10127,250
data_20260720_183415.csv,raw/2026-07-20/loadcell/data_20260720_183415.csv,loadcell,standard,,2026-07-20 18:34:15,2026-07-20 18:35:04,1784540055.0,1784540104.32,49.3,2139,43.37,0.16,,,,,,,,,,,,21.386,-21.386,-1.217,-0.108,0.124,342
data_20260720_183744.csv,raw/2026-07-20/loadcell/data_20260720_183744.csv,loadcell,standard,,2026-07-20 18:37:44,2026-07-20 18:38:50,1784540264.0,1784540330.18,66.2,3166,47.84,0.24,,,,,,,,,,,,19.7855,-19.7855,0.3435,-0.13562,0.14438,11
thrust_map_1784819132.1200F.csv,raw/2026-07-24/pwm/thrust_map_1784819132.1200F.csv,pwm_map,,1200F,2026-07-24 00:05:35,2026-07-24 00:07:06,1784819135.2793708,1784819226.4802315,91.2,1825,20.01,0.19,,9,4,1000.0,1000.0,1200.0,2000.0,11.124,12.241,0.0,21.56,,,,,,
data_20260724_002308.csv,raw/2026-07-24/loadcell/data_20260724_002308.csv,loadcell,standard,,2026-07-24 00:23:08,2026-07-24 00:25:48,1784820188.0,1784820348.5,160.5,8026,50.01,0.59,gui_pwm_unused;gui_current_unused,,,,,,,,,,,13.639,-13.639,0.47,-0.18225,0.18775,1
thrust_map_1784820192.csv,raw/2026-07-24/pwm/thrust_map_1784820192.csv,pwm_map,,,2026-07-24 00:23:15,2026-07-24 00:23:43,1784820195.9134586,1784820223.3657105,27.5,550,20.03,0.06,,11,1,1300.0,1300.0,1000.0,2000.0,11.054,12.028,0.0,22.36,,,,,,
thrust_map_1784820250.csv,raw/2026-07-24/pwm/thrust_map_1784820250.csv,pwm_map,,,2026-07-24 00:24:13,2026-07-24 00:25:37,1784820253.9159935,1784820337.2189982,83.3,1667,20.01,0.17,,11,3,1300.0,1300.0,1000.0,2000.0,10.954,12.011,0.0,22.86,,,,,,
log_3_2026-7-24-00-27-40.ulg,raw/2026-07-24/ulog/log_3_2026-7-24-00-27-40.ulg,ulog,,log_3,2026-07-24 00:27:40,,1784820460.0,,,0,,13.6,,,,,,,,,,,,,,,,,
"data_20260724_005059, 1300.csv","raw/2026-07-24/loadcell/data_20260724_005059, 1300.csv",loadcell,standard,1300,2026-07-24 00:50:59,2026-07-24 00:54:20,1784821859.0,1784822060.78,201.8,10090,50.0,0.75,gui_pwm_unused;gui_current_unused,,,,,,,,,,,14.7452,-14.7452,0.2378,-0.16501,0.17199,1
thrust_map_1784821865.csv,raw/2026-07-24/pwm/thrust_map_1784821865.csv,pwm_map,,,2026-07-24 00:51:08,2026-07-24 00:54:06,1784821868.928559,1784822046.1854265,177.3,3546,20.0,0.36,,11,4,1400.0,1400.0,1000.0,2000.0,10.739,11.866,0.0,23.07,,,,,,
"data_20260724_010404, 1400.csv","raw/2026-07-24/loadcell/data_20260724_010404, 1400.csv",loadcell,standard,1400,2026-07-24 01:04:04,2026-07-24 01:07:34,1784822644.0,1784822854.26,210.3,10514,50.0,0.76,gui_pwm_unused;gui_current_unused,,,,,,,,,,,14.933,-14.933,0.342,-0.17748,0.16552,1
thrust_map_1784822651.csv,raw/2026-07-24/pwm/thrust_map_1784822651.csv,pwm_map,,,2026-07-24 01:04:14,2026-07-24 01:07:11,1784822654.5301192,1784822831.73366,177.2,3545,20.01,0.36,,11,4,1400.0,1400.0,1000.0,2000.0,10.593,11.666,0.0,23.18,,,,,,
log_1_2026-7-24-01-07-24.ulg,raw/2026-07-24/ulog/_redundant/log_1_2026-7-24-01-07-24.ulg,ulog,,log_1,2026-07-24 01:07:24,,1784822844.0,,,0,,13.04,,,,,,,,,,,,,,,,,
thrust_map_1784823227.csv,raw/2026-07-24/pwm/thrust_map_1784823227.csv,pwm_map,,,2026-07-24 01:13:50,2026-07-24 01:16:03,1784823230.5563817,1784823363.3679097,132.8,2657,20.01,0.27,,11,3,1500.0,1500.0,1000.0,2000.0,10.448,11.441,0.0,23.53,,,,,,
"data_20260724_011354_1500, 3s.csv","raw/2026-07-24/loadcell/data_20260724_011354_1500, 3s.csv",loadcell,standard,"1500, 3s",2026-07-24 01:13:54,2026-07-24 01:16:13,1784823234.0,1784823373.2,139.2,6961,50.01,0.51,gui_pwm_unused;gui_current_unused,,,,,,,,,,,16.7385,-16.7385,-0.4625,-0.11446,0.19754,1
log_1_2026-7-24-01-16-18.ulg,raw/2026-07-24/ulog/log_1_2026-7-24-01-16-18.ulg,ulog,,log_1,2026-07-24 01:16:18,,1784823378.0,,,0,,28.43,,,,,,,,,,,,,,,,,
log_2_2026-7-24-16-17-52.ulg,raw/2026-07-24/ulog/_redundant/log_2_2026-7-24-16-17-52.ulg,ulog,,log_2,2026-07-24 16:17:52,,1784877472.0,,,0,,18.59,,,,,,,,,,,,,,,,,
data_20260724_162035.csv,raw/2026-07-24/loadcell/data_20260724_162035.csv,loadcell,standard,,2026-07-24 16:20:35,2026-07-24 16:21:27,1784877635.0,1784877687.4,52.4,2621,50.02,0.18,gui_pwm_unused;gui_rpm_unused;gui_current_unused,,,,,,,,,,,12.0533,-12.0533,0.5517,-0.13569,0.10931,1
thrust_map_1784877654.csv,raw/2026-07-24/pwm/thrust_map_1784877654.csv,pwm_map,,,2026-07-24 16:20:57,2026-07-24 16:21:07,1784877657.8380322,1784877667.7848153,9.9,200,20.11,0.02,,1,1,1700.0,1700.0,1700.0,1700.0,11.818,12.609,0.0,26.7,,,,,,
data_20260724_162510.csv,raw/2026-07-24/loadcell/data_20260724_162510.csv,loadcell,standard,,2026-07-24 16:25:10,2026-07-24 16:25:37,1784877910.0,1784877937.78,27.8,1390,50.04,0.1,gui_pwm_unused;gui_rpm_unused;gui_current_unused,,,,,,,,,,,15.4795,-15.4795,0.4685,-0.06293,0.08807,1
thrust_map_1784877916.csv,raw/2026-07-24/pwm/thrust_map_1784877916.csv,pwm_map,,,2026-07-24 16:25:19,2026-07-24 16:25:29,1784877919.883821,1784877929.8286865,9.9,199,20.01,0.02,,1,1,1800.0,1800.0,1800.0,1800.0,11.571,12.575,0.0,29.65,,,,,,
data_20260724_163010.csv,raw/2026-07-24/loadcell/data_20260724_163010.csv,loadcell,standard,,2026-07-24 16:30:10,2026-07-24 16:31:33,1784878210.0,1784878293.18,83.2,4160,50.01,0.3,gui_pwm_unused;gui_rpm_unused;gui_current_unused,,,,,,,,,,,17.4381,-17.4381,0.2319,-0.08551,0.06549,1
thrust_map_1784878217.csv,raw/2026-07-24/pwm/thrust_map_1784878217.csv,pwm_map,,,2026-07-24 16:30:20,2026-07-24 16:31:20,1784878220.9931636,1784878280.9042194,59.9,1199,20.01,0.13,,1,1,1850.0,1850.0,1850.0,1850.0,11.156,12.488,0.0,32.82,,,,,,
data_20260724_163801.csv,raw/2026-07-24/loadcell/data_20260724_163801.csv,loadcell,standard,,2026-07-24 16:38:01,2026-07-24 16:39:21,1784878681.0,1784878761.76,80.8,4039,50.01,0.29,gui_pwm_unused;gui_rpm_unused;gui_current_unused,,,,,,,,,,,16.2687,-16.2687,0.3203,-0.04833,0.05567,1
thrust_map_1784878684.csv,raw/2026-07-24/pwm/thrust_map_1784878684.csv,pwm_map,,,2026-07-24 16:38:08,2026-07-24 16:39:07,1784878688.0036652,1784878747.958088,60.0,1200,20.02,0.13,,1,1,1850.0,1850.0,1850.0,1850.0,10.954,12.208,0.0,34.1,,,,,,
data_20260724_164144.csv,raw/2026-07-24/loadcell/data_20260724_164144.csv,loadcell,standard,,2026-07-24 16:41:44,2026-07-24 16:43:11,1784878904.0,1784878991.22,87.2,4362,50.01,0.32,gui_pwm_unused;gui_current_unused,,,,,,,,,,,15.699,-15.699,0.427,-0.05829,0.05871,1
thrust_map_1784878910.csv,raw/2026-07-24/pwm/thrust_map_1784878910.csv,pwm_map,,,2026-07-24 16:41:54,2026-07-24 16:42:53,1784878914.0011733,1784878973.9567327,60.0,1200,20.01,0.13,,1,1,1850.0,1850.0,1850.0,1850.0,10.82,11.884,0.0,35.92,,,,,,
data_20260724_164424.csv,raw/2026-07-24/loadcell/data_20260724_164424.csv,loadcell,standard,,2026-07-24 16:44:24,2026-07-24 16:45:44,1784879064.0,1784879144.72,80.7,4037,50.01,0.3,gui_pwm_unused;gui_current_unused,,,,,,,,,,,15.543,-15.543,0.374,-0.08729,0.04871,1
thrust_map_1784879069.csv,raw/2026-07-24/pwm/thrust_map_1784879069.csv,pwm_map,,,2026-07-24 16:44:32,2026-07-24 16:45:32,1784879072.9438078,1784879132.8855805,59.9,1200,20.02,0.13,,1,1,1850.0,1850.0,1850.0,1850.0,10.644,11.652,0.0,35.14,,,,,,
thrust_map_1784879247.csv,raw/2026-07-24/pwm/thrust_map_1784879247.csv,pwm_map,,,2026-07-24 16:47:30,2026-07-24 16:48:30,1784879250.9820373,1784879310.9387794,60.0,1200,20.01,0.13,,1,1,1850.0,1850.0,1850.0,1850.0,10.586,11.499,0.0,34.78,,,,,,
data_20260724_165727.csv,raw/2026-07-24/loadcell/data_20260724_165727.csv,loadcell,standard,,2026-07-24 16:57:27,2026-07-24 16:58:45,1784879847.0,1784879925.06,78.1,3904,50.01,0.29,gui_pwm_unused;gui_current_unused,,,,,,,,,,,14.9554,-14.9554,0.2846,-0.06248,0.06552,1
thrust_map_1784879853.csv,raw/2026-07-24/pwm/thrust_map_1784879853.csv,pwm_map,,,2026-07-24 16:57:36,2026-07-24 16:58:36,1784879856.9854827,1784879916.9389384,60.0,1200,20.02,0.13,,1,1,1850.0,1850.0,1850.0,1850.0,10.504,11.398,0.0,32.05,,,,,,
data_20260724_170153.csv,raw/2026-07-24/loadcell/data_20260724_170153.csv,loadcell,standard,,2026-07-24 17:01:53,2026-07-24 17:03:09,1784880113.0,1784880189.3,76.3,3816,50.01,0.28,gui_pwm_unused;gui_current_unused,,,,,,,,,,,14.7324,-14.7324,0.5706,-0.13548,0.05252,1
thrust_map_1784880116.csv,raw/2026-07-24/pwm/thrust_map_1784880116.csv,pwm_map,,,2026-07-24 17:01:59,2026-07-24 17:02:59,1784880119.9867396,1784880179.9419727,60.0,1200,20.01,0.13,,1,1,1850.0,1850.0,1850.0,1850.0,10.396,11.301,0.0,30.9,,,,,,
data_20260724_170931.csv,raw/2026-07-24/loadcell/data_20260724_170931.csv,loadcell,standard,,2026-07-24 17:09:31,2026-07-24 17:10:53,1784880571.0,1784880653.18,82.2,4110,50.01,0.3,gui_pwm_unused;gui_rpm_unused;gui_current_unused,,,,,,,,,,,15.004,-15.004,0.313,-0.13713,0.06987,1
thrust_map_1784880580.csv,raw/2026-07-24/pwm/thrust_map_1784880580.csv,pwm_map,,,2026-07-24 17:09:43,2026-07-24 17:10:43,1784880583.9895022,1784880643.944317,60.0,1200,20.02,0.13,,1,1,1850.0,1850.0,1850.0,1850.0,10.346,11.252,0.0,30.12,,,,,,
log_3_2026-7-24-17-11-46.ulg,raw/2026-07-24/ulog/log_3_2026-7-24-17-11-46.ulg,ulog,,log_3,2026-07-24 17:11:46,,1784880706.0,,,0,,119.69,,,,,,,,,,,,,,,,,
log_4_2026-7-24-17-12-18.ulg,raw/2026-07-24/ulog/_redundant/log_4_2026-7-24-17-12-18.ulg,ulog,,log_4,2026-07-24 17:12:18,,1784880738.0,,,0,,1.21,,,,,,,,,,,,,,,,,
