t_ms,pwm,rpm,Fx,Fy,Fz,Tx,Ty,Tz,Current_mA,ADC_Current_mA
723940,1000,0.0,-0.3611,0.0420,0.1785,-0.00129,-0.02586,-0.00093,0.0,
723960,1000,0.0,-0.2291,0.3140,0.1025,-0.03229,-0.01686,0.00607,0.0,
723980,1000,0.0,-0.0791,0.2350,0.1265,-0.02929,-0.00786,0.00907,0.0,
724000,1000,0.0,0.5789,-0.1850,0.1135,0.00971,0.03914,0.00307,0.0,
724020,1000,0.0,0.0959,-0.1040,0.0615,0.01271,0.00314,0.00007,0.0,
724040,1000,0.0,0.2699,0.0490,0.1715,0.00071,0.01814,-0.00093,0.0,
724060,1000,0.0,-0.1251,-0.0300,0.1365,0.00571,-0.01086,-0.00193,0.0,
724080,1000,0.0,0.1839,-0.0320,0.0865,-0.00229,0.01514,0.00107,0.0,
724100,1000,0.0,-0.4181,-0.1420,0.1215,0.01871,-0.03586,-0.00693,0.0,
724120,1000,0.0,-0.1471,-0.0250,0.1275,-0.00129,-0.01286,-0.00093,0.0,
724140,1000,0.0,-0.0371,0.0760,0.2845,0.00071,-0.01486,-0.00193,0.0,
724160,1000,0.0,0.2049,0.1180,0.0225,-0.01329,0.01314,0.00407,0.0,
724180,1000,0.0,0.4209,-0.1020,0.2875,0.00671,0.03014,0.00107,0.0,
724200,1000,0.0,-0.0131,0.0790,0.0885,-0.00829,-0.00186,0.00307,0.0,
724220,1000,0.0,0.4159,0.0120,0.2045,-0.00829,0.03014,0.00507,0.0,
724240,1000,0.0,0.0879,-0.1120,0.1945,0.01671,0.00014,-0.00093,0.0,
724260,1000,0.0,-0.4191,0.1660,0.0655,-0.01029,-0.03286,0.00107,0.0,
724280,1000,0.0,-0.1651,0.0210,0.2075,-0.00229,-0.01886,0.00107,0.0,
724300,1000,0.0,0.1139,-0.0240,0.1675,0.00071,0.00414,0.00207,0.0,
724320,1000,0.0,-0.2181,0.0490,0.2055,-0.00429,-0.01486,0.00007,0.0,
724340,1000,0.0,0.1239,0.1170,0.0845,-0.00729,0.00414,-0.00093,0.0,
724360,1000,0.0,-0.0081,-0.0520,0.1955,0.00971,-0.00586,-0.00093,0.0,
724380,1000,0.0,-0.5401,0.0040,0.1295,0.00471,-0.03986,-0.00293,0.0,
724400,1000,0.0,-0.3171,0.1870,0.1855,-0.01329,-0.02586,0.00007,0.0,
724420,1000,0.0,0.3869,-0.1960,0.2095,0.01771,0.02614,-0.00093,0.0,
724440,1000,0.0,-0.0571,0.1250,0.2475,-0.01329,-0.00786,0.00007,0.0,
724460,1000,0.0,0.6619,-0.2050,0.2565,0.01471,0.05114,-0.00093,0.0,
724480,1000,0.0,0.6159,-0.2090,0.3455,0.01271,0.04514,0.00007,0.0,
724500,1000,0.0,0.7309,-0.1170,0.2465,0.00271,0.06114,0.00407,0.0,
724520,1000,0.0,0.1489,-0.1410,0.0315,0.02171,0.00414,-0.00593,0.0,
724540,1000,0.0,-0.5591,0.1730,0.1365,-0.01129,-0.04386,-0.00093,0.0,
724560,1000,0.0,-0.5641,0.2110,0.0485,-0.02029,-0.04186,0.00007,0.0,
724580,1000,0.0,0.5009,-0.1000,0.2315,0.00171,0.03814,0.00307,0.0,
724600,1000,0.0,-0.4161,-0.0400,0.1045,0.00771,-0.03186,-0.00493,0.0,
724620,1000,0.0,0.1139,0.0630,0.1115,-0.00329,0.00014,-0.00193,0.0,
724640,1000,0.0,0.3999,-0.2390,0.2095,0.01971,0.02614,-0.00393,0.0,
724660,1000,0.0,-0.5751,-0.0240,0.1555,0.01371,-0.05086,-0.00893,0.0,
724680,1000,0.0,-0.6571,0.2030,0.0935,-0.01429,-0.05486,-0.00093,0.0,
724700,1000,0.0,-0.3671,0.0450,0.1435,-0.00029,-0.03186,-0.00493,0.0,
724720,1000,0.0,-0.0901,0.0830,0.1345,-0.00429,-0.00886,0.00007,0.0,
724740,1000,0.0,-0.6001,0.2570,0.0175,-0.01829,-0.05186,0.00307,0.0,
724760,1000,0.0,0.2029,0.1700,0.0415,-0.02329,0.01214,0.00507,0.0,
724780,1000,0.0,0.3639,-0.0290,0.2745,-0.00129,0.02614,0.00407,0.0,
724800,1000,0.0,-0.0641,-0.1060,0.1135,0.00971,-0.00286,-0.00493,0.0,
724820,1000,0.0,-0.1861,0.1620,0.1055,-0.01129,-0.01986,0.00207,0.0,
724840,1000,0.0,0.2359,0.0000,0.0815,0.00671,0.01314,-0.00193,0.0,
724860,1000,0.0,0.2989,-0.0400,0.0575,0.00171,0.02014,0.00007,0.0,
724880,1000,0.0,0.6769,-0.2290,0.2255,0.01571,0.04914,0.00007,0.0,
724900,1000,0.0,0.3499,-0.2140,0.3145,0.01571,0.02214,-0.00293,0.0,
724920,1000,0.0,-0.3611,0.0690,0.0925,-0.00729,-0.02586,-0.00193,0.0,
724940,1000,0.0,0.1269,0.1440,-0.0335,-0.01329,0.00714,0.00207,0.0,
724960,1000,0.0,-0.2831,0.3650,-0.0495,-0.03229,-0.02586,0.00707,0.0,
724980,1000,0.0,0.6369,-0.2830,0.2235,0.01871,0.05514,0.00007,0.0,
725000,1000,0.0,0.2779,-0.0100,0.2495,0.00471,0.01514,-0.00093,0.0,
725020,1000,0.0,-0.0241,-0.1360,0.1615,0.00971,-0.00686,-0.00193,0.0,
725040,1000,0.0,0.2259,0.1510,0.1485,-0.00229,0.00614,-0.00193,0.0,
725060,1000,0.0,-0.3611,0.3450,0.0095,-0.03429,-0.02186,0.00607,0.0,
725080,1000,0.0,0.2629,-0.0430,0.2105,0.01171,0.01714,-0.00493,0.0,
725100,1000,0.0,0.3209,0.1470,0.0315,-0.01929,0.02514,0.00407,0.0,
725120,1000,0.0,0.1269,-0.0290,0.0565,0.00371,0.01014,-0.00293,0.0,
725140,1000,0.0,0.0889,-0.0480,0.1715,0.00871,-0.00286,-0.00093,0.0,
725160,1000,0.0,-0.1151,-0.0340,0.0915,-0.00329,-0.00386,-0.00293,0.0,
725180,1000,0.0,0.0599,0.0810,0.1435,-0.00129,0.00614,-0.00193,0.0,
725200,1000,0.0,0.0319,0.2500,0.2545,-0.02129,-0.00486,0.00207,0.0,
725220,1000,0.0,0.3199,-0.1840,0.2415,0.01771,0.02314,-0.00493,0.0,
725240,1000,0.0,0.3399,-0.2470,0.2985,0.02071,0.02514,-0.00093,0.0,
725260,1000,0.0,0.2909,-0.0880,0.3565,0.01671,0.00914,-0.00593,0.0,
725280,1000,0.0,0.2269,0.0320,0.1135,-0.00929,0.02314,0.00207,0.0,
725300,1000,0.0,-0.4021,0.2090,0.1005,-0.00629,-0.04086,-0.00193,0.0,
725320,1000,0.0,0.1629,0.0190,0.1555,0.00071,0.00814,-0.00293,0.0,
725340,1000,0.0,-0.1351,0.1800,0.0375,-0.01929,-0.01086,0.00207,0.0,
725360,1000,0.0,0.0739,-0.0790,0.1925,0.00271,0.01514,0.00207,0.0,
725380,1000,0.0,0.1869,-0.0020,0.2045,0.00471,0.00514,0.00007,0.0,
725400,1000,0.0,-0.1631,0.0480,0.0165,-0.00629,-0.00786,-0.00093,0.0,
725420,1000,0.0,0.2019,-0.0350,0.1475,0.00771,0.01414,-0.00093,0.0,
725440,1000,0.0,0.1399,-0.0080,0.2185,-0.00829,0.00714,0.00107,0.0,
725460,1000,0.0,-0.0411,0.0410,0.1145,-0.00529,-0.00586,0.00107,0.0,
725480,1000,0.0,-0.0261,0.0320,0.3015,-0.00129,0.00014,0.00007,0.0,
725500,1000,0.0,-0.0111,0.2240,0.1235,-0.02129,-0.00386,0.00407,0.0,
725520,1000,0.0,0.1319,-0.0800,0.3315,0.01071,0.00314,-0.00393,0.0,
725540,1000,0.0,0.0529,0.1170,0.1075,-0.00729,0.00114,0.00107,0.0,
725560,1000,0.0,-0.2231,-0.0350,0.0575,-0.00229,-0.01286,-0.00093,0.0,
725580,1000,0.0,0.1919,0.1320,0.1025,-0.01229,0.01214,0.00507,0.0,
725600,1000,0.0,0.0619,0.0330,0.2635,-0.00229,0.00114,0.00007,0.0,
725620,1000,0.0,0.0939,0.0990,0.1655,-0.00529,-0.00086,0.00007,0.0,
725640,1000,0.0,-0.1041,0.1340,0.2075,-0.00629,-0.01286,-0.00093,0.0,
725660,1000,0.0,0.1319,0.0600,0.0545,-0.00629,0.01114,0.00207,0.0,
725680,1000,0.0,-0.0671,0.0240,0.1435,-0.00529,0.00014,-0.00093,0.0,
725700,1000,0.0,0.1549,0.0650,0.1025,-0.00729,0.00714,0.00307,0.0,
725720,1000,0.0,0.1609,-0.0280,0.1255,0.00971,0.01214,0.00107,0.0,
725740,1000,0.0,0.1929,-0.1290,0.1665,0.01071,0.01214,0.00007,0.0,
725760,1000,0.0,-0.3171,0.1490,0.0295,-0.01329,-0.02586,0.00307,0.0,
725780,1000,0.0,-0.0471,0.1570,0.0185,-0.00829,-0.00686,0.00107,0.0,
725800,1000,0.0,0.0369,0.2410,0.0265,-0.01729,-0.00686,0.00407,0.0,
725820,1000,0.0,0.0059,0.0410,0.0665,-0.00929,-0.00386,0.00407,0.0,
725840,1000,0.0,0.0819,-0.3250,0.1535,0.02271,0.01414,-0.00293,0.0,
725860,1000,0.0,0.2179,0.1280,0.0775,-0.00829,0.01514,0.00307,0.0,
725880,1000,0.0,0.0189,0.0670,0.1915,-0.00029,-0.00186,-0.00293,0.0,
725900,1000,0.0,0.1589,0.0920,0.2535,-0.01029,0.01014,0.00207,0.0,
725920,1000,0.0,0.0259,0.3250,0.1655,-0.02029,-0.00486,0.00407,0.0,
725940,1000,0.0,0.4079,-0.1130,0.1365,0.01371,0.02714,-0.00293,0.0,
725960,1000,0.0,0.3199,-0.1210,0.2585,0.01171,0.02514,-0.00293,0.0,
725980,1000,0.0,-0.2851,-0.0140,0.0715,0.00871,-0.02386,-0.00493,0.0,
726000,1000,0.0,-0.1271,0.1860,0.1575,-0.01429,-0.01586,-0.00093,0.0,
726020,1000,0.0,0.0289,-0.1020,0.1645,0.01271,0.00814,-0.00293,0.0,
726040,1000,0.0,0.4779,-0.1810,0.1125,0.01271,0.03814,0.00107,0.0,
726060,1000,0.0,0.3639,-0.0420,0.1125,0.00371,0.02614,-0.00193,0.0,
726080,1000,0.0,0.1499,-0.1220,0.0695,0.00171,0.01514,0.00007,0.0,
726100,1000,0.0,0.1749,0.0420,0.2375,0.00171,0.00914,-0.00293,0.0,
726120,1000,0.0,0.1519,-0.0830,0.2395,0.00271,0.00814,0.00107,0.0,
726140,1000,0.0,0.0089,-0.2120,0.0795,0.01771,0.00314,-0.00293,0.0,
726160,1000,0.0,0.1589,0.0470,0.0945,-0.00429,0.00914,0.00307,0.0,
726180,1000,0.0,0.1659,0.0650,0.1375,-0.00329,0.00314,0.00207,0.0,
726200,1000,0.0,0.1389,0.1270,0.0905,-0.01129,0.01114,0.00307,0.0,
726220,1000,0.0,0.0549,0.0420,0.1635,-0.00629,0.00214,0.00207,0.0,
726240,1000,0.0,0.0889,0.0340,0.1865,-0.00029,0.00314,-0.00193,0.0,
726260,1000,0.0,0.0799,-0.1320,0.0095,0.00971,0.00314,-0.00293,0.0,
726280,1000,0.0,-0.1041,0.0800,0.1445,-0.01029,-0.00786,0.00107,0.0,
726300,1000,0.0,0.0119,-0.0450,0.0505,0.00971,-0.00886,-0.00393,0.0,
726320,1000,0.0,0.0099,0.2560,0.1705,-0.01829,-0.00286,0.00407,0.0,
726340,1000,0.0,-0.2651,0.0290,0.1755,-0.00629,-0.01886,0.00007,0.0,
726360,1000,0.0,0.1439,-0.0130,0.3345,0.00471,0.00314,0.00107,0.0,
726380,1000,0.0,-0.1151,0.0620,0.1555,-0.00129,-0.00986,-0.00293,0.0,
726400,1000,0.0,0.4029,0.0390,0.1745,0.00671,0.02314,-0.00393,0.0,
726420,1000,0.0,-0.2761,0.0860,0.1435,-0.01029,-0.02086,0.00107,0.0,
726440,1000,0.0,0.1999,-0.0810,0.2115,0.00471,0.01614,-0.00193,0.0,
726460,1000,0.0,0.1449,0.1810,0.0505,-0.00829,0.00514,0.00007,0.0,
726480,1000,0.0,-0.2881,0.1730,0.2625,-0.01229,-0.02686,0.00107,0.0,
726500,1000,0.0,0.0119,-0.0960,0.2675,0.00871,-0.00286,0.00107,0.0,
726520,1000,0.0,0.1899,-0.0890,0.1185,0.00871,0.01414,-0.00193,0.0,
726540,1000,0.0,-0.3621,0.1760,0.1025,-0.01329,-0.03086,0.00107,0.0,
726560,1000,0.0,0.2919,0.0750,0.1945,-0.00629,0.01814,0.00407,0.0,
726580,1000,0.0,-0.2991,0.2180,-0.0175,-0.01529,-0.02986,0.00007,0.0,
726600,1000,0.0,0.1159,-0.1400,0.0675,0.00471,0.01414,-0.00293,0.0,
726620,1000,0.0,0.0409,0.0270,0.2135,0.00671,-0.00086,-0.00193,0.0,
726640,1000,0.0,-0.2301,0.2040,0.0475,-0.01929,-0.01886,0.00007,0.0,
726660,1000,0.0,0.1479,-0.0200,0.0325,-0.00029,0.01214,-0.00193,0.0,
726680,1000,0.0,0.2079,-0.0990,0.1795,0.01371,0.00714,-0.00493,0.0,
726700,1000,0.0,0.2049,-0.0830,0.0865,0.01271,0.01314,-0.00193,0.0,
726720,1000,0.0,0.2169,-0.0350,0.0745,0.00771,0.01114,-0.00193,0.0,
726740,1000,0.0,-0.2731,0.3630,0.1125,-0.03329,-0.02186,0.01007,0.0,
726760,1000,0.0,-0.0021,0.1530,0.1485,-0.02029,-0.00886,0.00307,0.0,
726780,1000,0.0,-0.2691,0.0990,0.1145,-0.00529,-0.02186,0.00107,0.0,
726800,1000,0.0,0.1019,-0.0510,0.1865,0.00471,0.00614,0.00207,0.0,
726820,1000,0.0,0.3619,-0.1240,0.2635,0.00971,0.03114,-0.00093,0.0,
726840,1000,0.0,-0.1171,0.0040,0.0415,-0.00429,-0.00786,0.00007,0.0,
726860,1000,0.0,0.0009,-0.0300,0.3355,0.00671,-0.00386,0.00007,0.0,
726880,1000,0.0,-0.0811,0.2000,0.1525,-0.01729,-0.01286,0.00407,0.0,
726900,1000,0.0,0.2009,0.0770,0.0605,-0.00629,0.01714,0.00007,0.0,
726920,1000,0.0,-0.2931,0.1850,0.1305,-0.01129,-0.02486,0.00007,0.0,
726940,1000,0.0,-0.1061,0.1070,0.1735,-0.00729,-0.01386,0.00207,0.0,
726960,1000,0.0,0.3419,-0.1150,0.2675,0.01771,0.01514,-0.00493,0.0,
726980,1000,0.0,0.0519,0.0700,0.1115,-0.00229,-0.00186,0.00007,0.0,
727000,1000,0.0,0.0039,-0.1700,0.2285,0.01071,0.00714,-0.00093,0.0,
727020,1000,0.0,0.0909,-0.0700,0.1355,0.01071,0.00414,-0.00093,0.0,
727040,1000,0.0,0.0999,-0.0010,0.1005,0.00271,0.00414,0.00307,0.0,
727060,1000,0.0,-0.1501,-0.0640,0.0985,0.00571,-0.00986,-0.00193,0.0,
727080,1000,0.0,0.1349,0.1610,0.1335,-0.00729,0.00314,0.00007,0.0,
727100,1000,0.0,0.1189,-0.0370,0.0865,0.00471,0.01314,-0.00093,0.0,
727120,1000,0.0,0.0929,0.0710,0.1965,-0.00229,-0.00186,0.00207,0.0,
727140,1000,0.0,0.1999,-0.1640,0.0775,0.01471,0.01514,-0.00093,0.0,
727160,1000,0.0,-0.2551,0.0570,0.0835,-0.00629,-0.01886,0.00007,0.0,
727180,1000,0.0,0.2499,-0.1220,0.2185,0.00771,0.01914,0.00007,0.0,
727200,1000,0.0,-0.1331,0.0940,0.1115,-0.01229,-0.01086,0.00407,0.0,
727220,1000,0.0,-0.1661,0.2520,0.0695,-0.02029,-0.01486,0.00407,0.0,
727240,1000,0.0,0.0659,0.1110,0.2295,-0.00529,0.00114,-0.00193,0.0,
727260,1000,0.0,0.3019,-0.0840,0.2675,0.01171,0.01914,0.00307,0.0,
727280,1000,0.0,-0.0991,0.1010,0.0095,-0.01429,-0.00886,0.00107,0.0,
727300,1000,0.0,0.0709,-0.0420,0.2195,-0.00029,0.00214,-0.00093,0.0,
727320,1000,0.0,0.2619,-0.0560,0.1025,0.00671,0.01514,-0.00293,0.0,
727340,1000,0.0,-0.0181,-0.0560,0.2865,0.00271,-0.00586,0.00007,0.0,
727360,1000,0.0,0.6009,0.0030,0.0845,0.00271,0.04214,0.00307,0.0,
727380,1000,0.0,0.5699,-0.0400,0.1535,-0.00229,0.04314,0.00607,0.0,
727400,1000,0.0,0.0969,-0.1980,0.1915,0.02871,-0.00086,-0.00893,0.0,
727420,1000,0.0,0.1369,-0.1640,0.0645,0.02171,0.00414,-0.00593,0.0,
727440,1000,0.0,-0.3371,0.0840,0.2325,-0.00829,-0.02886,0.00307,0.0,
727460,1000,0.0,0.3259,-0.0440,0.1685,-0.00229,0.02914,0.00407,0.0,
727480,1000,0.0,-0.3001,0.2110,0.1485,-0.02229,-0.02386,0.00307,0.0,
727500,1000,0.0,0.0589,0.0310,0.1955,0.00271,-0.00186,0.00107,0.0,
727520,1000,0.0,-0.0781,0.0200,0.2835,-0.00729,-0.00386,0.00007,0.0,
727540,1000,0.0,-0.2741,-0.0230,0.1985,0.00371,-0.02286,-0.00293,0.0,
727560,1000,0.0,0.2239,0.0320,0.0115,-0.00629,0.01814,0.00107,0.0,
727580,1000,0.0,0.0749,0.0930,0.1805,-0.00729,0.00514,0.00307,0.0,
727600,1000,0.0,0.1339,-0.0370,0.2935,0.00171,0.00714,0.00407,0.0,
727620,1000,0.0,0.0479,-0.0210,0.1815,0.00371,-0.00586,-0.00493,0.0,
727640,1000,0.0,0.2989,-0.2930,0.2835,0.02271,0.02414,-0.00493,0.0,
727660,1000,0.0,0.2429,-0.0590,0.3175,0.00271,0.01914,-0.00093,0.0,
727680,1000,0.0,-0.2481,0.0690,0.0725,0.00071,-0.02486,-0.00293,0.0,
727700,1000,0.0,-0.4961,0.2490,0.1015,-0.02029,-0.03886,0.00207,0.0,
727720,1000,0.0,-0.5731,0.1840,0.0305,-0.00829,-0.04486,-0.00193,0.0,
727740,1000,0.0,-0.4221,-0.0110,0.1605,0.00671,-0.03486,-0.00293,0.0,
727760,1000,0.0,-0.5241,0.2220,-0.0195,-0.01129,-0.04286,-0.00093,0.0,
727780,1000,0.0,-0.4051,0.2580,0.1765,-0.02829,-0.03086,0.00507,0.0,
727800,1000,0.0,0.5819,-0.0840,0.2435,-0.00129,0.04314,0.00607,0.0,
727820,1000,0.0,0.1129,-0.0160,0.1645,0.00071,0.00814,-0.00193,0.0,
727840,1000,0.0,0.0609,0.0080,0.1935,-0.00029,0.00614,-0.00193,0.0,
727860,1000,0.0,0.0179,0.1630,0.0255,-0.01429,-0.00186,0.00307,0.0,
727880,1000,0.0,0.2089,-0.2000,0.1095,0.01671,0.01614,-0.00293,0.0,
727900,1000,0.0,-0.0861,0.2520,0.2275,-0.01829,-0.00686,0.00407,0.0,
727920,1000,0.0,0.4869,-0.0980,0.0185,0.00871,0.03414,0.00007,0.0,
727940,1000,0.0,-0.0191,-0.2230,0.2835,0.01771,-0.00186,-0.00393,0.0,
727960,1000,0.0,-0.1521,0.0190,0.2575,0.00371,-0.01286,-0.00193,0.0,
727980,1000,0.0,-0.0341,0.1810,0.1045,-0.01429,-0.01086,0.00307,0.0,
728000,1000,0.0,0.0479,0.1410,0.1895,-0.00729,-0.00186,-0.00093,0.0,
728020,1000,0.0,0.0029,0.1660,-0.0015,-0.01129,-0.00186,0.00207,0.0,
728040,1000,0.0,-0.0981,-0.0180,0.0555,-0.00129,-0.00586,0.00207,0.0,
728060,1000,0.0,-0.1161,0.0220,0.1435,-0.00129,-0.00886,0.00107,0.0,
728080,1000,0.0,0.1949,0.1820,0.0645,-0.01329,0.01714,0.00407,0.0,
728100,1000,0.0,-0.1381,0.0880,0.2455,-0.00829,-0.01686,0.00207,0.0,
728120,1000,0.0,-0.1541,0.2350,0.0425,-0.01429,-0.02086,0.00207,0.0,
728140,1000,0.0,-0.0331,0.2190,0.1465,-0.01629,-0.00286,0.00307,0.0,
728160,1000,0.0,-0.1501,0.1930,0.1195,-0.01629,-0.01486,0.00407,0.0,
728180,1000,0.0,-0.2191,0.0730,0.2845,-0.00529,-0.02086,0.00007,0.0,
728200,1000,0.0,0.2089,0.2110,0.2765,-0.02229,0.01514,0.00707,0.0,
728220,1000,0.0,0.1729,0.0150,0.1335,-0.00229,0.01114,0.00207,0.0,
728240,1000,0.0,-0.0001,0.0350,0.1915,-0.00129,0.00414,0.00107,0.0,
728260,1000,0.0,-0.1741,0.1800,0.1345,-0.02029,-0.01386,0.00507,0.0,
728280,1000,0.0,-0.0281,0.1460,0.1855,-0.00829,-0.00786,-0.00093,0.0,
728300,1000,0.0,-0.0931,0.1400,0.1105,-0.00929,-0.01186,-0.00193,0.0,
728320,1000,0.0,0.1159,0.1110,0.0925,-0.01029,0.00214,0.00207,0.0,
728340,1000,0.0,-0.1581,0.0810,0.0985,-0.00629,-0.00686,0.00007,0.0,
728360,1000,0.0,0.3119,-0.1490,0.1815,0.01571,0.02314,-0.00293,0.0,
728380,1000,0.0,-0.1861,0.1700,0.0365,-0.01229,-0.01786,0.00007,0.0,
728400,1000,0.0,-0.0581,-0.0880,0.1615,0.01171,-0.00686,-0.00593,0.0,
728420,1000,0.0,0.0159,-0.1030,0.1405,0.00871,0.00314,-0.00193,0.0,
728440,1000,0.0,-0.0881,-0.0530,0.1725,0.00071,-0.01086,0.00207,0.0,
728460,1000,0.0,-0.2361,0.1220,0.0565,-0.00929,-0.01586,0.00207,0.0,
728480,1000,0.0,-0.2561,0.1540,0.0895,-0.01129,-0.02386,0.00007,0.0,
728500,1000,0.0,0.0749,0.2340,0.1265,-0.01829,0.00214,0.00307,0.0,
728520,1000,0.0,0.2389,0.0450,0.2525,-0.00229,0.01714,0.00207,0.0,
728540,1000,0.0,-0.0711,0.2890,0.1105,-0.02129,-0.00886,0.00207,0.0,
728560,1000,0.0,-0.0001,0.0370,0.1755,-0.00129,-0.00186,-0.00093,0.0,
728580,1000,0.0,0.0929,0.0250,0.1015,0.00071,0.01214,-0.00193,0.0,
728600,1000,0.0,0.1659,0.0500,0.2875,-0.00529,0.01414,0.00007,0.0,
728620,1000,0.0,-0.0601,0.0430,0.2055,-0.00029,-0.00686,0.00107,0.0,
728640,1000,0.0,0.2799,-0.0830,0.1585,0.00871,0.01414,-0.00193,0.0,
728660,1000,0.0,-0.6501,0.3470,0.1635,-0.03029,-0.05386,0.00207,0.0,
728680,1000,0.0,-0.0111,0.2990,0.2025,-0.03929,0.00214,0.00807,0.0,
728700,1000,0.0,-0.1981,0.1640,0.1005,-0.00829,-0.02186,-0.00093,0.0,
728720,1000,0.0,0.5209,-0.1200,0.2865,0.00571,0.04214,0.00107,0.0,
728740,1000,0.0,0.5829,-0.1860,0.1695,0.01771,0.03914,-0.00193,0.0,
728760,1000,0.0,-0.1101,0.0030,0.0755,-0.00229,-0.00986,0.00207,0.0,
728780,1000,0.0,0.0439,0.0410,0.0805,-0.00329,0.00314,0.00107,0.0,
728800,1000,0.0,-0.1901,0.0770,-0.0675,-0.00329,-0.01886,-0.00193,0.0,
728820,1000,0.0,0.3039,0.0000,0.2035,-0.00229,0.02614,-0.00193,0.0,
728840,1000,0.0,-0.0431,0.1330,0.1955,-0.01129,-0.00386,0.00107,0.0,
728860,1000,0.0,-0.1651,0.2980,0.1305,-0.02029,-0.01586,0.00107,0.0,
728880,1000,0.0,0.4529,-0.0740,0.2555,0.00471,0.03514,0.00007,0.0,
728900,1000,0.0,-0.0661,0.0500,0.1045,-0.00429,-0.00386,-0.00093,0.0,
728920,1000,0.0,0.0549,0.2670,0.2065,-0.02529,-0.00386,0.00407,0.0,
728940,1000,0.0,-0.1131,0.0340,0.0975,-0.00329,-0.00986,0.00507,0.0,
728960,1000,0.0,0.0579,-0.0070,0.0495,-0.00029,0.00114,0.00007,0.0,
728980,1000,0.0,0.1749,-0.0180,0.2635,0.00571,0.00814,-0.00093,0.0,
729000,1000,0.0,-0.3431,-0.1500,0.2815,0.01471,-0.02486,-0.00393,0.0,
729020,1000,0.0,0.4859,-0.1480,0.3605,0.01271,0.03414,0.00007,0.0,
729040,1000,0.0,0.1169,0.1420,0.1595,-0.01729,0.01214,0.00007,0.0,
729060,1000,0.0,-0.0541,0.2890,0.1465,-0.02429,-0.00886,0.00307,0.0,
729080,1000,0.0,-0.2481,0.1200,0.1975,-0.00629,-0.02286,0.00007,0.0,
729100,1000,0.0,-0.2101,-0.0720,0.1715,0.00171,-0.01186,0.00207,0.0,
729120,1000,0.0,0.1109,0.0900,0.1025,-0.00629,0.01014,0.00207,0.0,
729140,1000,0.0,-0.0241,0.1280,0.1135,-0.01229,-0.00986,0.00207,0.0,
729160,1000,0.0,0.0599,0.0980,0.0865,-0.00629,-0.00086,0.00107,0.0,
729180,1000,0.0,-0.4171,0.0670,0.2005,-0.00529,-0.03286,-0.00393,0.0,
729200,1000,0.0,0.0889,-0.0110,0.2235,0.00171,0.00314,-0.00093,0.0,
729220,1000,0.0,-0.2951,0.1450,0.0915,-0.01529,-0.02686,0.00307,0.0,
729240,1000,0.0,-0.1691,0.1500,0.1535,-0.01329,-0.01186,0.00107,0.0,
729260,1000,0.0,0.6039,-0.1480,0.2155,0.01471,0.04614,-0.00193,0.0,
729280,1000,0.0,0.0139,0.0680,0.1905,-0.00629,-0.00086,0.00007,0.0,
729300,1000,0.0,0.5349,-0.1550,0.3485,0.00771,0.04114,0.00007,0.0,
729320,1000,0.0,-0.3511,-0.0910,0.0615,0.01671,-0.03086,-0.00493,0.0,
729340,1000,0.0,0.0329,0.1110,0.2415,-0.00829,-0.00286,0.00207,0.0,
729360,1000,0.0,0.1799,0.0300,0.1615,-0.00829,0.01214,0.00407,0.0,
729380,1000,0.0,0.1259,0.0050,0.0735,0.00471,0.00714,-0.00093,0.0,
729400,1000,0.0,0.3189,0.0600,0.1635,-0.01029,0.02114,0.00307,0.0,
729420,1000,0.0,0.2009,-0.0660,0.1185,0.01171,0.01414,-0.00693,0.0,
729440,1000,0.0,0.1389,0.1880,0.0955,-0.01629,0.00514,0.00207,0.0,
729460,1000,0.0,-0.5041,0.3280,0.0555,-0.02329,-0.04386,0.00307,0.0,
729480,1000,0.0,0.4959,-0.1530,0.1625,0.01371,0.03514,-0.00193,0.0,
729500,1000,0.0,-0.4371,0.1630,0.1765,-0.01429,-0.03586,-0.00193,0.0,
729520,1000,0.0,0.0199,-0.1930,0.1545,0.02171,0.00114,-0.00493,0.0,
729540,1000,0.0,-0.6341,0.1740,0.1215,-0.01129,-0.04586,-0.00093,0.0,
729560,1000,0.0,-0.1291,-0.1500,0.1245,0.02371,-0.01586,-0.00993,0.0,
729580,1000,0.0,-0.5701,0.2140,-0.0125,-0.01229,-0.04486,-0.00193,0.0,
729600,1000,0.0,-0.3101,-0.0670,0.2235,0.01371,-0.02586,-0.00593,0.0,
729620,1000,0.0,0.4489,-0.1340,0.3915,0.01071,0.03314,-0.00193,0.0,
729640,1000,0.0,0.6099,-0.3310,0.2655,0.03471,0.04214,-0.00593,0.0,
729660,1000,0.0,0.5129,-0.1340,0.2215,0.00971,0.04014,0.00107,0.0,
729680,1000,0.0,-0.0811,0.0310,0.1585,-0.00129,-0.00686,-0.00293,0.0,
729700,1000,0.0,0.4219,-0.0090,0.2325,-0.00329,0.03214,0.00307,0.0,
729720,1000,0.0,-0.3331,0.1760,0.1215,-0.01229,-0.02786,0.00007,0.0,
729740,1000,0.0,0.6319,-0.1870,0.2465,0.01571,0.04214,0.00107,0.0,
729760,1000,0.0,0.0049,0.1040,0.1465,-0.01129,-0.00586,0.00307,0.0,
729780,1000,0.0,-0.1861,0.1360,0.1025,-0.00229,-0.02186,-0.00193,0.0,
729800,1000,0.0,-0.3821,0.0330,0.0395,0.00371,-0.02886,-0.00293,0.0,
729820,1000,0.0,0.0939,-0.0100,0.2145,0.00271,0.00814,0.00007,0.0,
729840,1000,0.0,-0.1441,0.0770,0.1525,-0.00629,-0.01186,0.00007,0.0,
729860,1000,0.0,0.4399,-0.1580,0.1305,0.01471,0.03614,0.00007,0.0,
729880,1000,0.0,0.0339,0.0460,0.2825,-0.00029,-0.00286,0.00107,0.0,
729900,1000,0.0,0.1549,-0.0050,0.1455,-0.00129,0.00914,-0.00093,0.0,
729920,1000,0.0,0.0979,-0.1370,0.2505,0.01471,0.00014,-0.00393,0.0,
729940,1000,0.0,-0.3941,-0.1190,0.1725,0.01471,-0.03186,-0.00493,0.0,
729960,1000,0.0,0.2339,0.1750,0.2405,-0.02129,0.01014,0.00907,0.0,
729980,1000,0.0,0.0989,0.1110,0.1265,-0.00729,0.00614,0.00007,0.0,
730000,1000,0.0,0.0439,0.1340,0.1935,-0.00829,-0.00086,0.00007,0.0,
730020,1000,0.0,-0.2911,0.1950,0.0225,-0.00729,-0.02586,-0.00093,0.0,
730040,1000,0.0,0.1269,0.0750,0.2195,-0.00929,0.00414,0.00307,0.0,
730060,1000,0.0,-0.3441,0.1720,0.1305,-0.00629,-0.03086,-0.00393,0.0,
730080,1000,0.0,0.0249,-0.0090,0.0315,-0.00029,0.00014,-0.00293,0.0,
730100,1000,0.0,-0.4811,0.0970,0.0335,-0.00629,-0.03586,-0.00093,0.0,
730120,1000,0.0,-0.5651,0.1550,-0.0815,-0.00729,-0.04486,-0.00293,0.0,
730140,1000,0.0,-0.4591,0.2190,0.0685,-0.01929,-0.04086,0.00307,0.0,
730160,1000,0.0,-0.2171,0.1550,0.2385,-0.01529,-0.01586,0.00207,0.0,
730180,1000,0.0,-0.3681,0.1470,0.1735,-0.01429,-0.02686,0.00107,0.0,
730200,1000,0.0,-0.3131,0.2430,0.1435,-0.02629,-0.02186,0.00507,0.0,
730220,1000,0.0,0.5969,-0.0050,0.2205,-0.00329,0.04814,0.00407,0.0,
730240,1000,0.0,0.5019,0.1110,0.1945,-0.01329,0.03514,0.00507,0.0,
730260,1000,0.0,0.5609,-0.2000,0.2595,0.02171,0.03414,-0.00493,0.0,
730280,1000,0.0,-0.5411,-0.0760,0.2345,0.01071,-0.04286,-0.00193,0.0,
730300,1000,0.0,-0.4731,0.2600,0.0335,-0.01929,-0.03786,0.00107,0.0,
730320,1000,0.0,0.1089,-0.0940,0.2905,0.00671,0.01114,0.00307,0.0,
730340,1000,0.0,0.0429,0.1970,0.0275,-0.01529,-0.00586,0.00407,0.0,
730360,1000,0.0,-0.2771,-0.1160,0.1405,0.01871,-0.02686,-0.00693,0.0,
730380,1000,0.0,-0.2001,-0.0020,0.0635,-0.00529,-0.01486,0.00307,0.0,
730400,1000,0.0,0.2169,-0.0190,0.1335,0.00371,0.01514,-0.00293,0.0,
730420,1000,0.0,-0.3211,0.1940,0.1205,-0.01929,-0.02686,0.00507,0.0,
730440,1000,0.0,-0.0241,0.1190,0.2065,-0.00929,-0.00486,-0.00093,0.0,
730460,1000,0.0,-0.1571,0.2130,0.1535,-0.01229,-0.02086,-0.00193,0.0,
730480,1000,0.0,-0.2731,0.1120,0.0385,-0.00529,-0.02486,-0.00193,0.0,
730500,1000,0.0,0.0539,0.0960,0.0365,-0.00429,-0.00286,-0.00093,0.0,
730520,1000,0.0,-0.1091,0.0570,0.1205,-0.00529,-0.01086,0.00107,0.0,
730540,1000,0.0,0.1069,0.0810,0.2465,-0.00529,0.00814,0.00107,0.0,
730560,1000,0.0,-0.1331,-0.0990,0.3185,0.01071,-0.01286,0.00007,0.0,
730580,1000,0.0,0.1129,-0.0150,0.1405,-0.00529,0.01214,0.00407,0.0,
730600,1000,0.0,-0.0291,0.0820,0.1685,-0.00329,-0.00286,-0.00193,0.0,
730620,1000,0.0,0.0349,0.1980,0.1505,-0.01929,-0.00486,0.00207,0.0,
730640,1000,0.0,-0.0051,-0.0870,0.1595,0.00371,0.00214,-0.00193,0.0,
730660,1000,0.0,0.1509,-0.0570,0.1665,0.00271,0.01214,0.00007,0.0,
730680,1000,0.0,-0.0351,0.1510,0.1115,-0.01629,-0.00386,0.00307,0.0,
730700,1000,0.0,0.0109,-0.2380,0.2285,0.02471,0.00314,-0.00493,0.0,
730720,1000,0.0,0.0109,0.0670,0.1855,-0.00229,-0.00586,0.00007,0.0,
730740,1000,0.0,-0.0571,0.2130,0.1345,-0.01629,-0.01286,0.00507,0.0,
730760,1000,0.0,-0.2641,0.0180,0.0675,-0.00829,-0.01986,0.00207,0.0,
730780,1000,0.0,-0.1061,-0.1070,0.1605,0.01671,-0.01386,-0.00793,0.0,
730800,1000,0.0,0.2639,0.1040,0.1785,-0.01029,0.01814,0.00207,0.0,
730820,1000,0.0,-0.2171,0.2030,-0.0605,-0.02029,-0.01886,0.00207,0.0,
730840,1000,0.0,0.4819,-0.1070,0.3285,0.00971,0.03214,0.00007,0.0,
730860,1000,0.0,0.0519,0.0880,0.1685,-0.00729,0.00514,0.00107,0.0,
730880,1000,0.0,0.6629,-0.1760,0.4085,0.01071,0.05214,0.00407,0.0,
730900,1000,0.0,0.6659,-0.1160,0.2115,0.00371,0.04814,0.00107,0.0,
730920,1000,0.0,-0.0541,-0.1290,0.1675,0.02071,-0.00586,-0.00693,0.0,
730940,1000,0.0,-0.1231,0.2670,0.1405,-0.02229,-0.01486,0.00307,0.0,
730960,1000,0.0,0.3969,-0.2620,0.3355,0.02071,0.02714,-0.00293,0.0,
730980,1000,0.0,-0.5081,0.1480,0.1315,-0.00429,-0.04486,-0.00393,0.0,
731000,1000,0.0,0.6909,-0.1510,0.0475,0.01571,0.04914,0.00007,0.0,
731020,1000,0.0,-0.1981,-0.0770,0.0855,0.00971,-0.01486,-0.00293,0.0,
731040,1000,0.0,-0.2421,0.2330,0.0645,-0.02329,-0.01586,0.00507,0.0,
731060,1000,0.0,0.1609,-0.2260,0.1065,0.01771,0.01614,-0.00593,0.0,
731080,1000,0.0,0.0619,-0.0820,0.0875,0.01371,0.00014,-0.00493,0.0,
731100,1000,0.0,0.1449,-0.0720,0.1245,0.00771,0.00814,-0.00293,0.0,
731120,1000,0.0,-0.0871,0.3530,0.1335,-0.03229,-0.01286,0.00907,0.0,
731140,1000,0.0,0.1869,0.0300,0.2045,-0.00029,0.00914,-0.00193,0.0,
731160,1000,0.0,0.4989,-0.2040,0.2435,0.01571,0.03614,-0.00093,0.0,
731180,1000,0.0,-0.5921,0.0980,0.2135,0.00671,-0.04986,-0.00593,0.0,
731200,1000,0.0,0.0559,0.0550,0.1755,0.00071,0.00114,-0.00293,0.0,
731220,1000,0.0,0.0579,0.0930,0.0625,-0.00129,0.00514,-0.00393,0.0,
731240,1000,0.0,-0.2011,0.1750,-0.0015,-0.01529,-0.01786,0.00207,0.0,
731260,1000,0.0,0.5139,-0.2990,0.1555,0.02271,0.03814,-0.00193,0.0,
731280,1000,0.0,-0.2071,0.0900,0.0125,-0.00729,-0.01586,0.00007,0.0,
731300,1000,0.0,-0.0481,-0.0250,0.1875,-0.00229,0.00114,0.00207,0.0,
731320,1000,0.0,-0.0101,0.2270,0.0985,-0.01229,-0.00886,0.00107,0.0,
731340,1000,0.0,0.1309,0.1280,0.1485,-0.00929,0.00414,0.00207,0.0,
731360,1000,0.0,0.0369,-0.0750,0.2485,0.00471,0.00414,0.00107,0.0,
731380,1000,0.0,0.4139,-0.1590,0.2625,0.01671,0.03514,-0.00493,0.0,
731400,1000,0.0,0.0169,-0.1510,0.0355,0.01171,-0.00386,-0.00393,0.0,
731420,1000,0.0,0.0929,-0.0680,0.0745,0.01071,-0.00086,-0.00393,0.0,
731440,1000,0.0,-0.0221,0.0120,0.1775,-0.00129,-0.00286,0.00107,0.0,
731460,1000,0.0,-0.0451,0.0690,0.0745,-0.00629,-0.00486,0.00307,0.0,
731480,1000,0.0,-0.2981,0.1460,0.1055,-0.01229,-0.02486,-0.00093,0.0,
731500,1000,0.0,0.1329,-0.1360,0.1775,0.00971,0.00814,-0.00093,0.0,
731520,1000,0.0,0.0729,0.0910,0.1345,-0.01129,0.00514,0.00507,0.0,
731540,1000,0.0,0.2049,-0.0150,0.1545,0.00471,0.00814,-0.00093,0.0,
731560,1000,0.0,0.2499,-0.1310,0.1875,0.01171,0.02114,0.00107,0.0,
731580,1000,0.0,-0.0111,0.0170,0.1715,-0.00629,-0.00386,0.00407,0.0,
731600,1000,0.0,-0.0001,0.0200,0.2875,-0.00229,0.00414,0.00107,0.0,
731620,1000,0.0,-0.0121,0.0690,0.0245,-0.00929,-0.00386,0.00107,0.0,
731640,1000,0.0,0.0029,-0.1170,0.1085,0.01771,-0.00486,-0.00493,0.0,
731660,1000,0.0,-0.1491,0.0550,0.1205,-0.00729,-0.01086,-0.00093,0.0,
731680,1000,0.0,0.1249,-0.2370,0.1845,0.01971,0.00914,-0.00393,0.0,
731700,1000,0.0,0.0869,0.0580,0.0295,-0.00529,0.00414,0.00107,0.0,
731720,1000,0.0,-0.3171,0.1080,0.0595,-0.00029,-0.03286,-0.00293,0.0,
731740,1000,0.0,0.4549,-0.0160,0.2565,0.00271,0.03514,0.00007,0.0,
731760,1000,0.0,-0.1931,-0.0110,0.1525,0.00171,-0.01786,-0.00193,0.0,
731780,1000,0.0,-0.0061,0.0290,0.1615,-0.00829,-0.00386,0.00307,0.0,
731800,1000,0.0,-0.1751,0.0300,0.0375,-0.00529,-0.01386,0.00107,0.0,
731820,1000,0.0,0.0649,0.0040,0.2305,0.00371,0.00014,-0.00093,0.0,
731840,1000,0.0,-0.0891,-0.1080,0.2335,0.00971,-0.00986,-0.00193,0.0,
731860,1000,0.0,0.0269,0.0640,0.0425,-0.00729,-0.00086,0.00207,0.0,
731880,1000,0.0,-0.0861,0.2120,0.1525,-0.01929,-0.01386,0.00107,0.0,
731900,1000,0.0,0.5059,-0.2310,0.1555,0.02071,0.03414,-0.00493,0.0,
731920,1000,0.0,0.1269,0.0520,0.1525,-0.00829,0.00814,0.00407,0.0,
731940,1000,0.0,0.1889,-0.0180,0.1875,0.00471,0.01314,-0.00193,0.0,
731960,1000,0.0,0.2809,0.1210,0.1245,-0.01629,0.02314,0.00407,0.0,
731980,1000,0.0,-0.0681,0.1040,0.1545,-0.00429,-0.01286,-0.00193,0.0,
732000,1000,0.0,0.1119,-0.0080,0.1985,0.00171,0.00814,0.00007,0.0,
732020,1000,0.0,-0.2461,0.2470,0.0665,-0.02229,-0.01886,0.00007,0.0,
732040,1000,0.0,0.5099,-0.2910,0.1595,0.02571,0.03414,-0.00293,0.0,
732060,1000,0.0,-0.1911,-0.0470,0.2505,0.01071,-0.01686,-0.00593,0.0,
732080,1000,0.0,-0.0941,0.0120,0.0295,0.00271,-0.00786,-0.00193,0.0,
732100,1000,0.0,0.2609,0.1490,0.1605,-0.01329,0.01914,0.00207,0.0,
732120,1000,0.0,0.0399,0.0900,0.2945,-0.00629,-0.00086,0.00107,0.0,
732140,1000,0.0,-0.3661,0.1370,0.1335,-0.00929,-0.03186,-0.00093,0.0,
732160,1000,0.0,0.0269,-0.0320,0.2075,0.00171,-0.00086,0.00007,0.0,
732180,1000,0.0,0.0219,-0.0920,0.0095,0.00871,-0.00186,0.00007,0.0,
732200,1000,0.0,-0.0641,0.1420,0.1435,-0.01629,-0.00186,0.00407,0.0,
732220,1000,0.0,0.1909,-0.1780,0.3445,0.01871,0.01114,-0.00493,0.0,
732240,1000,0.0,-0.1531,0.1170,0.1385,-0.00529,-0.01186,-0.00093,0.0,
732260,1000,0.0,-0.1461,0.1360,0.2175,-0.02329,-0.01386,0.00607,0.0,
732280,1000,0.0,0.1469,-0.0230,0.1265,0.00671,0.01014,-0.00193,0.0,
732300,1000,0.0,0.1019,-0.0290,0.2395,0.00671,0.00614,-0.00193,0.0,
732320,1000,0.0,-0.0171,0.0800,0.1635,-0.00729,-0.00486,0.00107,0.0,
732340,1000,0.0,0.0039,0.2050,0.1425,-0.02029,0.00014,0.00407,0.0,
732360,1000,0.0,0.3299,-0.1040,0.1505,0.01571,0.02214,-0.00393,0.0,
732380,1000,0.0,0.0789,-0.1570,0.2415,0.01271,0.00714,-0.00393,0.0,
732400,1000,0.0,-0.1511,-0.0490,0.0975,0.00671,-0.01586,0.00207,0.0,
732420,1000,0.0,0.0889,0.0380,0.1875,-0.00729,0.00914,0.00107,0.0,
732440,1000,0.0,0.1009,-0.0620,0.1545,0.00071,0.00614,0.00107,0.0,
732460,1000,0.0,-0.0261,0.0580,0.0285,-0.00229,-0.00486,-0.00393,0.0,
732480,1000,0.0,0.0339,0.0230,0.1405,-0.00029,0.00314,0.00207,0.0,
732500,1000,0.0,-0.0631,-0.0230,0.0965,0.00271,-0.00786,0.00007,0.0,
732520,1000,0.0,0.1349,-0.1490,0.2285,0.00771,0.01514,-0.00293,0.0,
732540,1000,0.0,-0.0411,0.0130,0.2145,-0.00029,-0.00786,-0.00293,0.0,
732560,1000,0.0,-0.1321,0.0960,0.1985,-0.00529,-0.01286,0.00007,0.0,
732580,1000,0.0,0.1249,0.0180,0.1965,-0.00229,0.00414,0.00207,0.0,
732600,1000,0.0,0.1159,-0.0040,0.1875,0.00171,0.01114,0.00007,0.0,
732620,1000,0.0,0.0959,-0.1070,0.1975,0.01171,0.00614,-0.00393,0.0,
732640,1000,0.0,0.1449,-0.0690,0.0695,0.01371,0.01114,-0.00293,0.0,
732660,1000,0.0,-0.1231,0.0250,0.1795,-0.00629,-0.01286,0.00307,0.0,
732680,1000,0.0,0.1069,0.2280,0.1905,-0.02129,0.00714,0.00507,0.0,
732700,1000,0.0,0.0669,0.0160,0.1395,0.00371,0.00114,-0.00193,0.0,
732720,1000,0.0,-0.1861,0.0700,0.1365,-0.00929,-0.01586,0.00107,0.0,
732740,1000,0.0,-0.1151,0.1410,0.0775,-0.01429,-0.01386,0.00107,0.0,
732760,1000,0.0,0.0279,0.2230,0.0255,-0.01829,-0.00186,0.00207,0.0,
732780,1000,0.0,0.0959,0.0470,0.2855,-0.00129,0.00214,-0.00093,0.0,
732800,1000,0.0,-0.0461,0.0510,0.1745,-0.00329,-0.00486,-0.00093,0.0,
732820,1000,0.0,0.1489,-0.0200,0.1515,-0.00029,0.01114,0.00007,0.0,
732840,1000,0.0,-0.0171,-0.0180,0.1435,-0.00129,0.00114,0.00107,0.0,
732860,1000,0.0,0.1789,0.0520,0.2185,-0.00329,0.00714,0.00107,0.0,
732880,1000,0.0,-0.0891,0.0500,0.1995,-0.00629,-0.00486,0.00207,0.0,
732900,1000,0.0,0.0129,0.1720,0.0415,-0.00929,0.00014,-0.00293,0.0,
732920,1000,0.0,-0.1421,0.1420,0.0045,-0.01029,-0.01286,-0.00093,0.0,
732940,1000,0.0,0.1359,0.0710,0.1745,-0.00729,0.00914,0.00307,0.0,
732960,1000,0.0,0.0779,-0.0040,0.1885,-0.00029,0.00614,0.00107,0.0,
732980,1000,0.0,-0.0731,0.0450,0.1265,-0.00129,-0.01286,0.00007,0.0,
733000,1000,0.0,-0.0181,0.0750,0.2025,-0.00629,-0.00286,0.00107,0.0,
733020,1000,0.0,0.0889,-0.3380,0.2165,0.02971,0.01214,0.01807,0.0,
733040,1000,0.0,0.6009,0.3370,0.1165,-0.01029,0.06814,0.08807,0.0,
733060,1000,0.0,-0.1451,0.0780,0.0715,-0.00229,0.00114,0.08007,0.0,
733080,1000,0.0,-0.1061,-0.2950,-0.2735,0.01571,-0.03186,-0.04493,0.0,
733100,1000,0.0,-0.1271,-0.0800,-1.5865,-0.00229,-0.01786,-0.06293,0.0,
733120,1000,0.0,0.0079,-0.3470,-1.6875,0.02771,-0.01586,-0.03493,0.0,
733140,1000,0.0,-0.8051,0.1530,-2.6725,-0.00429,-0.08886,-0.02293,0.0,
733160,1000,0.0,0.3839,0.4350,-2.1725,-0.01829,0.04214,-0.03693,0.0,
733180,1000,0.0,-0.0531,-0.1130,-3.6085,-0.02129,-0.02086,-0.00093,0.0,
733200,1000,0.0,0.3319,-0.1240,-2.8515,0.00771,0.07214,0.03707,0.0,
733220,1000,0.0,-0.9191,-0.5240,-5.0625,0.03971,-0.11886,0.04007,0.0,
733240,1000,0.0,-0.8041,0.0280,-5.3985,-0.03029,-0.03386,0.02407,0.0,
733260,1000,0.0,-0.0121,0.0790,-7.0255,0.06071,-0.02786,0.05007,0.0,
733280,1000,0.0,0.6639,-0.2800,-9.4355,-0.03229,0.09814,0.04807,0.0,
733300,1000,0.0,-0.3991,0.6750,-10.3695,-0.08629,0.01214,0.02507,0.0,
733320,1000,0.0,0.0449,-0.7260,-11.9495,-0.04329,0.00914,-0.03993,0.0,
733340,1000,0.0,-0.2701,-0.6750,-12.3375,0.08571,-0.00386,-0.06293,0.0,
733360,1000,0.0,-0.4531,-0.5740,-14.5095,0.05171,-0.03086,-0.03793,0.0,
733380,1000,0.0,-0.2191,-0.0760,-12.7865,-0.00629,0.00014,-0.01593,0.0,
733400,1000,0.0,-0.7861,-0.4470,-13.5625,0.04271,-0.05186,-0.00493,0.0,
733420,1000,0.0,-0.2071,-0.3670,-14.9315,0.02871,-0.03086,-0.01793,0.0,
733440,1000,0.0,-0.6691,-0.5800,-14.2235,0.05471,-0.05086,-0.00393,0.0,
733460,1000,0.0,-0.3201,-0.1980,-14.7905,0.01671,0.00314,0.00107,0.0,
733480,1000,0.0,-0.3341,-0.9520,-14.5535,0.08671,-0.00686,-0.00893,0.0,
733500,1000,0.0,-0.6801,-0.5070,-15.1345,0.02271,-0.03486,-0.00193,0.0,
733520,1000,0.0,-0.5491,-0.3070,-14.7285,0.01871,-0.01786,0.01007,0.0,
733540,1000,0.0,0.3419,-0.9160,-13.9375,0.05271,0.02814,0.00007,0.0,
733560,1000,0.0,-0.5631,-0.5000,-15.0915,0.01971,-0.02586,0.01207,0.0,
733580,1000,0.0,-0.1901,-0.1450,-14.9495,-0.00029,0.00114,0.00107,0.0,
733600,1000,0.0,-0.6031,-0.4340,-14.6055,0.02571,-0.01786,-0.00093,0.0,
733620,1000,0.0,0.4449,-1.2060,-14.1445,0.07371,0.03114,0.00807,0.0,
733640,1000,0.0,-0.6341,-0.2560,-14.7045,0.00271,-0.04586,0.00607,0.0,
733660,1000,0.0,-0.5841,-0.2110,-14.3775,0.00571,-0.02286,0.00507,0.0,
733680,1000,0.0,0.0929,-0.6990,-13.9045,0.01771,0.06614,0.00507,0.0,
733700,1000,0.0,0.1019,-0.9670,-14.3035,0.06371,0.03514,0.00507,0.0,
733720,1000,0.0,-0.5431,-0.5460,-14.4425,0.04271,-0.02886,0.00007,0.0,
733740,1000,0.0,-0.5381,-0.7910,-13.9855,0.03871,-0.01486,0.01807,0.0,
733760,1000,0.0,-0.4221,-0.6640,-13.9455,0.02771,-0.01686,0.00807,0.0,
733780,1000,0.0,-1.0421,-0.4280,-13.7295,-0.00229,-0.06486,0.00507,0.0,
733800,1000,0.0,-0.5721,-0.1600,-12.7845,-0.00229,-0.02586,0.01707,0.0,
733820,1000,0.0,-0.2111,-0.2740,-13.0175,0.00571,-0.00086,0.01407,0.0,
733840,1000,0.0,0.2229,-0.2500,-13.4525,0.00371,0.07314,0.00507,0.0,
733860,1000,0.0,-0.2681,0.0520,-14.5035,-0.01329,-0.00086,-0.00193,0.0,
733880,1000,0.0,-0.4131,-0.0850,-14.6185,-0.00929,-0.00286,0.01407,0.0,
733900,1000,0.0,-0.1211,-0.2710,-14.0505,-0.00129,-0.00186,0.01007,0.0,
733920,1000,0.0,-0.1181,-0.8390,-14.0785,0.03571,0.01814,0.00307,0.0,
733940,1000,0.0,-0.4671,-0.4060,-14.2285,0.00671,-0.03486,0.01707,0.0,
733960,1000,0.0,-0.3531,0.2510,-14.6705,-0.03529,-0.01286,0.00607,0.0,
733980,1000,0.0,-0.7311,0.1780,-13.7715,-0.04129,0.00614,0.02407,0.0,
734000,1000,0.0,-0.4711,0.1820,-13.0835,-0.02729,-0.00686,0.02107,0.0,
734020,1000,0.0,-0.4661,-0.0050,-14.0315,-0.01329,-0.00386,0.01807,0.0,
734040,1000,0.0,-0.7121,0.0060,-14.2765,-0.01529,-0.02486,0.01407,0.0,
734060,1000,0.0,-0.9201,-0.3340,-13.3815,0.01271,-0.09886,0.01207,0.0,
734080,1000,0.0,-0.1871,0.5200,-14.5075,-0.06129,0.04514,0.00707,0.0,
734100,1000,0.0,0.5689,0.0900,-14.3615,-0.04329,0.08414,0.00307,0.0,
734120,1000,0.0,-0.1441,-0.5130,-13.9235,0.01071,0.00014,-0.00993,0.0,
734140,1000,0.0,-1.0141,-0.6110,-13.8295,0.03571,-0.07086,-0.01493,0.0,
734160,1000,0.0,-0.7031,-1.3510,-13.8705,0.08571,-0.00886,0.00907,0.0,
734180,1000,0.0,-0.4761,-1.1660,-13.4455,0.07571,0.00914,-0.00193,0.0,
734200,1000,0.0,-0.1291,-0.0750,-13.4205,-0.00129,0.05314,-0.00393,0.0,
734220,1000,0.0,0.1649,-0.3100,-13.8235,0.00171,0.04614,0.01507,0.0,
734240,1000,0.0,-0.4141,0.0060,-14.7505,-0.01229,-0.01586,0.02307,0.0,
734260,1000,0.0,-0.2811,0.2860,-14.3345,-0.03329,-0.00586,0.03107,0.0,
734280,1000,0.0,-0.5971,-0.5900,-13.0715,0.01071,-0.02586,0.01607,0.0,
734300,1000,0.0,-0.3231,-0.3740,-13.5625,-0.00629,0.00014,0.01207,0.0,
734320,1000,0.0,-0.2341,-0.0060,-13.8765,-0.02629,0.00614,0.00307,0.0,
734340,1000,0.0,-1.2381,-0.3800,-13.3495,0.01371,-0.06386,0.01407,0.0,
734360,1000,0.0,-0.2281,-0.8960,-14.2015,0.06071,0.01614,-0.00393,0.0,
734380,1000,0.0,-0.0241,-0.6220,-14.3255,0.05271,0.04514,-0.00293,0.0,
734400,1000,0.0,-0.5451,-0.8660,-13.3985,0.05371,-0.03786,0.00507,0.0,
734420,1000,0.0,-0.5341,-0.1820,-13.9765,0.00971,-0.00286,0.00607,0.0,
734440,1000,0.0,-0.6421,0.1390,-14.4985,-0.02129,-0.04586,0.01107,0.0,
734460,1000,0.0,-0.1481,0.1680,-12.9355,-0.04229,0.01414,0.01607,0.0,
734480,1000,0.0,-0.4211,-0.3040,-13.7475,-0.00529,0.00414,0.00907,0.0,
734500,1000,0.0,-0.0411,-0.9610,-14.2475,0.01271,0.03014,0.01307,0.0,
734520,1000,0.0,-0.6041,-0.6030,-13.7455,0.04371,-0.02486,0.00407,0.0,
734540,1000,0.0,0.0919,-0.1650,-13.7045,0.00571,0.03414,0.00007,0.0,
734560,1000,0.0,-0.6001,-0.7320,-14.2725,0.04571,-0.02386,0.00607,0.0,
734580,1000,0.0,0.0909,0.0110,-13.1595,-0.00329,0.03414,-0.00793,0.0,
734600,1000,0.0,-0.2111,-0.5590,-13.8305,0.00871,0.00414,0.01707,0.0,
734620,1000,0.0,-0.3131,-0.1460,-14.1985,-0.02429,-0.00486,0.01707,0.0,
734640,1000,0.0,-0.0171,0.0470,-13.6595,-0.04029,0.05714,0.01807,0.0,
734660,1000,0.0,-0.3941,0.2370,-13.3615,-0.05229,-0.00686,0.01307,0.0,
734680,1000,0.0,-0.3521,0.1340,-13.8085,-0.02629,-0.00686,-0.00393,0.0,
734700,1000,0.0,-0.2411,-0.7160,-14.3765,0.04271,-0.01086,-0.00593,0.0,
734720,1000,0.0,-0.4441,-1.2250,-13.4835,0.07671,-0.01786,0.00107,0.0,
734740,1000,0.0,-0.5581,0.0440,-14.0315,-0.00929,-0.03586,0.00407,0.0,
734760,1000,0.0,-0.0111,-0.3610,-13.7545,0.00271,0.06714,0.01407,0.0,
734780,1000,0.0,-0.3921,-0.1810,-13.0085,-0.00929,-0.00686,0.00607,0.0,
734800,1000,0.0,0.0259,-0.0290,-13.6465,0.00071,0.01214,0.00907,0.0,
734820,1000,0.0,-0.6251,-0.8830,-14.3325,0.02271,-0.04386,0.00307,0.0,
734840,1000,0.0,-0.3321,-1.0340,-13.9295,0.05071,0.00714,0.02007,0.0,
734860,1000,0.0,-0.5971,-0.6310,-13.6995,0.03871,0.01014,0.01907,0.0,
734880,1000,0.0,-1.0001,-0.2360,-13.7535,0.01971,-0.04186,-0.00193,0.0,
734900,1000,0.0,-0.9251,-0.4960,-12.8395,0.02871,-0.04886,0.00007,0.0,
734920,1000,0.0,-0.7411,-0.8020,-13.5865,0.04571,-0.04586,-0.00493,0.0,
734940,1000,0.0,-0.2751,-0.6090,-14.6695,0.03771,-0.00986,0.02207,0.0,
734960,1000,0.0,-0.2661,-0.7680,-14.0655,0.02771,0.01514,0.01107,0.0,
734980,1000,0.0,-0.4071,-0.3190,-14.0675,0.01071,0.02014,0.00907,0.0,
735000,1000,0.0,-0.6951,-0.2330,-14.1345,-0.00729,-0.03586,0.01707,0.0,
735020,1000,0.0,-0.4921,-0.0710,-12.3895,-0.00029,-0.02486,0.00907,0.0,
735040,1000,0.0,-0.6021,-0.3800,-13.4165,0.01471,-0.01886,0.01707,0.0,
735060,1000,0.0,-0.5891,-0.5240,-14.6175,0.02971,-0.03186,0.00707,0.0,
735080,1000,0.0,-0.8571,-0.3680,-14.1025,0.01371,-0.02786,0.00107,0.0,
735100,1000,0.0,-0.4421,-0.6860,-14.6225,0.01171,-0.00186,-0.00493,0.0,
735120,1000,0.0,-0.5281,-0.6890,-14.1755,0.04671,-0.04386,-0.00593,0.0,
735140,1000,0.0,0.0699,-0.2020,-12.4495,-0.01329,0.04714,0.02007,0.0,
735160,1000,0.0,-0.4631,-0.4150,-13.6045,0.02771,0.00314,0.01307,0.0,
735180,1000,0.0,-0.4021,-0.1630,-14.0555,-0.02129,0.00214,0.01407,0.0,
735200,1000,0.0,-0.5741,0.1520,-13.5985,-0.01729,-0.03186,0.00807,0.0,
735220,1000,0.0,-1.2501,-0.6440,-14.8665,0.03071,-0.11086,-0.00593,0.0,
735240,1000,0.0,-0.9031,-0.1760,-14.1385,0.01571,-0.04886,0.01007,0.0,
735260,1000,0.0,-0.4391,-0.3100,-11.7865,-0.00029,0.01714,0.02107,0.0,
735280,1000,0.0,0.1619,-0.5740,-12.7445,0.01171,0.05714,0.01707,0.0,
735300,1000,0.0,-0.2621,-0.4430,-14.3565,0.01771,0.04314,0.00807,0.0,
735320,1000,0.0,-0.0281,-0.5130,-14.6615,0.01371,-0.00386,0.00907,0.0,
735340,1000,0.0,-0.1621,-0.9980,-15.3095,0.07871,-0.00886,-0.00893,0.0,
735360,1000,0.0,-0.4791,-0.1910,-13.5675,0.00771,0.00314,-0.00293,0.0,
735380,1000,0.0,-0.1941,-0.1930,-11.6075,-0.01429,0.03314,-0.01293,0.0,
735400,1000,0.0,-0.9061,-0.0990,-13.7975,-0.02829,-0.05686,0.00707,0.0,
735420,1000,0.0,-0.7561,0.2310,-14.3955,-0.02129,-0.04786,0.00907,0.0,
735440,1000,0.0,-0.5531,0.0560,-14.9215,-0.04129,-0.04786,0.01707,0.0,
735460,1000,0.0,-0.3521,0.0560,-15.4795,-0.04529,0.00914,0.02307,0.0,
735480,1000,0.0,0.4899,-0.5010,-12.1605,0.00271,0.09014,0.00607,0.0,
735500,1000,0.0,-0.2701,-0.1310,-12.6235,-0.01129,0.04014,0.00507,0.0,
735520,1000,0.0,-0.5241,-0.7310,-13.9505,0.04571,-0.01086,-0.01593,0.0,
735540,1000,0.0,-0.7911,-0.9390,-14.5495,0.06271,-0.05286,-0.01193,0.0,
735560,1000,0.0,-0.9621,-0.7810,-15.1045,0.04671,-0.05786,0.00707,0.0,
735580,1000,0.0,-0.6391,0.3060,-14.0385,-0.04129,0.01014,0.02707,0.0,
735600,1000,0.0,-0.5701,-0.1490,-12.5695,-0.03029,-0.01186,0.01807,0.0,
735620,1000,0.0,-0.5541,0.2690,-12.7035,-0.03529,-0.03586,0.01507,0.0,
735640,1000,0.0,-1.2821,-0.3300,-14.1295,0.01371,-0.09586,0.00407,0.0,
735660,1000,0.0,-0.2521,-1.3170,-14.7525,0.08271,-0.00186,0.00007,0.0,
735680,1000,0.0,0.0069,-0.9940,-14.4365,0.06671,0.04114,-0.00093,0.0,
735700,1000,0.0,-0.2521,-0.3250,-13.6935,0.01071,0.04414,-0.00393,0.0,
735720,1000,0.0,-0.6901,-0.8750,-12.7985,0.06571,-0.04186,-0.00093,0.0,
735740,1000,0.0,-0.0431,-0.5170,-13.2955,0.02671,0.03214,0.00207,0.0,
735760,1000,0.0,-1.2041,-0.3300,-13.9175,-0.00429,-0.08586,0.01207,0.0,
735780,1000,0.0,-0.5101,0.4150,-14.6565,-0.07029,-0.00286,0.03007,0.0,
735800,1000,0.0,-0.4301,0.6430,-14.4525,-0.08529,0.00614,0.00207,0.0,
735820,1000,0.0,-0.0951,0.3790,-13.2865,-0.05329,0.00314,0.00007,0.0,
735840,1000,0.0,-0.6031,-0.1430,-13.3345,-0.00329,-0.02386,0.00207,0.0,
735860,1000,0.0,0.0959,-1.2950,-13.4405,0.08971,0.01714,-0.01993,0.0,
735880,1000,0.0,0.2759,-1.1500,-14.4535,0.06571,0.05914,-0.00193,0.0,
735900,1000,0.0,-0.2631,0.0840,-14.4815,-0.02429,0.01014,0.00307,0.0,
735920,1000,0.0,-0.5031,0.1800,-14.1905,-0.07129,-0.00086,0.00807,0.0,
735940,1000,0.0,-1.0351,0.5080,-13.2305,-0.06929,-0.07986,0.01507,0.0,
735960,1000,0.0,-1.2811,0.3150,-13.4995,-0.03129,-0.10886,0.00307,0.0,
735980,1000,0.0,-0.0031,-0.2350,-13.6955,-0.00529,0.02114,0.03107,0.0,
736000,1000,0.0,0.0879,-0.9160,-14.4565,0.07971,0.03814,0.00507,0.0,
736020,1000,0.0,-0.2181,-0.7360,-14.0315,0.06071,0.02414,0.00507,0.0,
736040,1000,0.0,-0.8441,-0.8270,-13.6785,0.05771,-0.03986,0.00007,0.0,
736060,1000,0.0,-0.4421,-0.4850,-13.0225,0.01771,-0.01586,-0.00693,0.0,
736080,1000,0.0,-1.2571,-0.6360,-13.3405,0.03371,-0.07086,0.01907,0.0,
736100,1000,0.0,-0.0791,-0.4280,-13.3495,0.00171,0.02714,0.03607,0.0,
736120,1000,0.0,0.3099,0.2760,-14.2835,-0.03329,0.06914,0.02207,0.0,
736140,1000,0.0,-0.5211,-0.2020,-14.1435,-0.00029,-0.04886,0.01407,0.0,
736160,1000,0.0,-0.7721,-0.0050,-13.7735,-0.01229,-0.05386,-0.01493,0.0,
736180,1000,0.0,-0.8741,-0.9010,-13.8975,0.04471,-0.04486,-0.01493,0.0,
736200,1000,0.0,0.1009,-1.1500,-12.8685,0.07871,0.02814,0.00307,0.0,
736220,1000,0.0,0.0159,-0.0110,-13.7835,-0.04229,0.06014,0.00107,0.0,
736240,1000,0.0,0.2619,0.4680,-14.2675,-0.08729,0.02614,0.00907,0.0,
736260,1000,0.0,-0.8961,-0.0270,-14.1895,-0.01529,-0.04186,0.02707,0.0,
736280,1000,0.0,-0.7091,-0.3730,-14.0965,0.01971,-0.04586,0.00907,0.0,
736300,1000,0.0,-0.9551,-0.9310,-12.8155,0.05271,-0.03286,0.00007,0.0,
736320,1000,0.0,-0.6081,-0.8160,-13.4655,0.06071,-0.00386,-0.02093,0.0,
736340,1000,0.0,-0.1661,-0.1540,-14.2445,0.01871,0.00814,0.00007,0.0,
736360,1000,0.0,-0.6931,-0.5150,-13.6495,0.01471,-0.02986,0.03207,0.0,
736380,1000,0.0,-0.2121,-0.3070,-14.1055,-0.00229,0.01714,0.03007,0.0,
736400,1000,0.0,-0.6561,-0.4650,-13.8515,0.01571,-0.04486,0.02007,0.0,
736420,1000,0.0,-0.7321,-0.1320,-13.0385,-0.00929,-0.03386,0.00007,0.0,
736440,1000,0.0,-0.4861,-0.7080,-14.0585,0.04671,-0.01186,-0.02293,0.0,
736460,1000,0.0,-0.3961,-1.0050,-13.5895,0.05971,0.02114,-0.00293,0.0,
736480,1000,0.0,-0.4601,-0.6900,-13.8295,0.02971,-0.02886,0.01507,0.0,
736500,1000,0.0,-0.0751,0.3110,-14.1275,-0.07229,0.00214,0.01407,0.0,
736520,1000,0.0,-0.2931,0.6840,-13.5295,-0.08329,0.01114,0.01207,0.0,
736540,1000,0.0,-0.7811,0.5210,-13.9715,-0.07929,-0.04686,-0.00093,0.0,
736560,1000,0.0,-0.1951,-0.5320,-13.8355,0.00771,0.01814,0.02107,0.0,
736580,1000,0.0,-0.3631,-1.3550,-13.0895,0.09271,-0.00686,-0.00493,0.0,
736600,1000,0.0,-0.4721,-0.7440,-14.2545,0.08471,-0.01186,-0.00393,0.0,
736620,1000,0.0,0.1149,-0.9650,-13.3125,0.06571,0.05514,0.01007,0.0,
736640,1000,0.0,-0.1061,-0.4170,-13.6815,0.01271,0.02214,0.02207,0.0,
736660,1000,0.0,-0.7931,0.1060,-13.9715,-0.04929,-0.03886,0.02307,0.0,
736680,1000,0.0,-0.7081,-0.8990,-13.0655,0.04271,-0.04986,0.01907,0.0,
736700,1000,0.0,-0.8131,-0.1780,-13.9985,0.01771,-0.04886,-0.01893,0.0,
736720,1000,0.0,-0.2421,-0.2830,-13.9865,0.02171,0.00914,-0.00093,0.0,
736740,1000,0.0,0.4989,-0.5420,-13.6715,0.01571,0.07814,0.00507,0.0,
736760,1000,0.0,0.2819,-0.6520,-14.1465,0.00571,0.04614,0.00507,0.0,
736780,1000,0.0,-0.5171,-0.6860,-12.8035,-0.00529,-0.01786,0.01307,0.0,
736800,1000,0.0,-0.0851,0.6480,-13.6675,-0.07829,0.01114,0.00507,0.0,
736820,1000,0.0,-0.5501,0.5780,-14.5935,-0.07129,-0.00686,0.00807,0.0,
736840,1000,0.0,-0.4771,-0.7830,-13.8055,0.05171,-0.01386,0.00107,0.0,
736860,1000,0.0,-0.5381,-0.4210,-14.0625,0.04971,-0.05586,0.00207,0.0,
736880,1000,0.0,-0.2181,-0.5170,-12.8055,0.03571,-0.00686,0.00907,0.0,
736900,1000,0.0,-0.0391,-0.7490,-12.8925,0.02971,0.03914,0.00907,0.0,
736920,1000,0.0,-0.3981,-0.3900,-14.5965,0.01871,0.00714,0.00507,0.0,
736940,1000,0.0,-0.6861,-0.6280,-14.0085,0.03071,-0.03086,0.01307,0.0,
736960,1000,0.0,-0.8151,-0.5980,-13.9105,0.02071,-0.04186,0.01107,0.0,
736980,1000,0.0,-0.8931,-0.6600,-12.8585,0.04671,-0.05386,-0.00493,0.0,
737000,1000,0.0,-0.4531,-0.0020,-12.9005,-0.00129,-0.00286,0.01407,0.0,
737020,1000,0.0,-0.2801,-0.2680,-14.2165,0.01271,-0.00086,0.00607,0.0,
737040,1000,0.0,-0.0581,-0.5280,-13.9665,0.02771,0.00714,0.01907,0.0,
737060,1000,0.0,-0.7071,-0.3410,-14.1865,-0.00129,-0.04386,-0.00193,0.0,
737080,1000,0.0,-0.1131,-0.0600,-13.2025,-0.04029,0.03114,0.00407,0.0,
737100,1000,0.0,-0.7121,-0.1890,-12.7405,-0.01329,-0.02486,0.00507,0.0,
737120,1000,0.0,-0.6891,-0.6120,-14.0195,0.04471,-0.03686,0.00607,0.0,
737140,1000,0.0,-0.4211,-0.2150,-14.1895,0.01171,0.00514,0.00507,0.0,
737160,1000,0.0,-0.4981,-0.1790,-14.4845,-0.01929,-0.00086,0.01307,0.0,
737180,1000,0.0,0.1399,0.0640,-13.9065,-0.02429,0.02814,0.01207,0.0,
737200,1000,0.0,-0.7081,0.1120,-12.1815,-0.02529,-0.01686,0.01507,0.0,
737220,1000,0.0,-0.5461,-0.2020,-13.1875,0.01671,-0.04386,0.00707,0.0,
737240,1000,0.0,0.0799,-0.5080,-14.4485,0.04371,0.02214,0.00107,0.0,
737260,1000,0.0,-0.9911,-0.1750,-15.3535,0.01071,-0.04886,-0.00593,0.0,
737280,1000,0.0,-0.0561,-0.4080,-13.6495,-0.00329,0.05214,0.00107,0.0,
737300,1000,0.0,-0.2471,-0.1590,-12.2785,-0.03529,0.05114,0.02007,0.0,
737320,1000,0.0,0.0759,-0.2440,-13.4995,-0.01929,0.01914,0.03107,0.0,
737340,1000,0.0,-0.5931,0.8840,-14.3125,-0.07629,-0.06186,0.02607,0.0,
737360,1000,0.0,0.2189,0.4900,-15.0635,-0.01129,0.00814,-0.00393,0.0,
737380,1000,0.0,-0.4111,-0.5030,-13.5795,0.04771,-0.02186,-0.00893,0.0,
737400,1000,0.0,-0.5481,-1.3250,-12.7365,0.07471,-0.03286,-0.01393,0.0,
737420,1000,0.0,-0.1111,-1.9800,-13.0635,0.11871,0.04414,0.00607,0.0,
737440,1000,0.0,-0.2761,-0.2510,-13.9105,-0.00529,0.02514,0.02007,0.0,
737460,1000,0.0,-0.6651,1.0580,-15.2825,-0.09329,-0.01786,0.04407,0.0,
737480,1000,0.0,-1.4761,0.5770,-14.0715,-0.05929,-0.13986,0.01807,0.0,
737500,1000,0.0,-0.1471,-0.1950,-12.4025,-0.00529,-0.03686,-0.02793,0.0,
737520,1000,0.0,-0.6881,-0.3110,-13.5525,0.00771,-0.04786,-0.01693,0.0,
737540,1000,0.0,0.2409,-0.0310,-13.3755,-0.03529,0.07714,0.01207,0.0,
737560,1000,0.0,0.6299,-0.5670,-14.0785,0.00271,0.07014,0.02607,0.0,
737580,1000,0.0,-0.6641,-0.4760,-14.2025,0.00971,-0.05686,0.01707,0.0,
737600,1000,0.0,-0.8281,0.1540,-13.2355,-0.00729,-0.05986,-0.00593,0.0,
737620,1000,0.0,-1.5231,-0.0740,-13.4585,0.02871,-0.05586,0.00007,0.0,
737640,1000,0.0,-0.6881,-1.4500,-13.0825,0.12771,-0.03886,0.00307,0.0,
737660,1000,0.0,-0.2321,-1.1380,-13.9955,0.07471,-0.01986,0.02007,0.0,
737680,1000,0.0,-0.3941,-0.5850,-14.0565,0.01671,-0.02386,0.01807,0.0,
737700,1000,0.0,-0.1031,1.1380,-13.2915,-0.12429,0.04914,0.00807,0.0,
737720,1000,0.0,-0.3721,0.2570,-13.6785,-0.07629,0.01514,0.01907,0.0,
737740,1000,0.0,-0.3751,-0.9370,-13.7155,0.05071,-0.06686,-0.01093,0.0,
737760,1000,0.0,-0.5851,-0.6670,-14.1575,0.04871,-0.07886,-0.02293,0.0,
737780,1000,0.0,0.1479,-0.3850,-13.7145,0.02071,0.08414,-0.00293,0.0,
737800,1000,0.0,-0.6591,-0.0130,-13.6675,-0.03629,0.00914,0.03207,0.0,
737820,1000,0.0,-0.9061,0.0830,-13.6875,-0.07129,-0.01886,0.02907,0.0,
737840,1000,0.0,-1.3941,-0.9370,-13.7225,0.04771,-0.12686,0.01707,0.0,
737860,1000,0.0,-0.8831,-0.1140,-14.1045,0.03671,-0.09786,-0.00293,0.0,
737880,1000,0.0,-0.0881,-0.4540,-13.1335,0.07871,0.01414,0.00007,0.0,
737900,1000,0.0,-0.7021,-0.8800,-13.8305,0.07271,-0.01086,0.00507,0.0,
737920,1000,0.0,-0.7501,-0.5480,-13.9405,-0.00929,-0.01386,0.01507,0.0,
737940,1000,0.0,-0.6351,-0.4600,-13.5435,-0.04429,-0.01186,-0.00193,0.0,
737960,1000,0.0,-0.0611,0.9390,-13.9775,-0.08329,0.01014,-0.00193,0.0,
737980,1000,0.0,-0.2201,0.3540,-12.8345,-0.01229,-0.02786,-0.00193,0.0,
738000,1000,0.0,0.5679,-1.6180,-13.9255,0.11771,0.04314,0.01107,0.0,
738020,1000,0.0,-0.3231,-0.6100,-13.9885,0.04771,0.00014,0.00607,0.0,
738040,1000,0.0,-0.0091,-0.3410,-13.4815,0.00071,0.08614,0.02007,0.0,
738060,1000,0.0,-1.5951,-0.1650,-13.6685,-0.01329,-0.08086,0.00907,0.0,
738080,1000,0.0,-1.3721,-1.4890,-12.5065,0.08471,-0.13386,0.00807,0.0,
738100,1000,0.0,-1.1201,-1.0550,-14.2575,0.08371,-0.10686,0.01007,0.0,
738120,1000,0.0,0.0629,0.1810,-14.1475,-0.00829,0.06414,0.00807,0.0,
738140,1000,0.0,0.2579,0.5380,-14.2045,-0.06229,0.06014,0.00007,0.0,
738160,1000,0.0,0.5509,-0.3770,-12.6255,-0.05329,0.03114,0.00107,0.0,
738180,1000,0.0,-0.1741,-0.8420,-12.7625,-0.01229,-0.02686,-0.00193,0.0,
738200,1000,0.0,-0.2791,0.0900,-14.2645,-0.02729,0.00314,0.00307,0.0,
738220,1000,0.0,-0.9481,0.2600,-14.4975,-0.01229,-0.02386,0.00707,0.0,
738240,1000,0.0,-0.5851,-0.7330,-14.1275,0.06571,-0.01886,0.00507,0.0,
738260,1000,0.0,-0.4581,-1.5840,-12.4485,0.09571,-0.03886,0.01707,0.0,
738280,1000,0.0,-0.3281,-0.5160,-13.1015,0.01471,0.00714,0.01107,0.0,
738300,1000,0.0,-0.4151,0.4940,-14.1035,-0.05929,0.00314,0.02107,0.0,
738320,1000,0.0,-0.2361,-0.2430,-14.5835,0.02471,-0.00686,0.01007,0.0,
738340,1000,0.0,-0.9071,-0.4610,-14.6485,0.03271,-0.06486,0.00807,0.0,
738360,1000,0.0,-0.5261,-0.8600,-12.3485,0.03071,-0.03086,0.00407,0.0,
738380,1000,0.0,-0.3991,-0.1370,-12.8145,0.00271,0.03314,-0.01093,0.0,
738400,1000,0.0,-0.1971,0.0180,-14.0445,-0.05429,0.03414,-0.00293,0.0,
738420,1000,0.0,-0.0191,-0.1860,-15.2555,-0.04829,-0.01786,0.01307,0.0,
738440,1000,0.0,-0.2741,0.0190,-14.4725,-0.00429,-0.03886,0.01807,0.0,
738460,1000,0.0,-0.4991,-0.3510,-11.9185,0.04271,0.00814,0.00907,0.0,
738480,1000,0.0,-0.6231,-0.3110,-12.9135,0.03371,-0.00686,-0.00093,0.0,
738500,1000,0.0,-0.1901,-0.9080,-14.2795,0.04771,0.01814,0.00707,0.0,
738520,1000,0.0,-0.4221,-1.3770,-14.8135,0.06171,-0.00786,0.00907,0.0,
738540,1000,0.0,-0.7571,0.4520,-14.5705,-0.06829,-0.00386,0.03307,0.0,
738560,1000,0.0,-0.4931,0.5450,-11.8295,-0.05729,-0.00786,0.01107,0.0,
738580,1000,0.0,-0.2521,-0.5830,-13.2875,0.02871,-0.03686,-0.01693,0.0,
738600,1000,0.0,0.0139,-0.1970,-14.3605,0.00171,-0.00986,-0.01193,0.0,
738620,1000,0.0,0.1519,-0.4720,-14.4445,0.00471,0.05114,0.01307,0.0,
738640,1000,0.0,-0.5661,-0.5980,-13.7305,0.03071,0.00714,0.01407,0.0,
738660,1000,0.0,-1.2051,-0.4070,-12.7315,0.01271,-0.06486,0.01807,0.0,
738680,1000,0.0,-1.3981,-1.4330,-13.5535,0.08671,-0.11286,0.01507,0.0,
738700,1000,0.0,-0.8211,-0.4060,-14.3425,0.03471,-0.03086,0.00707,0.0,
738720,1000,0.0,-0.2121,0.0110,-13.5605,-0.00329,0.01614,-0.00293,0.0,
738740,1000,0.0,0.4669,-0.7640,-12.8875,0.03171,0.04314,0.00007,0.0,
738760,1000,0.0,-0.0201,-0.5880,-13.2945,-0.00429,-0.00686,0.00807,0.0,
738780,1000,0.0,-0.9971,-0.6760,-13.3655,-0.00429,-0.06086,0.01807,0.0,
738800,1000,0.0,-0.9721,0.9200,-14.3885,-0.10029,-0.00686,0.00107,0.0,
738820,1000,0.0,-0.3701,0.1070,-13.4895,-0.00829,-0.01386,-0.01493,0.0,
738840,1000,0.0,-0.5071,-1.8200,-13.4335,0.13171,-0.07686,0.00407,0.0,
738860,1000,0.0,0.1589,-0.3360,-13.7935,-0.00629,0.07114,0.03907,0.0,
738880,1000,0.0,-0.2741,-0.2890,-13.1415,0.00171,0.03614,0.02507,0.0,
738900,1000,0.0,-0.7621,-0.3430,-14.0525,0.00971,-0.00486,0.00707,0.0,
738920,1000,0.0,-1.0511,-0.8130,-13.2205,0.07071,-0.10086,-0.00593,0.0,
738940,1000,0.0,-0.3061,-0.6110,-13.6645,0.06471,-0.05886,-0.00193,0.0,
738960,1000,0.0,0.4709,0.3260,-14.0225,-0.04729,0.09314,0.00707,0.0,
738980,1000,0.0,0.1999,-0.2450,-13.7305,-0.05129,0.04814,0.01507,0.0,
739000,1000,0.0,-0.9291,-0.7550,-13.2425,-0.00629,-0.06286,0.00507,0.0,
739020,1000,0.0,-1.1471,-0.3140,-13.3495,0.01371,-0.06686,0.01007,0.0,
739040,1000,0.0,0.2729,0.2330,-13.7635,0.01571,0.02614,0.00507,0.0,
739060,1000,0.0,-0.1141,0.4100,-14.1425,-0.01029,-0.00086,0.00307,0.0,
739080,1000,0.0,-0.6301,-1.4770,-13.9065,0.09671,-0.04486,0.01507,0.0,
739100,1000,0.0,-1.2931,-1.4590,-12.3625,0.05071,-0.04786,0.02307,0.0,
739120,1000,0.0,-0.9821,0.3130,-13.8595,-0.03929,-0.02886,0.00607,0.0,
739140,1000,0.0,-0.1541,0.0050,-14.0335,-0.00929,0.02214,0.00207,0.0,
739160,1000,0.0,0.6899,-0.2610,-13.8635,0.04171,0.05114,0.01107,0.0,
739180,1000,0.0,0.2209,-0.5040,-13.3905,0.02371,0.03614,0.01407,0.0,
739200,1000,0.0,-0.2621,-0.2880,-12.4845,-0.00329,0.00414,0.00407,0.0,
739220,1000,0.0,-0.8791,0.1820,-14.2825,-0.03129,-0.04186,-0.00493,0.0,
739240,1000,0.0,-1.4961,-0.6200,-14.1375,0.04371,-0.10986,0.01007,0.0,
739260,1000,0.0,-0.5791,-0.8470,-13.6745,0.07471,0.00514,0.01907,0.0,
739280,1000,0.0,0.0889,-0.4410,-12.3505,0.03871,0.04414,0.01307,0.0,
739300,1000,0.0,-0.3821,-0.1380,-13.6415,-0.01029,-0.01486,0.00207,0.0,
739320,1000,0.0,0.3649,-0.6690,-13.6365,0.01271,0.04614,0.01807,0.0,
739340,1000,0.0,0.1659,0.0820,-14.6695,-0.04129,0.01814,0.01607,0.0,
739360,1000,0.0,-0.3391,0.7540,-13.5495,-0.03629,0.01414,0.00607,0.0,
739380,1000,0.0,-0.3871,0.5680,-12.1485,-0.05729,-0.04386,-0.02693,0.0,
739400,1000,0.0,-1.1681,-1.0480,-13.2875,0.06971,-0.09186,-0.01093,0.0,
739420,1000,0.0,-0.5931,-1.5540,-13.7685,0.06271,0.02214,0.04207,0.0,
739440,1000,0.0,0.0319,0.0380,-15.3525,0.00271,0.08514,0.04407,0.0,
739460,1000,0.0,0.0909,-0.2480,-13.1305,0.06671,-0.00086,0.00407,0.0,
739480,1000,0.0,-0.8561,-0.1090,-11.8125,0.03571,-0.10286,-0.01993,0.0,
739500,1000,0.0,-0.5611,0.1710,-13.6355,-0.03629,-0.07886,-0.00293,0.0,
739520,1000,0.0,-0.4711,-0.0640,-14.1505,-0.03229,0.03014,0.00607,0.0,
739540,1000,0.0,-0.3141,-0.3430,-15.2755,-0.01729,0.03814,0.02507,0.0,
739560,1000,0.0,-0.6251,-0.7830,-12.5955,0.03471,-0.01386,0.02607,0.0,
739580,1000,0.0,-0.5371,0.1110,-12.2655,-0.00229,-0.01886,0.00707,0.0,
739600,1000,0.0,-0.5751,-0.2200,-13.5215,0.03771,-0.03986,-0.01393,0.0,
739620,1000,0.0,0.1539,-0.2440,-14.3605,0.00071,0.01014,0.01307,0.0,
739640,1000,0.0,-0.3751,-0.8300,-13.6885,0.03871,0.00214,0.02207,0.0,
739660,1000,0.0,-0.8401,-0.6830,-13.6565,0.02971,-0.03486,0.02007,0.0,
739680,1000,0.0,-1.5511,0.9960,-12.8465,-0.07629,-0.07286,-0.01293,0.0,
739700,1000,0.0,-0.5121,-0.2480,-13.6595,0.00571,-0.04486,-0.01693,0.0,
739720,1000,0.0,0.8569,-1.2310,-13.9655,0.05671,0.07114,0.01007,0.0,
739740,1000,0.0,0.2009,-0.0040,-13.2645,-0.02929,0.07714,0.02707,0.0,
739760,1000,0.0,-0.6091,-0.0100,-14.1345,-0.00429,-0.02786,0.00507,0.0,
739780,1000,0.0,-1.2501,-0.6250,-13.2525,0.06271,-0.07986,0.00407,0.0,
739800,1000,0.0,-1.4941,-0.8620,-13.9685,0.07171,-0.08486,0.01107,0.0,
739820,1000,0.0,-0.1821,-0.8410,-13.3025,0.06371,0.02414,0.03107,0.0,
739840,1000,0.0,0.5809,0.5410,-13.3235,-0.03929,0.08014,0.00107,0.0,
739860,1000,0.0,0.0539,-0.3050,-14.2525,-0.03729,0.00714,0.00407,0.0,
739880,1000,0.0,-0.1211,-0.6180,-13.4715,-0.01429,0.02214,0.01107,0.0,
739900,1000,0.0,-0.7391,-0.0240,-13.5425,-0.02729,-0.02286,0.00007,0.0,
739920,1000,0.0,-0.6901,-0.0760,-13.2725,0.01471,-0.02486,0.00107,0.0,
739940,1000,0.0,0.6029,0.1780,-14.1755,0.01271,0.02414,0.01507,0.0,
739960,1000,0.0,-0.8061,-0.8670,-13.6675,0.04671,-0.02886,0.01507,0.0,
739980,1000,0.0,-1.0631,-0.9760,-13.9555,0.02171,-0.01386,0.03207,0.0,
740000,1000,0.0,-1.2511,-0.2780,-12.6195,0.00171,-0.04786,-0.00493,0.0,
740020,1000,0.0,-0.3491,-0.4320,-13.7205,0.02371,-0.04186,-0.00393,0.0,
740040,1000,0.0,0.6329,-0.0290,-13.8355,0.02071,0.06514,0.00607,0.0,
740060,1000,0.0,0.2689,0.4450,-13.5845,-0.02629,0.01514,0.01407,0.0,
740080,1000,0.0,-1.0521,-0.1800,-13.4935,-0.02429,-0.03386,0.01307,0.0,
740100,1000,0.0,-1.1231,-1.0560,-12.8495,0.03371,-0.04086,-0.00093,0.0,
740120,1000,0.0,-0.9201,-0.7310,-14.5955,0.02971,-0.05386,0.00507,0.0,
740140,1000,0.0,0.2099,-0.6180,-13.8145,0.05971,0.02414,0.00107,0.0,
740160,1000,0.0,0.3279,-0.3900,-13.6015,0.04271,0.05314,0.01407,0.0,
740180,1000,0.0,-0.1571,-0.2310,-12.5285,0.01271,0.01114,0.01607,0.0,
740200,1000,0.0,-1.4081,-0.3800,-13.9905,-0.01729,-0.09886,0.00207,0.0,
740220,1000,0.0,-1.4611,-0.0990,-14.2915,-0.02729,-0.08586,-0.01193,0.0,
740240,1000,0.0,-0.4801,-0.1040,-13.8245,0.01271,-0.02686,-0.01293,0.0,
740260,1000,0.0,0.5619,-0.6120,-12.5195,0.03971,0.09214,0.02407,0.0,
740280,1000,0.0,0.3349,-1.1140,-12.9915,0.06771,0.05614,0.01907,0.0,
740300,1000,0.0,-0.3621,-0.4400,-14.3155,0.03771,-0.00586,-0.00093,0.0,
740320,1000,0.0,-1.1871,0.0110,-13.5405,-0.02329,-0.05586,0.00907,0.0,
740340,1000,0.0,-1.0531,-0.1680,-14.2685,0.01571,-0.07386,-0.00493,0.0,
740360,1000,0.0,-0.2511,-0.2800,-12.4795,-0.01929,0.02814,0.01707,0.0,
740380,1000,0.0,0.0059,-0.1370,-13.4035,-0.02029,0.03814,0.01307,0.0,
740400,1000,0.0,-0.0671,-0.5570,-13.4995,0.03171,0.04314,0.00107,0.0,
740420,1000,0.0,-0.0161,-0.7890,-14.2085,0.05271,0.04114,0.00807,0.0,
740440,1000,0.0,-0.4601,-0.0890,-13.4155,-0.00929,-0.01186,0.00307,0.0,
740460,1000,0.0,-1.2841,-0.2750,-12.7175,0.02971,-0.09886,-0.00993,0.0,
740480,1000,0.0,-0.2941,-0.0220,-13.9585,-0.03429,-0.00286,0.01107,0.0,
740500,1000,0.0,-0.3671,-0.2550,-14.6125,-0.00629,0.02714,0.02307,0.0,
740520,1000,0.0,-0.0881,-0.5250,-13.7995,0.01771,0.05414,0.00307,0.0,
740540,1000,0.0,-0.0671,-1.1120,-12.5705,0.08671,0.03714,0.00407,0.0,
740560,1000,0.0,-0.3271,-0.4900,-13.0635,0.01471,-0.03586,-0.00193,0.0,
740580,1000,0.0,-0.5141,-0.0770,-14.1245,0.00871,-0.02986,-0.00593,0.0,
740600,1000,0.0,-0.7531,-0.2250,-14.8725,-0.01129,-0.02986,0.01507,0.0,
740620,1000,0.0,-0.3491,0.3930,-12.7645,-0.06429,0.02814,0.02307,0.0,
740640,1000,0.0,-0.7501,-1.1210,-12.9985,0.06471,-0.00486,0.02307,0.0,
740660,1000,0.0,-0.4271,-0.9520,-13.7985,0.06171,-0.00486,0.00807,0.0,
740680,1000,0.0,-0.0591,-0.1010,-14.4685,-0.00829,0.01414,-0.01193,0.0,
740700,1000,0.0,-0.8621,-0.2150,-14.2525,0.02671,-0.05286,-0.00793,0.0,
740720,1000,0.0,-0.3831,0.2560,-12.6365,-0.04229,-0.01186,0.00607,0.0,
740740,1000,0.0,-0.2251,0.0280,-12.9425,-0.02429,0.02714,0.03207,0.0,
740760,1000,0.0,-0.1521,-0.0070,-14.0635,-0.02029,0.01114,-0.00193,0.0,
740780,1000,0.0,-0.6321,-0.3590,-14.1485,0.01371,-0.01986,-0.00893,0.0,
740800,1000,0.0,-0.6061,-0.8540,-13.3775,0.04971,-0.01886,0.00407,0.0,
740820,1000,0.0,-0.4681,-0.4760,-13.0115,0.04371,-0.01186,0.00707,0.0,
740840,1000,0.0,0.0629,-0.4270,-13.3885,0.02271,0.02114,0.02907,0.0,
740860,1000,0.0,-0.7471,0.4930,-14.1565,-0.02029,-0.02086,0.01107,0.0,
740880,1000,0.0,-0.4921,-0.2280,-13.1435,0.00671,-0.01186,0.00707,0.0,
740900,1000,0.0,-0.1521,-1.0640,-13.6515,0.07171,0.02214,0.00107,0.0,
740920,1000,0.0,-0.5661,-0.0600,-14.0135,-0.01829,-0.01686,0.00507,0.0,
740940,1000,0.0,-0.7011,-0.5630,-13.5145,0.04071,-0.02286,0.03107,0.0,
740960,1000,0.0,-0.5671,-0.3980,-13.5405,0.02271,-0.02786,-0.00293,0.0,
740980,1000,0.0,-0.1961,-0.2380,-13.0795,-0.01129,0.04214,0.00807,0.0,
741000,1000,0.0,0.1039,-0.7500,-13.2075,0.06371,0.02214,-0.00393,0.0,
741020,1000,0.0,0.0169,0.0690,-13.7135,0.00471,0.04214,0.01507,0.0,
741040,1000,0.0,-1.0081,-0.5180,-13.8735,0.00371,-0.05186,0.01807,0.0,
741060,1000,0.0,-1.0991,-0.0470,-13.1195,-0.03029,-0.04486,0.00107,0.0,
741080,1000,0.0,0.0659,-0.3540,-13.5515,0.00271,0.05314,0.00207,0.0,
741100,1000,0.0,0.3849,-0.8970,-13.3265,0.05871,0.06814,0.01707,0.0,
741120,1000,0.0,0.0149,-0.7290,-13.7805,0.08671,-0.01986,0.00207,0.0,
741140,1000,0.0,-1.4131,-0.4970,-12.6185,0.02171,-0.08686,0.00707,0.0,
741160,1000,0.0,-1.4131,0.1760,-14.1415,-0.02029,-0.07186,0.01107,0.0,
741180,1000,0.0,-0.4991,-0.2670,-14.0575,-0.01229,0.01114,0.02007,0.0,
741200,1000,0.0,-0.3601,-1.1630,-13.5975,0.07071,-0.01986,-0.00193,0.0,
741220,1000,0.0,0.4859,-0.5710,-12.3015,0.04171,0.05614,0.00307,0.0,
741240,1000,0.0,-0.2981,0.1210,-13.6515,-0.02029,0.00714,0.00807,0.0,
741260,1000,0.0,-0.4681,-0.2130,-13.9965,0.02071,-0.01686,0.01107,0.0,
741280,1000,0.0,-1.3381,-0.3620,-14.2065,0.03171,-0.09786,0.01207,0.0,
741300,1000,0.0,-0.8431,0.0780,-12.9825,-0.03429,-0.00886,0.02207,0.0,
741320,1000,0.0,-0.4381,-0.6350,-12.9285,0.03271,-0.00386,0.00207,0.0,
741340,1000,0.0,0.7519,-0.6400,-13.9535,0.04071,0.08714,0.00007,0.0,
741360,1000,0.0,-0.9011,-0.4490,-13.8135,0.02271,-0.06386,0.00207,0.0,
741380,1000,0.0,-0.3811,0.5050,-14.5045,-0.04029,0.00214,0.00707,0.0,
741400,1000,0.0,-0.6401,-0.1110,-12.3255,0.00171,-0.01686,0.01607,0.0,
741420,1000,0.0,-0.3951,-0.4530,-13.3085,0.01471,0.01214,0.02107,0.0,
741440,1000,0.0,-0.5671,0.0610,-14.5365,0.00671,-0.00286,-0.00393,0.0,
741460,1000,0.0,0.1459,-0.8110,-14.2595,0.03971,0.02814,-0.00193,0.0,
741480,1000,0.0,0.2929,-0.4640,-13.3015,0.00471,0.05614,0.01007,0.0,
741500,1000,0.0,-0.4331,-0.3190,-12.8405,0.02371,-0.00286,0.00707,0.0,
741520,1000,0.0,-0.8001,-0.0160,-13.9235,0.01771,-0.06686,0.00107,0.0,
741540,1000,0.0,-0.5451,0.2850,-14.7045,-0.05829,0.00914,0.00907,0.0,
741560,1000,0.0,-0.8061,-0.3400,-13.3195,0.00671,-0.02886,0.01807,0.0,
741580,1000,0.0,-0.3371,-0.8630,-12.5995,0.05371,0.01714,0.00807,0.0,
741600,1000,0.0,-0.2151,-0.3710,-13.7985,0.00871,0.03814,0.02707,0.0,
741620,1000,0.0,-0.7991,-0.6600,-14.4405,0.07271,-0.07486,-0.01793,0.0,
741640,1000,0.0,-0.8581,0.3320,-14.4215,-0.02029,-0.05886,-0.00093,0.0,
741660,1000,0.0,-1.0481,-0.1180,-12.2735,-0.01829,-0.02486,0.02707,0.0,
741680,1000,0.0,-0.5291,-0.0310,-12.7385,-0.02529,0.00514,0.02607,0.0,
741700,1000,0.0,0.1709,-1.0340,-14.2595,0.07371,0.04214,-0.00093,0.0,
741720,1000,0.0,-0.6421,-0.4290,-14.3075,0.02171,-0.01086,-0.00793,0.0,
741740,1000,0.0,-0.1031,-0.0250,-13.2455,-0.00429,0.00714,-0.00493,0.0,
741760,1000,0.0,-0.8941,-0.4840,-12.9065,0.02571,-0.06186,0.02707,0.0,
741780,1000,0.0,-0.3561,0.7500,-13.5925,-0.07729,0.00814,0.02407,0.0,
741800,1000,0.0,-0.5171,-0.0030,-14.8325,-0.01129,0.01214,0.00807,0.0,
741820,1000,0.0,0.0909,-1.0530,-12.5045,0.08471,0.03214,-0.00293,0.0,
741840,1000,0.0,-0.2201,-0.2090,-13.2455,0.00771,-0.00886,0.00407,0.0,
741860,1000,0.0,-0.9561,-0.2390,-13.8945,0.00271,-0.05386,0.01307,0.0,
741880,1000,0.0,-0.3061,-0.3040,-14.1975,0.01871,0.02014,0.01507,0.0,
741900,1000,0.0,-0.7321,-0.8670,-13.2125,0.05971,-0.00286,0.01107,0.0,
741920,1000,0.0,-0.4931,-0.9370,-12.7775,0.06171,-0.03186,0.00107,0.0,
741940,1000,0.0,0.2089,0.8770,-14.1185,-0.08029,0.03814,0.00307,0.0,
741960,1000,0.0,-0.3161,-0.1010,-14.0875,-0.02129,-0.03086,0.01407,0.0,
741980,1000,0.0,-0.5631,-0.7910,-13.0385,0.03371,-0.01286,0.00307,0.0,
742000,1000,0.0,-0.8551,-1.1510,-12.9165,0.07971,-0.01986,-0.00093,0.0,
742020,1000,0.0,-0.3261,-0.2660,-13.6515,0.01771,0.01614,0.00407,0.0,
742040,1000,0.0,-0.4021,0.3590,-13.7985,-0.00129,-0.00686,0.01207,0.0,
742060,1000,0.0,-0.9761,-0.1500,-13.6645,-0.01629,-0.08586,0.00707,0.0,
742080,1000,0.0,-0.1581,-0.2870,-13.2835,-0.03329,0.04214,-0.00093,0.0,
742100,1000,0.0,0.2069,-0.9010,-13.9825,0.02671,0.09414,-0.00793,0.0,
742120,1000,0.0,-0.8141,-0.8720,-13.9775,0.07171,-0.04286,-0.00393,0.0,
742140,1000,0.0,0.3559,-0.0800,-13.1415,0.02071,0.03614,0.01607,0.0,
742160,1000,0.0,-0.9201,0.1980,-13.0655,0.00471,-0.07886,0.02407,0.0,
742180,1000,0.0,-1.3021,0.6180,-14.3245,-0.09129,-0.06286,0.01707,0.0,
742200,1000,0.0,-0.8671,-1.4460,-14.0625,0.06571,-0.01586,-0.00093,0.0,
742220,1000,0.0,-0.1971,-1.1270,-13.8515,0.08871,0.00114,-0.01793,0.0,
742240,1000,0.0,-0.0391,0.5130,-12.1835,0.00071,0.00914,0.00007,0.0,
742260,1000,0.0,-0.5431,-0.0820,-14.2305,0.00971,-0.01686,0.01107,0.0,
742280,1000,0.0,-1.9291,0.4050,-13.7895,-0.04829,-0.12986,0.01507,0.0,
742300,1000,0.0,-1.0751,-0.1000,-13.9165,-0.02829,-0.03486,0.01207,0.0,
742320,1000,0.0,-0.6461,-0.5060,-13.1605,0.02971,-0.01886,-0.00093,0.0,
742340,1000,0.0,-0.0161,-0.5210,-13.2865,0.03571,0.00114,-0.00193,0.0,
742360,1000,0.0,-0.3421,-0.3770,-13.7725,0.03571,0.01314,0.01207,0.0,
742380,1000,0.0,-0.2691,-0.2720,-13.6025,0.01471,0.02514,0.00207,0.0,
742400,1000,0.0,-0.8861,0.1950,-13.3645,-0.04329,-0.04486,0.01307,0.0,
742420,1000,0.0,-0.4531,-0.5340,-13.2005,0.00171,0.00314,0.00807,0.0,
742440,1000,0.0,-0.1621,0.0000,-13.4625,0.00071,0.00314,0.02007,0.0,
742460,1000,0.0,-0.9951,0.1710,-14.6805,-0.01929,-0.02186,0.01907,0.0,
742480,1000,0.0,-1.2491,-0.7910,-14.0805,0.05471,-0.06786,0.00707,0.0,
742500,1000,0.0,0.3519,-1.0440,-11.6125,0.09471,0.07114,-0.01093,0.0,
742520,1000,0.0,-0.1871,-0.8600,-13.5815,0.06271,0.02914,0.02707,0.0,
742540,1000,0.0,-0.9221,0.5180,-14.2945,-0.04529,-0.05486,0.01207,0.0,
742560,1000,0.0,-1.9021,0.8860,-15.0665,-0.10329,-0.16686,0.00307,0.0,
742580,1000,0.0,-0.8431,-0.0410,-12.8125,-0.03329,-0.04086,0.01307,0.0,
742600,1000,0.0,0.6889,-1.2810,-12.2455,0.11671,0.14714,0.01407,0.0,
742620,1000,0.0,0.7149,-1.0730,-14.4675,0.08671,0.10014,0.00707,0.0,
742640,1000,0.0,-0.7391,0.8820,-14.1705,-0.07629,-0.00786,-0.00893,0.0,
742660,1000,0.0,-1.7321,1.1890,-13.1555,-0.12129,-0.17586,-0.00893,0.0,
742680,1000,0.0,-0.9841,-0.0590,-13.3515,-0.00429,-0.04286,0.03807,0.0,
742700,1000,0.0,0.3499,-0.8380,-13.1505,0.04671,0.12114,0.04207,0.0,
742720,1000,0.0,0.1499,-1.3500,-14.4835,0.10971,0.04214,-0.00493,0.0,
742740,1000,0.0,-0.1821,-0.1690,-13.0335,0.00871,0.01914,-0.00193,0.0,
742760,1000,0.0,-1.1921,0.0670,-13.4425,-0.00229,-0.04986,0.00207,0.0,
742780,1000,0.0,-0.8431,-0.8910,-13.4545,0.06971,-0.04486,0.01807,0.0,
742800,1000,0.0,-0.2541,-0.6720,-14.1615,0.05671,-0.00086,0.01307,0.0,
742820,1000,0.0,-0.1181,-0.0200,-13.1125,-0.02829,0.03814,0.00707,0.0,
742840,1000,0.0,-0.0401,0.5260,-13.9355,-0.05729,0.03614,0.02207,0.0,
742860,1000,0.0,-0.1001,-0.9710,-13.1415,0.06171,0.02814,0.01307,0.0,
742880,1000,0.0,-0.9911,-0.9820,-13.9355,0.06471,-0.02986,-0.02093,0.0,
742900,1000,0.0,-0.6071,-0.5560,-12.8715,0.03571,-0.00786,-0.01593,0.0,
742920,1000,0.0,-0.6521,0.0530,-14.1445,-0.01029,-0.04186,0.03007,0.0,
742940,1000,0.0,-0.5531,1.1230,-14.2405,-0.07929,-0.02986,0.04607,0.0,
742960,1000,0.0,-0.3871,0.6900,-13.4325,-0.05629,0.00014,0.03107,0.0,
742980,1000,0.0,-0.3011,-1.0080,-12.2435,0.06871,0.02814,-0.02893,0.0,
743000,1000,0.0,0.0999,-0.2460,-12.1835,0.03271,0.01814,0.03207,0.0,
743020,1000,0.0,-0.4301,-0.4760,-11.8425,0.01971,0.01214,-0.01493,0.0,
743040,1000,0.0,-0.7371,-0.1770,-10.6585,0.02571,-0.03586,0.01407,0.0,
743060,1000,0.0,-0.0801,0.4320,-10.4735,-0.04829,0.02314,-0.00593,0.0,
743080,1000,0.0,-0.2581,0.0520,-9.6965,0.02071,0.04514,0.01207,0.0,
743100,1000,0.0,-0.2131,0.2020,-8.8165,-0.02529,0.01614,0.01407,0.0,
743120,1000,0.0,-1.5871,-0.3170,-9.6665,0.01471,-0.13886,0.00707,0.0,
743140,1000,0.0,0.0119,-0.2920,-7.0915,0.02171,0.10714,0.01307,0.0,
743160,1000,0.0,0.0009,0.5370,-7.9475,-0.00929,-0.09086,-0.00393,0.0,
743180,1000,0.0,-0.3061,0.2000,-6.5625,0.03471,0.20714,0.02607,0.0,
743200,1000,0.0,-0.7321,2.4660,-6.8315,-0.39229,-0.01286,-0.03693,0.0,
743220,1000,0.0,-0.9681,2.7330,-7.3825,-0.27129,-0.00886,-0.04093,0.0,
743240,1000,0.0,1.0879,-1.8470,-4.8895,0.30771,0.00814,0.00907,0.0,
743260,1000,0.0,-0.2081,2.5600,-7.4645,-0.18829,-0.02286,-0.02193,0.0,
743280,1000,0.0,0.0689,-0.7450,-4.6135,-0.00929,0.04414,0.02307,0.0,
743300,1000,0.0,0.6069,-0.0700,-2.3345,0.02871,0.12014,0.00907,0.0,
743320,1000,0.0,-0.0771,-0.0050,-3.8135,0.02671,0.04114,-0.00093,0.0,
743340,1000,0.0,-0.8851,-0.0850,-3.5555,-0.00029,-0.06186,0.00507,0.0,
743360,1000,0.0,-0.3801,-0.0860,-3.1665,0.00171,-0.02286,0.00807,0.0,
743380,1000,0.0,-0.1641,0.3690,-2.1025,-0.00629,0.01314,0.00007,0.0,
743400,1000,0.0,-0.0541,0.1850,-2.6315,-0.03229,-0.00486,0.00607,0.0,
743420,1000,0.0,-0.1191,0.3120,-2.1545,-0.00129,0.00714,0.00707,0.0,
743440,1000,0.0,0.3189,-0.0270,-1.4755,-0.00529,0.05114,0.00307,0.0,
743460,1000,0.0,-0.5271,-0.2670,-2.4235,0.01471,-0.04786,0.00007,0.0,
743480,1000,0.0,0.0869,-0.0800,-1.6855,0.02071,0.00314,0.00007,0.0,
743500,1000,0.0,0.1309,0.2730,-1.2735,-0.00629,0.02914,0.00207,0.0,
743520,1000,0.0,-0.0121,0.0690,-1.2965,-0.00529,0.01214,0.00107,0.0,
743540,1000,0.0,-0.2181,0.0970,-1.4055,-0.01629,-0.01386,0.00407,0.0,
743560,1000,0.0,0.2579,-0.3990,-1.2225,0.03271,0.02814,0.00107,0.0,
743580,1000,0.0,-0.0411,-0.1440,-1.4045,0.00771,-0.00286,0.00007,0.0,
743600,1000,0.0,0.1399,0.0940,-0.9555,-0.00629,0.00814,0.00307,0.0,
743620,1000,0.0,-0.0731,-0.2260,-0.8055,0.01671,-0.00886,0.00007,0.0,
743640,1000,0.0,0.2129,-0.0760,-0.7525,0.00671,0.02114,0.00107,0.0,
743660,1000,0.0,0.0709,0.1060,-1.1085,0.00071,0.00714,0.00207,0.0,
743680,1000,0.0,0.1319,0.3980,-0.6435,-0.01929,0.01414,0.00607,0.0,
743700,1000,0.0,-0.1171,0.0960,-0.9115,-0.00729,-0.02286,0.00107,0.0,
743720,1000,0.0,0.0659,-1.0350,-0.8705,0.06571,0.00514,0.00907,0.0,
743740,1000,0.0,0.1839,-0.2640,-0.5205,0.01371,0.03514,0.00207,0.0,
743760,1000,0.0,0.0639,0.2990,-0.2545,-0.01429,0.00914,0.00307,0.0,
743780,1000,0.0,-0.0081,0.7920,-0.5495,-0.05629,-0.00986,-0.00093,0.0,
743800,1000,0.0,0.2819,0.1300,-0.9855,-0.01829,0.02314,-0.00493,0.0,
743820,1000,0.0,-0.2081,-1.0830,-0.4685,0.07871,-0.00786,0.01107,0.0,
743840,1000,0.0,0.0529,-0.2150,-0.0845,0.02171,0.00814,-0.00193,0.0,
743860,1000,0.0,-0.0241,1.9780,-0.7515,-0.15029,-0.00786,-0.00193,0.0,
743880,1000,0.0,0.4679,-0.2690,-0.6105,0.00271,0.04014,0.00307,0.0,
743900,1000,0.0,-0.1861,-1.7520,0.2745,0.13871,-0.03286,0.00407,0.0,
743920,1000,0.0,0.1479,0.9510,-0.4765,-0.08029,0.01814,0.00507,0.0,
743940,1000,0.0,0.3889,0.3610,-0.4735,-0.02129,0.04314,0.00507,0.0,
743960,1000,0.0,-0.2771,0.3710,-0.1465,-0.03829,-0.03086,0.00007,0.0,
743980,1000,0.0,0.0509,-0.9840,-0.3405,0.07171,0.01514,0.00907,0.0,
744000,1000,0.0,-0.2071,-0.1020,-0.1455,-0.00329,-0.02986,0.00107,0.0,
744020,1000,0.0,0.0279,0.5160,-0.4235,-0.04729,0.01614,-0.00193,0.0,
744040,1000,0.0,-0.0831,0.1270,-0.2035,-0.01029,-0.01786,0.00207,0.0,
744060,1000,0.0,-0.0651,-0.3100,-0.0795,0.01671,0.00314,-0.00093,0.0,
744080,1000,0.0,0.0559,-0.2080,-0.2105,0.02471,-0.00886,-0.00193,0.0,
744100,1000,0.0,0.2149,0.1030,-0.2865,-0.00429,0.01614,0.00007,0.0,
744120,1000,0.0,-0.1431,0.1480,-0.2045,-0.01129,-0.02286,0.00307,0.0,
744140,1000,0.0,0.5629,-0.1280,-0.1165,0.01071,0.04714,0.00407,0.0,
744160,1000,0.0,-0.6651,-0.0140,-0.0685,-0.00229,-0.05786,-0.00093,0.0,
744180,1000,0.0,0.1349,-0.1650,-0.0495,0.01271,0.01214,0.00007,0.0,
744200,1000,0.0,0.0959,0.3560,-0.0305,-0.02829,0.01014,0.00107,0.0,
744220,1000,0.0,0.0479,-0.1450,-0.1325,0.00971,-0.00286,0.00107,0.0,
744240,1000,0.0,-0.2651,0.0660,-0.1305,-0.00629,-0.02186,0.00407,0.0,
744260,1000,0.0,0.1049,0.1170,-0.1665,-0.00829,0.00214,0.00207,0.0,
744280,1000,0.0,-0.0871,0.0440,-0.1665,-0.00529,-0.00086,0.00507,0.0,
744300,1000,0.0,0.3279,0.0580,-0.1445,-0.00829,0.03014,0.00407,0.0,
744320,1000,0.0,-0.1531,-0.0320,-0.1685,0.00171,-0.01486,0.00207,0.0,
744340,1000,0.0,-0.2111,-0.0320,-0.1135,0.00371,-0.01586,0.00407,0.0,
744360,1000,0.0,0.0929,0.1630,-0.1405,-0.01729,0.01014,0.00407,0.0,
744380,1000,0.0,-0.1111,0.1090,-0.1035,-0.00929,-0.00986,-0.00293,0.0,
744400,1000,0.0,0.0949,0.2630,-0.1365,-0.02529,0.00914,0.00707,0.0,
744420,1000,0.0,0.7149,0.1460,0.0725,-0.02329,0.05814,0.00707,0.0,
744440,1000,0.0,0.7519,0.0200,-0.0185,-0.00429,0.06114,0.00007,0.0,
744460,1000,0.0,-0.0941,-0.1520,-0.0455,0.01271,-0.01086,0.00107,0.0,
744480,1000,0.0,0.0899,-0.1030,-0.1015,0.00571,0.01214,0.00107,0.0,
744500,1000,0.0,0.2689,-0.1670,0.1175,0.01271,0.02314,-0.00193,0.0,
744520,1000,0.0,0.0999,0.0010,-0.0355,-0.00429,0.00814,0.00207,0.0,
744540,1000,0.0,0.1259,-0.2570,-0.0415,0.01771,0.00514,0.00007,0.0,
744560,1000,0.0,0.0369,-0.0540,-0.0855,0.00671,0.00014,-0.00293,0.0,
744580,1000,0.0,-0.1751,0.3140,-0.0575,-0.02829,-0.01086,0.00307,0.0,
744600,1000,0.0,-0.2821,0.1650,0.0985,-0.01229,-0.02286,0.00207,0.0,
744620,1000,0.0,-0.0691,0.0040,-0.1775,-0.00029,-0.01086,0.00007,0.0,
744640,1000,0.0,0.1939,-0.2360,0.1625,0.02171,0.00714,-0.00193,0.0,
744660,1000,0.0,0.1549,-0.0250,0.0335,0.00171,0.01514,0.00307,0.0,
744680,1000,0.0,0.0339,-0.1580,0.0245,0.00271,0.00714,0.00507,0.0,
744700,1000,0.0,-0.0511,0.0180,0.0415,-0.00629,-0.00486,-0.00093,0.0,
744720,1000,0.0,-0.0351,0.1080,0.0625,-0.00629,-0.01186,0.00207,0.0,
744740,1000,0.0,-0.1531,0.1120,0.0365,-0.00429,-0.01886,0.00107,0.0,
744760,1000,0.0,0.2519,-0.1790,0.1065,0.00971,0.02414,-0.00293,0.0,
744780,1000,0.0,-0.1341,0.1400,0.0385,-0.01229,-0.01386,0.00207,0.0,
744800,1000,0.0,-0.0671,0.2260,0.0965,-0.01529,-0.00686,0.00107,0.0,
744820,1000,0.0,0.1889,-0.0810,-0.0365,-0.00129,0.01314,0.00207,0.0,
744840,1000,0.0,0.3549,-0.0940,0.0085,0.01071,0.02214,0.00107,0.0,
744860,1000,0.0,-0.0761,-0.0640,-0.0735,0.00371,-0.01286,-0.00693,0.0,
744880,1000,0.0,0.2309,-0.0570,-0.0085,0.00771,0.01414,-0.00493,0.0,
744900,1000,0.0,0.3059,-0.1030,0.0835,0.00371,0.02214,-0.00093,0.0,
744920,1000,0.0,-0.0391,-0.1720,-0.0505,0.01771,-0.01286,-0.00093,0.0,
744940,1000,0.0,0.1059,-0.0090,-0.0245,-0.00029,0.00914,0.00607,0.0,
744960,1000,0.0,0.2169,-0.0230,0.0815,-0.00229,0.01914,0.01407,0.0,
744980,1000,0.0,-0.0171,0.0210,-0.0485,-0.00629,-0.00086,0.00407,0.0,
745000,1000,0.0,0.1149,-0.0350,0.0815,0.00471,0.01114,0.00607,0.0,
745020,1000,0.0,-0.1791,0.0550,0.0125,-0.00429,-0.01886,-0.00593,0.0,
745040,1000,0.0,0.2939,-0.1300,0.0515,0.00371,0.02814,0.00307,0.0,
745060,1000,0.0,0.2319,-0.0100,-0.1155,-0.00429,0.02014,0.00907,0.0,
745080,1000,0.0,-0.3541,0.1730,-0.0245,-0.01529,-0.02786,-0.00293,0.0,
745100,1000,0.0,0.0839,0.0780,0.1535,-0.00729,0.00414,0.01607,0.0,
745120,1000,0.0,-0.1171,-0.0040,0.0765,-0.00229,-0.00786,-0.00293,0.0,
745140,1000,0.0,0.1059,0.0400,0.0055,-0.00329,0.00614,0.00707,0.0,
745160,1000,0.0,0.0199,-0.0140,-0.0035,-0.00429,0.00014,0.00307,0.0,
745180,1000,0.0,-0.2641,-0.0110,0.0585,-0.00029,-0.02386,0.00907,0.0,
745200,1000,0.0,-0.0011,0.1460,-0.0105,-0.01229,-0.00586,0.00507,0.0,
745220,1000,0.0,-0.0681,0.0270,-0.0295,-0.00729,-0.00386,0.00307,0.0,
745240,1000,0.0,0.6919,-0.0290,0.0045,0.00371,0.05214,0.01007,0.0,
745260,1000,0.0,-0.3391,0.0630,-0.0595,-0.00729,-0.02986,-0.00293,0.0,
745280,1000,0.0,0.0019,0.0230,-0.0515,-0.00129,-0.00286,0.00207,0.0,
745300,1000,0.0,0.0969,0.2120,-0.0465,-0.01929,0.01014,0.01107,0.0,
745320,1000,0.0,-0.0341,0.0990,0.0665,-0.01529,0.00414,0.01307,0.0,
745340,1000,0.0,0.1359,-0.1230,0.1175,0.00971,0.01014,0.00107,0.0,
745360,1000,0.0,-0.0381,0.0750,0.1195,-0.00529,-0.01086,-0.00093,0.0,
745380,1000,0.0,-0.0551,-0.1490,-0.0075,0.01271,-0.00486,-0.00993,0.0,
745400,1000,0.0,-0.0321,0.0270,0.1255,0.00071,-0.00886,-0.00093,0.0,
745420,1000,0.0,0.0179,-0.0070,-0.0005,-0.00229,0.00314,0.00707,0.0,
745440,1000,0.0,-0.0791,0.1340,0.0135,-0.01229,-0.00886,0.00607,0.0,
745460,1000,0.0,0.0959,-0.1420,0.0655,0.00971,0.00314,-0.00293,0.0,
745480,1000,0.0,-0.0911,-0.0270,0.0605,-0.00029,-0.00986,-0.00293,0.0,
745500,1000,0.0,0.1359,0.0050,-0.0005,-0.00429,0.00814,0.00207,0.0,
745520,1000,0.0,0.2399,-0.0860,-0.0035,-0.00129,0.02314,0.01207,0.0,
745540,1000,0.0,0.0829,-0.2170,-0.0235,0.01471,0.00414,-0.00593,0.0,
745560,1000,0.0,0.1149,0.0270,-0.0035,0.00171,-0.00186,-0.00093,0.0,
745580,1000,0.0,0.1669,-0.0350,0.1175,-0.00229,0.01614,0.00507,0.0,
745600,1000,0.0,-0.1811,0.0890,-0.0325,-0.01329,-0.01586,0.00107,0.0,
745620,1000,0.0,0.0959,-0.2080,0.0805,0.01771,0.00314,0.00007,0.0,
745640,1000,0.0,-0.3511,0.0330,-0.0415,-0.00929,-0.02486,-0.00193,0.0,
745660,1000,0.0,0.1839,-0.1710,0.1505,0.01471,0.01414,-0.00293,0.0,
745680,1000,0.0,-0.2421,0.2510,0.0215,-0.01429,-0.02386,0.00007,0.0,
745700,1000,0.0,-0.1521,-0.0600,0.0065,-0.00529,-0.00686,0.00407,0.0,
745720,1000,0.0,0.2149,-0.0280,0.1015,0.00171,0.01414,-0.00093,0.0,
745740,1000,0.0,0.1499,0.0900,0.0745,-0.00729,0.00914,0.00307,0.0,
745760,1000,0.0,-0.1241,0.1410,0.0815,-0.01729,-0.00586,0.00907,0.0,
745780,1000,0.0,0.2699,-0.3150,0.2775,0.02071,0.02714,0.00107,0.0,
745800,1000,0.0,-0.1711,0.1630,0.0495,-0.00629,-0.01786,0.00107,0.0,
745820,1000,0.0,-0.0371,0.1550,-0.0455,-0.01729,-0.00786,0.00307,0.0,
745840,1000,0.0,0.1139,0.0550,0.0805,-0.01029,0.01114,0.00607,0.0,
745860,1000,0.0,-0.0591,0.1040,0.0605,-0.01129,-0.00386,0.00307,0.0,
745880,1000,0.0,0.0099,-0.1070,0.0265,0.00371,-0.00286,-0.00093,0.0,
745900,1000,0.0,0.2809,-0.1930,0.0145,0.01771,0.01814,-0.00093,0.0,
745920,1000,0.0,-0.0211,-0.2590,0.0815,0.02171,-0.00586,0.00207,0.0,
745940,1000,0.0,0.0679,-0.1430,0.0245,0.00671,0.01014,0.00307,0.0,
745960,1000,0.0,-0.0311,-0.0860,0.0115,-0.00029,-0.00186,0.00007,0.0,
745980,1000,0.0,-0.1221,0.0300,-0.0645,-0.00329,-0.01486,0.00007,0.0,
746000,1000,0.0,-0.1641,-0.0300,-0.1015,0.00771,-0.01386,-0.00093,0.0,
746020,1000,0.0,0.0099,0.0630,0.0605,-0.00629,-0.00786,0.00107,0.0,
746040,1000,0.0,-0.0741,-0.0410,0.1685,-0.00129,-0.00586,0.00207,0.0,
746060,1000,0.0,0.3009,-0.2130,0.0745,0.01771,0.02214,-0.00193,0.0,
746080,1000,0.0,-0.4731,0.3340,-0.1205,-0.02829,-0.03886,0.00207,0.0,
746100,1000,0.0,0.1319,-0.2330,-0.0475,0.02071,0.01114,-0.00193,0.0,
746120,1000,0.0,0.1939,0.0410,0.1185,-0.00229,0.01014,0.00207,0.0,
746140,1000,0.0,0.1689,-0.1500,0.0675,0.00771,0.01614,0.00007,0.0,
746160,1000,0.0,0.0339,0.0650,0.0265,-0.00429,-0.00486,0.00207,0.0,
746180,1000,0.0,0.1699,-0.2160,0.0755,0.01771,0.01314,-0.00293,0.0,
746200,1000,0.0,0.0309,0.1320,0.0955,-0.00829,-0.00086,0.00307,0.0,
746220,1000,0.0,-0.0391,-0.0830,0.0745,0.00271,0.00114,-0.00293,0.0,
746240,1000,0.0,0.1399,-0.0370,0.0635,0.00471,0.00714,0.00307,0.0,
746260,1000,0.0,-0.0551,0.2620,-0.0255,-0.02729,-0.00286,0.00807,0.0,
746280,1000,0.0,0.0579,0.0850,0.1005,-0.00629,-0.00186,0.00307,0.0,
746300,1000,0.0,0.3229,-0.0220,0.0585,0.00071,0.02414,0.00407,0.0,
746320,1000,0.0,0.0659,-0.1980,0.0835,0.01271,0.00514,-0.00193,0.0,
746340,1000,0.0,-0.0661,0.1300,-0.0345,-0.00429,-0.00986,-0.00093,0.0,
746360,1000,0.0,-0.1421,0.2110,0.0695,-0.01829,-0.01786,0.00107,0.0,
746380,1000,0.0,0.0039,-0.1360,0.0185,-0.00029,0.00514,0.00207,0.0,
746400,1000,0.0,-0.0951,0.0490,0.0715,-0.00129,-0.00986,0.00307,0.0,
746420,1000,0.0,-0.1311,-0.0710,0.0595,-0.00129,-0.00586,0.00307,0.0,
746440,1000,0.0,-0.3671,0.1890,-0.1015,-0.01329,-0.02886,0.00407,0.0,
746460,1000,0.0,0.1899,-0.1080,0.1555,0.00471,0.01414,0.00407,0.0,
746480,1000,0.0,0.0419,0.0630,0.1965,-0.00829,0.00014,0.00507,0.0,
746500,1000,0.0,0.0019,0.0300,0.1125,-0.00529,-0.00586,0.00507,0.0,
746520,1000,0.0,0.0969,0.0740,0.0565,-0.01229,0.01014,0.00307,0.0,
746540,1000,0.0,0.3379,-0.0720,0.1235,0.00771,0.02514,0.00107,0.0,
746560,1000,0.0,0.0079,0.0090,0.1195,-0.00229,-0.00386,0.00307,0.0,
746580,1000,0.0,-0.2661,0.1120,0.1295,-0.00729,-0.02686,0.00207,0.0,
746600,1000,0.0,0.0659,-0.0670,-0.0055,0.00371,0.00514,0.00107,0.0,
746620,1000,0.0,0.0399,-0.0960,0.0945,0.00071,-0.00586,0.00007,0.0,
746640,1000,0.0,0.0299,0.1940,-0.0235,-0.00929,-0.00286,0.00007,0.0,
746660,1000,0.0,0.0099,0.1590,0.0085,-0.01429,0.00014,0.00107,0.0,
746680,1000,0.0,0.0119,-0.0970,0.0545,0.00071,0.00314,0.00407,0.0,
746700,1000,0.0,-0.0361,0.1820,0.0485,-0.00829,-0.01386,0.00007,0.0,
746720,1000,0.0,-0.1531,-0.0420,0.0875,0.00271,-0.01486,0.00007,0.0,
746740,1000,0.0,0.1849,-0.0970,0.0645,0.00371,0.01714,0.00207,0.0,
746760,1000,0.0,-0.0071,0.0240,0.0975,-0.00229,-0.00186,0.00007,0.0,
746780,1000,0.0,0.0559,-0.0310,0.0475,0.00271,0.00514,-0.00193,0.0,
746800,1000,0.0,-0.0251,-0.0230,0.0845,-0.00229,-0.00486,0.00407,0.0,
746820,1000,0.0,0.2139,-0.0770,0.2425,0.00671,0.01614,0.00007,0.0,
746840,1000,0.0,-0.0071,-0.0300,0.0245,-0.00129,-0.00286,0.00007,0.0,
746860,1000,0.0,0.0589,-0.0770,0.1005,0.00471,0.00114,0.00007,0.0,
746880,1000,0.0,-0.0361,-0.1160,0.0825,0.01071,-0.00586,-0.00193,0.0,
746900,1000,0.0,0.0829,0.0870,0.0555,-0.01229,0.00414,0.00307,0.0,
746920,1000,0.0,-0.2501,0.0470,-0.0445,-0.00529,-0.02486,-0.00093,0.0,
746940,1000,0.0,0.2589,0.0360,0.0675,-0.00129,0.01714,0.00107,0.0,
746960,1000,0.0,0.0479,-0.0120,0.0225,0.00471,0.00114,-0.00193,0.0,
746980,1000,0.0,-0.1551,0.1210,0.0395,-0.01029,-0.01286,0.00307,0.0,
747000,1000,0.0,0.1049,-0.0420,-0.0415,0.00471,0.00914,0.00207,0.0,
747020,1000,0.0,0.0419,0.0850,-0.2185,0.00071,-0.00086,-0.00093,0.0,
747040,1000,0.0,-0.0371,0.1560,0.0205,-0.01329,-0.00486,0.00407,0.0,
747060,1000,0.0,-0.0141,-0.0820,0.1115,0.01171,-0.00586,-0.00293,0.0,
747080,1000,0.0,-0.2061,0.0980,0.1325,-0.00929,-0.02486,0.00407,0.0,
747100,1000,0.0,-0.1471,0.0570,0.1785,0.00071,-0.01886,-0.00093,0.0,
747120,1000,0.0,-0.0131,-0.0430,0.0915,-0.00229,0.00214,0.00207,0.0,
747140,1000,0.0,-0.0261,0.0340,-0.0245,-0.00029,-0.00786,0.00107,0.0,
747160,1000,0.0,0.1579,-0.1140,0.1155,0.00571,0.01114,0.00007,0.0,
747180,1000,0.0,-0.0281,-0.0430,0.0515,-0.00029,-0.00286,0.00307,0.0,
747200,1000,0.0,-0.0491,0.1810,0.0175,-0.01129,-0.00886,0.00307,0.0,
747220,1000,0.0,-0.1251,0.1100,0.0935,-0.00729,-0.01386,0.00307,0.0,
747240,1000,0.0,0.0059,-0.0760,0.2195,0.00271,0.00214,0.00107,0.0,
747260,1000,0.0,0.1539,0.0300,0.0325,-0.00529,0.00614,0.00307,0.0,
747280,1000,0.0,0.1919,-0.3330,0.1955,0.02071,0.01314,-0.00093,0.0,
747300,1000,0.0,-0.1231,-0.0640,0.1215,0.00371,-0.01086,-0.00093,0.0,
747320,1000,0.0,-0.0071,0.0590,0.1175,-0.00329,-0.00686,0.00007,0.0,
747340,1000,0.0,0.1849,-0.1780,0.2365,0.00771,0.01614,0.00207,0.0,
747360,1000,0.0,-0.1071,0.1680,-0.0535,-0.01929,-0.00886,0.00507,0.0,
747380,1000,0.0,-0.0221,0.0370,0.0595,-0.00229,-0.00986,0.00307,0.0,
747400,1000,0.0,-0.1501,0.1290,-0.0205,-0.00729,-0.02086,0.00207,0.0,
747420,1000,0.0,0.1439,-0.1700,-0.0505,0.00771,0.01414,-0.00393,0.0,
747440,1000,0.0,0.1069,0.0870,0.1075,-0.00229,-0.00086,0.00307,0.0,
747460,1000,0.0,-0.1881,0.0060,0.0155,-0.00929,-0.00886,0.00207,0.0,
747480,1000,0.0,0.2099,-0.1730,0.0605,0.01571,0.01214,-0.00293,0.0,
747500,1000,0.0,0.3959,-0.0360,0.0775,0.00171,0.01814,0.00107,0.0,
747520,1000,0.0,0.0479,0.0370,0.0365,-0.00129,0.00914,0.00007,0.0,
747540,1000,0.0,-0.2181,0.1080,0.1275,-0.01729,-0.01386,0.00507,0.0,
747560,1000,0.0,0.2429,-0.1520,0.0195,0.01371,0.01214,-0.00493,0.0,
747580,1000,0.0,-0.1461,-0.0070,-0.1605,-0.00029,-0.01186,0.00007,0.0,
747600,1000,0.0,-0.0571,0.1030,0.1605,-0.01429,0.00114,0.00307,0.0,
747620,1000,0.0,0.0499,0.0190,0.4685,-0.00229,0.00214,-0.00093,0.0,
747640,1000,0.0,0.0979,0.0930,0.0055,-0.00329,0.00414,0.00607,0.0,
747660,1000,0.0,0.3419,-0.2280,-0.0065,0.01471,0.03214,-0.00293,0.0,
747680,1000,0.0,-0.0481,0.2950,0.0085,-0.02429,-0.00486,0.00307,0.0,
747700,1000,0.0,-0.1781,0.0090,0.3615,-0.00529,-0.01886,0.00107,0.0,
747720,1000,0.0,-0.1031,0.0550,0.0595,-0.00729,-0.01086,0.00607,0.0,
747740,1000,0.0,-0.2191,0.1390,0.1285,-0.02729,-0.01286,0.01007,0.0,
747760,1000,0.0,-0.1721,0.1190,-0.0895,-0.01029,-0.01686,0.00007,0.0,
747780,1000,0.0,0.1189,0.0140,0.0465,-0.00629,0.01314,0.00007,0.0,
747800,1000,0.0,0.1019,0.1860,-0.0085,-0.00929,-0.00086,-0.00093,0.0,
747820,1000,0.0,-0.2921,-0.0780,0.3055,0.00171,-0.02386,0.00307,0.0,
747840,1000,0.0,-0.0371,-0.2460,0.2015,0.01171,0.00314,0.00207,0.0,
747860,1000,0.0,0.2309,0.1090,-0.1055,-0.00529,0.01914,-0.00093,0.0,
747880,1000,0.0,-0.0171,0.1910,0.0455,-0.01629,0.00014,0.00007,0.0,
747900,1000,0.0,0.0549,-0.1400,0.2655,0.00771,0.00914,0.00007,0.0,
747920,1000,0.0,-0.0371,0.1150,0.1725,-0.01029,-0.00886,0.00207,0.0,
747940,1000,0.0,0.3939,-0.2000,-0.0445,0.00771,0.03214,0.00407,0.0,
747960,1000,0.0,-0.0831,0.0440,-0.0995,-0.00529,-0.00886,0.00307,0.0,
747980,1000,0.0,-0.2381,0.0490,0.0045,-0.00929,-0.01886,0.00207,0.0,
748000,1000,0.0,0.0169,-0.0610,0.1255,-0.00429,0.00014,0.00707,0.0,
748020,1000,0.0,-0.0781,-0.0720,0.1485,0.00171,-0.00486,0.00107,0.0,
748040,1000,0.0,-0.3541,-0.1380,-0.0145,0.00771,-0.02686,0.00207,0.0,
748060,1000,0.0,0.2069,-0.0160,0.1235,0.00271,0.01614,-0.00193,0.0,
748080,1000,0.0,0.3049,-0.3390,0.1025,0.03071,0.02314,-0.00393,0.0,
748100,1000,0.0,-0.0111,-0.2670,0.0655,0.02071,-0.00286,-0.00493,0.0,
748120,1000,0.0,-0.2031,-0.1650,-0.0195,0.00371,-0.00486,-0.00193,0.0,
748140,1000,0.0,-0.3291,0.0880,0.0125,-0.01729,-0.01886,0.00407,0.0,
748160,1000,0.0,0.3749,-0.3090,0.0675,0.02171,0.03214,-0.00393,0.0,
748180,1000,0.0,0.0059,0.0390,0.0555,-0.00629,0.00414,0.00207,0.0,
748200,1000,0.0,0.0469,-0.2270,0.0855,0.01471,-0.00186,-0.00293,0.0,
748220,1000,0.0,0.1359,-0.2350,-0.0555,0.02471,0.01414,-0.00593,0.0,
748240,1000,0.0,0.1329,-0.3660,0.0645,0.02971,0.01614,-0.00393,0.0,
748260,1000,0.0,0.2889,-0.1290,0.1105,0.01271,0.01914,0.00007,0.0,
748280,1000,0.0,-0.1441,-0.0080,-0.0135,-0.00429,-0.00886,0.00307,0.0,
748300,1000,0.0,0.2799,-0.0580,0.2245,0.00871,0.01314,0.00107,0.0,
748320,1000,0.0,-0.0381,-0.1520,-0.0275,0.00671,0.00014,0.00007,0.0,
748340,1000,0.0,-0.1211,-0.1050,0.1445,-0.00129,-0.00886,0.00207,0.0,
748360,1000,0.0,-0.0851,0.0850,0.0525,-0.00829,-0.00986,0.00307,0.0,
748380,1000,0.0,0.3979,-0.0140,0.0385,0.00671,0.02514,-0.00293,0.0,
748400,1000,0.0,0.1319,-0.1360,0.0625,0.01271,0.00514,0.00007,0.0,
748420,1000,0.0,0.0959,0.0280,0.0755,-0.00929,0.01114,0.00307,0.0,
748440,1000,0.0,0.0699,-0.2070,0.0815,0.00871,0.01114,-0.00293,0.0,
748460,1000,0.0,-0.1741,0.0760,0.1025,-0.01229,-0.01386,0.00307,0.0,
748480,1000,0.0,-0.2281,-0.0250,0.0405,-0.00029,-0.01186,0.00107,0.0,
748500,1000,0.0,-0.1851,0.0160,0.1415,-0.00429,-0.02086,0.00507,0.0,
748520,1000,0.0,-0.0611,0.0830,-0.0005,-0.00129,-0.01086,-0.00193,0.0,
748540,1000,0.0,0.0279,-0.3580,0.1695,0.01771,0.00714,-0.00293,0.0,
748560,1000,0.0,-0.1301,0.3150,0.2125,-0.02829,-0.01686,0.00807,0.0,
748580,1000,0.0,0.1419,0.3030,0.1475,-0.03229,0.01214,0.00807,0.0,
748600,1000,0.0,0.3129,-0.0610,0.1495,0.00771,0.01714,-0.00293,0.0,
748620,1000,0.0,0.0289,0.0900,0.0245,0.00071,-0.00486,-0.00193,0.0,
748640,1000,0.0,0.1929,0.0160,0.1515,0.00071,0.00614,0.00207,0.0,
748660,1000,0.0,0.0559,0.0010,0.0615,0.00471,-0.00686,0.00207,0.0,
748680,1000,0.0,0.2269,0.0230,0.1285,0.00071,0.01014,0.00207,0.0,
748700,1000,0.0,-0.1461,0.3810,0.0885,-0.03129,-0.01986,0.00707,0.0,
748720,1000,0.0,0.0889,0.0150,0.1145,-0.00329,0.00114,0.00207,0.0,
748740,1000,0.0,-0.0931,0.2140,0.0205,-0.01729,-0.01086,0.00507,0.0,
748760,1000,0.0,0.1239,-0.0310,0.1605,0.00371,0.00614,0.00107,0.0,
748780,1000,0.0,-0.1141,0.0920,0.0125,-0.01329,-0.00786,0.00207,0.0,
748800,1000,0.0,0.0489,-0.2680,0.0565,0.01971,0.00614,-0.00293,0.0,
748820,1000,0.0,-0.2271,0.0610,0.1835,-0.00929,-0.01386,0.00207,0.0,
748840,1000,0.0,-0.0571,0.0630,0.2205,-0.00829,-0.00086,0.00307,0.0,
748860,1000,0.0,0.1119,-0.0310,0.0075,-0.00029,0.00614,-0.00293,0.0,
748880,1000,0.0,0.0259,-0.0090,0.1935,-0.00229,0.00214,0.00307,0.0,
748900,1000,0.0,0.1269,-0.1200,-0.0245,0.00371,0.01114,-0.00093,0.0,
748920,1000,0.0,0.0199,0.0110,-0.0045,-0.00129,-0.00386,0.00207,0.0,
748940,1000,0.0,0.1619,-0.1560,0.0705,0.00671,0.01414,0.00007,0.0,
748960,1000,0.0,0.0329,0.0080,0.1665,-0.00229,0.00614,0.00107,0.0,
748980,1000,0.0,0.2139,-0.2250,0.0275,0.01671,0.01314,0.00007,0.0,
749000,1000,0.0,0.0129,0.1120,0.0205,-0.00629,0.00014,0.00207,0.0,
749020,1000,0.0,0.0439,-0.0910,0.0825,0.00971,0.00114,0.00107,0.0,
749040,1000,0.0,-0.1151,-0.0310,-0.0195,0.00171,-0.01186,0.00207,0.0,
749060,1000,0.0,0.0309,-0.0820,0.1595,0.00171,0.00214,0.00107,0.0,
749080,1000,0.0,0.1049,-0.2100,0.1585,0.00971,0.01214,0.00007,0.0,
749100,1000,0.0,0.1459,-0.0380,0.1015,0.00471,0.00614,0.00107,0.0,
749120,1000,0.0,-0.0671,-0.0010,0.2135,-0.00129,-0.00386,0.00007,0.0,
749140,1000,0.0,-0.1911,0.2210,0.1525,-0.01529,-0.02086,0.00207,0.0,
749160,1000,0.0,-0.1391,-0.0240,0.0305,-0.00329,-0.00886,0.00107,0.0,
749180,1000,0.0,-0.0581,-0.0360,0.0845,0.00071,-0.00586,0.00307,0.0,
749200,1000,0.0,-0.1691,0.0460,0.0455,-0.00429,-0.01386,0.00207,0.0,
749220,1000,0.0,0.2769,0.0320,0.1495,-0.00029,0.01514,0.00207,0.0,
749240,1000,0.0,0.1079,0.0850,0.1135,-0.00429,-0.00386,0.00007,0.0,
749260,1000,0.0,-0.0711,0.1970,0.1055,-0.01629,-0.01486,0.00107,0.0,
749280,1000,0.0,-0.0791,0.0370,0.0695,-0.01029,-0.00486,0.00407,0.0,
749300,1000,0.0,0.0159,-0.0690,0.1895,0.01271,-0.00786,-0.00593,0.0,
749320,1000,0.0,-0.1141,0.1830,0.1195,-0.01829,-0.00586,0.00507,0.0,
749340,1000,0.0,0.2069,0.0570,0.1755,-0.00429,0.01614,0.00107,0.0,
749360,1000,0.0,-0.0701,0.2490,-0.0405,-0.01829,-0.00786,0.00207,0.0,
749380,1000,0.0,-0.3511,0.0990,0.0505,-0.01229,-0.02986,0.00507,0.0,
749400,1000,0.0,0.0039,0.2670,0.1015,-0.02129,-0.00086,0.00307,0.0,
749420,1000,0.0,0.2129,-0.0290,0.1325,0.00671,0.01114,0.00107,0.0,
749440,1000,0.0,0.0269,0.1270,0.1345,-0.01029,-0.00486,0.00307,0.0,
749460,1000,0.0,0.1079,-0.1580,0.0675,0.01171,0.00214,0.00007,0.0,
749480,1000,0.0,0.0059,-0.0940,0.0385,-0.00329,0.00414,0.00307,0.0,
749500,1000,0.0,0.0209,-0.2750,0.0015,0.01371,0.00714,-0.00193,0.0,
749520,1000,0.0,-0.0001,-0.1240,0.1045,0.00171,0.00514,0.00207,0.0,
749540,1000,0.0,-0.2311,0.2680,0.0405,-0.02329,-0.02486,0.00207,0.0,
749560,1000,0.0,0.1829,-0.0230,0.1285,0.00571,0.01014,-0.00093,0.0,
749580,1000,0.0,0.1349,-0.2430,0.0715,0.01671,0.01214,0.00007,0.0,
749600,1000,0.0,-0.0201,-0.3420,0.0805,0.02671,-0.00186,-0.00493,0.0,
749620,1000,0.0,0.0039,0.0950,0.0465,-0.00229,-0.01086,0.00007,0.0,
749640,1000,0.0,-0.0221,0.0120,0.0095,0.00071,-0.00286,0.00007,0.0,
749660,1000,0.0,0.1249,-0.0960,0.2415,0.00171,0.01214,0.00307,0.0,
749680,1000,0.0,0.1289,0.0840,0.2115,-0.00229,0.00214,0.00107,0.0,
749700,1000,0.0,0.2129,-0.0520,0.0905,0.00371,0.00914,0.00307,0.0,
749720,1000,0.0,-0.0021,-0.1380,0.2035,0.01271,-0.00486,-0.00393,0.0,
749740,1000,0.0,-0.0901,0.1110,0.0005,-0.00429,-0.01486,0.00107,0.0,
749760,1000,0.0,0.0359,0.1060,0.0085,-0.00929,-0.00186,0.00407,0.0,
749780,1000,0.0,-0.2291,0.2760,0.2255,-0.02829,-0.02086,0.00607,0.0,
749800,1000,0.0,-0.1221,0.1400,0.2235,-0.01929,-0.01786,0.00707,0.0,
749820,1000,0.0,0.0249,0.0140,0.1125,-0.00829,0.00514,0.00707,0.0,
749840,1000,0.0,0.1689,-0.1850,0.1685,0.01071,0.02114,-0.00093,0.0,
749860,1000,0.0,0.0619,0.1500,0.1325,-0.00729,-0.00286,0.00207,0.0,
749880,1000,0.0,0.0849,0.0320,0.0395,0.00071,-0.00086,-0.00093,0.0,
749900,1000,0.0,-0.0721,-0.2410,0.0385,0.01271,0.00014,-0.00093,0.0,
749920,1000,0.0,-0.2781,-0.1850,0.0265,0.01171,-0.01786,-0.00293,0.0,
749940,1000,0.0,-0.0591,-0.0180,0.1615,-0.00529,-0.00386,0.00107,0.0,
749960,1000,0.0,0.0319,0.2050,0.0475,-0.02529,0.00514,0.00807,0.0,
749980,1000,0.0,-0.0391,0.0440,0.0575,-0.00029,-0.00786,0.00107,0.0,
750000,1000,0.0,0.0339,-0.0100,0.1075,-0.00029,0.00514,0.00307,0.0,
750020,1000,0.0,0.0499,-0.1200,0.1565,0.01171,-0.00486,0.00007,0.0,
750040,1000,0.0,0.0539,0.0080,0.1805,0.00171,-0.00486,0.00207,0.0,
750060,1000,0.0,0.1089,-0.2090,0.0545,0.00771,0.01914,0.00307,0.0,
750080,1000,0.0,-0.0231,0.3010,0.0285,-0.02529,-0.00686,0.00407,0.0,
750100,1000,0.0,0.0749,-0.0670,0.0125,-0.00229,0.00714,0.00507,0.0,
750120,1000,0.0,0.1679,-0.3060,0.0715,0.01671,0.01814,-0.00093,0.0,
750140,1000,0.0,0.0759,-0.0230,0.2085,0.00971,-0.00486,0.00107,0.0,
750160,1000,0.0,0.3009,0.0620,0.0265,-0.00229,0.01814,0.00207,0.0,
750180,1000,0.0,-0.1481,0.1010,0.1325,-0.01129,-0.01186,0.00307,0.0,
750200,1000,0.0,0.0219,-0.1480,0.1925,0.00271,0.00714,0.00107,0.0,
750220,1000,0.0,0.0209,0.1000,0.0205,-0.00529,-0.00086,0.00207,0.0,
750240,1000,0.0,-0.1211,-0.0960,0.0305,0.00071,-0.00686,0.00207,0.0,
750260,1000,0.0,0.1189,0.0480,0.1375,0.00371,0.00514,0.00007,0.0,
750280,1000,0.0,0.0019,0.0790,0.1175,-0.01429,0.00114,0.00507,0.0,
750300,1000,0.0,0.2589,-0.0040,0.1175,0.00871,0.01214,-0.00193,0.0,
750320,1000,0.0,0.2319,0.0160,0.0075,0.00571,0.01114,-0.00093,0.0,
750340,1000,0.0,-0.0361,0.0060,0.1445,0.00171,-0.01086,0.00107,0.0,
750360,1000,0.0,-0.2361,0.2150,0.1335,-0.02029,-0.02186,0.00507,0.0,
750380,1000,0.0,0.0479,0.0350,0.0325,-0.01229,0.00414,0.00507,0.0,
750400,1000,0.0,-0.0281,0.0520,0.0905,-0.00929,0.00314,0.00607,0.0,
750420,1000,0.0,0.0539,-0.1140,0.1135,0.00271,0.00914,0.00207,0.0,
750440,1000,0.0,-0.1851,-0.1130,0.1785,0.00171,-0.01086,-0.00093,0.0,
750460,1000,0.0,0.1819,-0.2980,0.1395,0.01371,0.01814,0.00007,0.0,
750480,1000,0.0,0.2969,-0.1040,0.1275,0.01171,0.01914,-0.00093,0.0,
750500,1000,0.0,0.1209,0.0490,0.1545,-0.00329,0.00314,0.00307,0.0,
750520,1000,0.0,0.0309,-0.1230,0.0505,0.00571,0.00914,0.00307,0.0,
750540,1000,0.0,0.0799,0.0940,0.1025,-0.00829,-0.00086,0.00407,0.0,
750560,1000,0.0,-0.2061,-0.0990,-0.0055,-0.00029,-0.01286,0.00007,0.0,
750580,1000,0.0,-0.1311,-0.0970,0.0745,-0.00429,-0.00286,0.00107,0.0,
750600,1000,0.0,0.0549,0.0350,0.1495,-0.01229,0.00914,0.00407,0.0,
750620,1000,0.0,-0.1781,-0.0140,0.1345,-0.00329,-0.01986,0.00107,0.0,
750640,1000,0.0,0.1449,0.1220,0.1955,-0.00929,0.00114,0.00407,0.0,
750660,1000,0.0,0.1109,-0.1210,0.1545,0.01171,0.00614,-0.00193,0.0,
750680,1000,0.0,0.0879,0.0900,0.1825,-0.00429,-0.00086,0.00107,0.0,
750700,1000,0.0,0.0459,0.1380,0.0895,-0.00129,-0.00886,0.00107,0.0,
750720,1000,0.0,-0.1331,0.1250,0.0795,-0.01429,-0.00986,0.00307,0.0,
750740,1000,0.0,-0.2021,0.0070,0.1435,-0.00629,-0.01086,0.00207,0.0,
750760,1000,0.0,0.1539,-0.0100,0.0985,0.00471,0.00314,0.00107,0.0,
750780,1000,0.0,0.0409,0.0540,0.0695,0.00371,-0.00086,0.00207,0.0,
750800,1000,0.0,-0.0331,0.0070,-0.0265,0.00171,-0.01186,0.00007,0.0,
750820,1000,0.0,0.3139,0.0130,0.1035,-0.00029,0.01114,0.00607,0.0,
750840,1000,0.0,-0.0951,0.0990,0.0245,-0.00329,-0.01486,0.00107,0.0,
750860,1000,0.0,-0.0171,-0.1680,0.0435,0.00971,0.00714,-0.00193,0.0,
750880,1000,0.0,0.1719,-0.2830,0.1675,0.01771,0.01714,-0.00193,0.0,
750900,1000,0.0,0.1989,-0.0260,0.1575,0.00271,0.00814,0.00307,0.0,
750920,1000,0.0,0.2109,-0.0410,0.1215,0.00571,0.01014,0.00107,0.0,
750940,1000,0.0,0.0179,-0.1760,0.1055,0.00871,0.00614,-0.00193,0.0,
750960,1000,0.0,0.1429,-0.1390,0.1405,0.00371,0.01514,0.00307,0.0,
750980,1000,0.0,0.0999,-0.0300,0.1145,-0.00029,0.01014,0.00207,0.0,
751000,1000,0.0,0.0269,-0.0610,0.0755,0.00171,-0.00186,0.00307,0.0,
751020,1000,0.0,0.1989,-0.0870,0.1075,0.01371,0.00614,-0.00193,0.0,
751040,1000,0.0,0.0459,0.0080,0.1245,0.00471,-0.00486,0.00007,0.0,
751060,1000,0.0,0.1409,-0.1270,0.0805,0.01171,0.00314,0.00007,0.0,
751080,1000,0.0,-0.2421,-0.0830,-0.0515,-0.00329,-0.01186,0.00107,0.0,
751100,1000,0.0,0.0319,-0.3150,0.0905,0.02371,0.00414,-0.00493,0.0,
751120,1000,0.0,0.0529,-0.0280,0.1375,0.00571,0.00014,0.00007,0.0,
751140,1000,0.0,0.3059,-0.0740,0.0765,0.01071,0.02014,-0.00193,0.0,
751160,1000,0.0,0.3199,-0.0160,0.0545,0.00271,0.01814,0.00307,0.0,
751180,1000,0.0,0.0059,0.0390,0.0265,-0.00629,-0.00286,0.00107,0.0,
751200,1000,0.0,0.0659,0.0700,0.1485,-0.00829,0.00114,0.00207,0.0,
751220,1000,0.0,-0.0911,0.2570,-0.0145,-0.02629,-0.00886,0.00507,0.0,
751240,1000,0.0,-0.1541,-0.2310,0.1615,0.00971,-0.00986,-0.00393,0.0,
751260,1000,0.0,0.1519,-0.0580,0.2135,0.00771,0.00514,0.00207,0.0,
751280,1000,0.0,0.2199,0.2280,0.0565,-0.01429,0.01214,0.00307,0.0,
751300,1000,0.0,0.0329,0.1820,0.0695,-0.01929,0.00014,0.00407,0.0,
751320,1000,0.0,0.0509,-0.0940,0.1685,0.00471,0.00614,-0.00093,0.0,
751340,1000,0.0,0.0099,-0.0060,0.0765,-0.00329,0.00114,0.00407,0.0,
751360,1000,0.0,0.0909,-0.0870,0.0785,0.00571,0.00714,0.00107,0.0,
751380,1000,0.0,-0.0261,0.0600,0.0895,-0.00529,-0.00186,-0.00093,0.0,
751400,1000,0.0,-0.0001,-0.0410,0.1915,0.00871,-0.00386,0.00007,0.0,
751420,1000,0.0,0.1049,-0.1880,0.1755,0.01471,0.00614,-0.00193,0.0,
751440,1000,0.0,0.0089,0.1340,0.1365,-0.00829,-0.00086,0.00107,0.0,
751460,1000,0.0,-0.0481,-0.0490,0.0785,0.00071,-0.00186,-0.00193,0.0,
751480,1000,0.0,-0.1031,0.1670,0.1445,-0.01429,-0.01586,0.00507,0.0,
751500,1000,0.0,-0.1121,0.1800,0.1685,-0.02029,-0.00686,0.00607,0.0,
751520,1000,0.0,0.1839,-0.1730,-0.0045,0.01071,0.01114,0.00107,0.0,
751540,1000,0.0,-0.1481,-0.0280,0.0285,-0.00429,-0.00886,0.00307,0.0,
751560,1000,0.0,-0.1431,0.2720,0.0175,-0.01929,-0.01886,0.00407,0.0,
751580,1000,0.0,-0.2561,0.1380,0.0535,-0.01629,-0.02386,0.00307,0.0,
751600,1000,0.0,-0.0611,0.1960,0.0475,-0.01629,-0.01686,0.00707,0.0,
751620,1000,0.0,0.0339,0.1140,0.1105,-0.00829,-0.00886,0.00207,0.0,
751640,1000,0.0,0.1279,-0.0780,0.1175,0.00771,0.00214,0.00007,0.0,
751660,1000,0.0,-0.0031,-0.1290,0.1075,0.00371,0.01014,0.00207,0.0,
751680,1000,0.0,-0.0741,0.0790,-0.0155,0.00071,-0.01686,-0.00093,0.0,
751700,1000,0.0,0.0719,-0.1630,0.0045,0.00871,0.00614,-0.00093,0.0,
751720,1000,0.0,0.0199,-0.0130,0.1475,0.00271,-0.00186,-0.00093,0.0,
