phase,seq,pulse_us,theta_deg,theta_sd_deg,cross_deg,creep_dps,settled
dn,1350,1350,-6.338754209331597,0.2398186723033176,0.0719046383213448,-0.15803331493403902,True
dn,1360,1360,-5.5134295692937645,8.220246361992237,0.454103577368777,-3.9605534985315365,False
dn,1370,1370,-5.560434472796542,0.2265530122534027,0.0988062847415504,-0.028068916047053274,True
dn,1380,1380,-5.1642229304390455,0.2363153632549926,0.09626140623196164,0.02251134572282268,True
dn,1390,1390,-5.103994057689649,2.22428172181129,0.0748353654276334,-0.2873178460760307,True
dn,1400,1400,-4.585012242995418,2.145646759141765,0.23733476698955427,0.9271729834241575,False
dn,1410,1410,-4.283370605381402,0.2278187807116486,0.08650645322065253,-0.11006290208988505,True
dn,1420,1420,-3.8878599039724393,0.23817375512632638,0.05538281914679267,-0.009596230840353876,True
dn,1430,1430,-3.5876059623575585,2.099663481243258,0.243809219108241,1.017924499508722,False
dn,1440,1440,-3.0649645703214223,0.22749733741996367,0.02495032764919597,0.03671577299139984,True
dn,1450,1450,-2.618555961511276,0.2231475263135962,0.03309206695045748,-0.12978128393994667,True
dn,1460,1460,-2.257577716180341,0.21930266230668577,0.015534432975315156,-0.04429569044835567,True
dn,1470,1470,-1.9650891084417872,0.23018005894858465,0.042299870224006955,0.030658674515289253,True
dn,1480,1480,-1.5797583152404944,0.2172910003324044,0.027900793917373563,0.011732245718853103,True
dn,1490,1490,-1.0342022594851907,0.21773977289497995,0.02471474418312164,-0.03801943462623313,True
dn,1500,1500,-0.4186364557182604,3.963819263055678,0.22396698724655756,-2.0400920154780673,False
dn,1510,1510,-0.28704350468097023,0.2272934937732678,0.06234795097148492,0.014323154738273555,True
dn,1520,1520,0.16823919577269913,0.23332613601366828,0.01185889456067656,-0.14742235918528726,True
dn,1530,1530,0.39730267433258715,0.2279975819706523,0.03481154386852478,0.005770960700493085,True
dn,1540,1540,0.8432543664435607,0.21974356252325736,-0.006463607135082725,-0.05981844858768318,True
dn,1550,1550,1.1842985012645195,0.20501738899568792,0.04195572753531987,-1.6179255852434946,False
dn,1560,1560,1.597478841776511,0.22920159830136155,-0.03414368072462076,0.026596140754342613,True
dn,1570,1570,2.054125585668899,1.8485179498167525,0.14689345494570255,-0.09901475284884137,True
dn,1580,1580,2.336199488697164,0.22106803539503406,-0.05648370699016533,0.17867881357449011,True
dn,1590,1590,2.7288289394500778,0.22985124927900463,-0.06158637075986101,0.032125198387845215,True
dn,1600,1600,3.1012479725750595,0.2375741909911126,-0.0567340930234659,-0.16481198862245433,True
dn,1610,1610,3.290136190862009,0.23413931238394484,-0.08105050719985007,-0.11041242419631427,True
dn,1620,1620,3.785892625018893,0.21426379772398751,-0.09511025508246707,0.08430695283436161,True
dn,1630,1630,4.072751400845878,0.2593926535544017,-0.11720355629421442,-0.003662669068055796,True
dn,1640,1640,4.560662357963716,0.23482011829148353,-0.08369210750451873,-0.0029119300335660532,True
dn,1650,1650,4.8737582575523755,0.21983679264914585,-0.10766487932108765,-0.005133769620990164,True
dn,1660,1660,5.271093001105675,0.22703856983947543,-0.14009778760279273,-0.09759696900701137,True
dn,1670,1670,5.538717828956711,0.22961057822340666,-0.1666474139726376,-0.07519590176195694,True
dn,1680,1680,5.840060483983678,0.21771255112299032,-0.19760912543034742,0.09426997912737708,True
dn,1690,1690,6.191131017159205,0.21384717400915534,-0.24889087794707718,0.10494049305227825,True
dn,1700,1700,6.560118062944116,0.2231840620634449,-0.24374146894753948,-0.14763538520026806,True
dn,1710,1710,7.053164426471064,0.22730802065138084,-0.220003417112013,0.051506591209694835,True
dn,1720,1720,7.2981605925119215,0.22046651071812748,-0.2848869781229326,0.11607619471850722,True
dn,1730,1730,7.59906699687574,0.2513833236500459,-0.26579639351437423,0.07231308437481027,True
dn,1740,1740,8.003890450948415,0.22171923181034273,-0.2811023449491371,-0.1043208247534261,True
dn,1750,1750,8.349375786629228,0.42831119987070737,-0.3042735857993874,-0.08159704716161852,True
dn,1760,1760,8.642710532329515,0.24900215886219182,-0.31400465445850245,-0.008428556646924506,True
dn,1770,1770,9.144408764035358,5.8516936318053325,0.007981634226763902,-2.388629958753502,False
dn,1780,1780,9.097108510244945,0.21676454837997702,-0.36861711992369595,-0.027873842006875336,True
dn,1790,1790,9.43218276659641,0.302680351923134,-0.416558413137347,0.1080043306399312,True
dn,1800,1800,9.80396333048634,0.8013854232045501,-0.37863531202697437,0.12183858274306897,True
dn,1810,1810,10.08729957309373,0.24514544632973317,-0.4471614845782597,0.007843648222000598,True
dn,1820,1820,10.420274494119564,0.9406101123367873,-0.4385065658369499,0.163601601966082,True
dn,1830,1830,10.875271934335426,1.9080820217086338,-0.43576505844042784,0.08886271554164984,True
dn,1840,1840,11.166792203435525,0.9034201106553486,-0.4155085459816231,0.07377831189529586,True
dn,1850,1850,11.377988226378173,0.3922486589749543,-0.45698285524067483,0.045526622086953974,True
dn,1860,1860,11.71488910319116,1.3852381673057468,-0.4746728447492197,0.09467679400192876,True
dn,1870,1870,11.977077317340878,0.9187388034618421,-0.45678577303444035,-0.04232917298488405,True
dn,1880,1880,12.311491908822111,1.405452577788222,-0.4746550768345928,-0.05741286762399397,True
dn,1890,1890,12.514786166505168,0.34697024355080286,-0.4751420622963144,-0.019708074839766884,True
dn,1900,1900,12.805944535055637,0.5934508818437677,-0.4684115531457427,0.03365430701678417,True
dn,1910,1910,13.189953592126706,1.3484251422464986,-0.49552999180243595,0.06873340668640548,True
dn,1920,1920,13.476747365697555,1.2114405540176243,-0.49258267057279,-0.37175210322365554,True
dn,1930,1930,13.930468740396242,1.1706197915491865,-0.49383928155405893,0.0026368229935996956,True
dn,1940,1940,14.164627865835133,1.1914222333544693,-0.4868969692142968,-0.2187148156291304,True
dn,1950,1950,14.329288632548167,0.7394712405044214,-0.5318768944223018,-0.041846483817862615,True
dn,1960,1960,14.527424043767443,2.065710554069679,-0.5083721330621721,0.11744280445138451,True
dn,1970,1970,14.742735346952028,1.6561297464637401,-0.5269572247489498,0.2093349766983193,True
dn,1980,1980,15.067914902433179,0.6301474242406923,-0.5348322565489503,0.047140807625208316,True
dn,1990,1990,15.213543463073862,0.23994029479353216,-0.5160123893412211,0.06630485679186,True
dn,2000,2000,15.349787454029997,0.21726991732758963,-0.4847164159364265,-0.022999273927123264,True
dn,2010,2010,15.51095382078646,0.22142307347355586,-0.45435404242462174,0.12448843199276385,True
dn,2020,2020,15.599734408984784,0.2302487627390772,-0.42270580697685084,-0.035811520097473605,True
dn,2030,2030,15.679302081177623,0.23537976831431642,-0.3169483157398037,0.028674146143452622,True
dn,2040,2040,15.699356538925112,0.2984890803712453,-0.25111530755417294,0.011046536228106162,True
dn2,1350,1350,-6.321505766520895,0.23679319692629192,0.09980692454616104,0.00345239437240848,True
dn2,1360,1360,-5.503138415075893,8.220135560015642,0.4710930624073929,1.1844234103588,False
dn2,1370,1370,-5.51776393986364,0.24354341833518603,0.07230104409969625,-0.008860209766983568,True
dn2,1380,1380,-5.088502313838608,0.23999405217771433,0.08165249305086734,-0.04307252602363211,True
dn2,1390,1390,-4.581685396994884,8.245930563507883,0.44264819523350785,4.043800679965891,False
dn2,1400,1400,-4.600865831595956,0.2272410981090007,0.09122244551829453,0.027848673470519357,True
dn2,1410,1410,-4.384597794226163,0.235583819928418,0.09165846844485162,0.23002752842207272,True
dn2,1420,1420,-3.9235672459753776,0.31489698689053197,0.07150347725371381,-0.15712884849611955,True
dn2,1430,1430,-3.717906561946607,0.27020677610167526,0.0761831292937353,-0.0905284382532324,True
dn2,1440,1440,-2.968830758602353,0.21881812588400779,0.06210740152107127,0.1156681813090465,True
dn2,1450,1450,-2.61287640327306,0.2307045848434501,0.058697458714823826,0.02583367806007316,True
dn2,1460,1460,-2.28308788336351,0.22455223647059094,0.04955149251811838,0.04145878630605585,True
dn2,1470,1470,-1.9766697518718106,0.29984668749417276,0.05352238310392602,0.10095863830473496,True
dn2,1480,1480,-1.5339868243301091,0.28062804752284515,0.02627727550940409,0.13366222175366851,True
dn2,1490,1490,-1.0141885237887645,0.3421603450482187,0.028518113082507342,0.1318767177700649,True
dn2,1500,1500,-0.6211238138019706,0.23490266624073303,0.036959745854892506,-0.02821801769334271,True
dn2,1510,1510,-0.35458747065952806,0.2323680227697467,0.05578345401715512,-0.043087679960421274,True
dn2,1520,1520,0.13709181926948338,0.24462210895593933,0.005775883706248806,-0.14414197491101535,True
dn2,1530,1530,0.40157793213924875,0.23151994555480304,0.021575801987055228,-0.0721284761252188,True
dn2,1540,1540,0.8561971181638056,0.23062147564516725,0.00985388377429672,0.05352859039340559,True
dn2,1550,1550,1.1179803374927277,0.23123667914236104,0.01301502215484561,0.010909051177582191,True
dn2,1560,1560,1.570023000736892,0.2370259455021061,-0.027744170057751545,0.23259511489366883,True
dn2,1570,1570,1.9729097716077182,0.24426676201087924,-0.022893580353145863,-0.007183351219418418,True
dn2,1580,1580,2.377461975112826,0.22949379953538043,0.006541497638540193,0.0030026809561875234,True
dn2,1590,1590,2.7502138213114034,0.24026431021235048,-0.05778694651983217,-0.0012856664367245532,True
dn2,1600,1600,3.0742816622865763,0.22710568230656691,-0.041190439863195705,0.05090229750893568,True
dn2,1610,1610,3.3890475085360885,0.2385241684867257,-0.028936073698798852,-0.01671045303997184,True
dn2,1620,1620,3.8074392328410394,0.236527140265578,-0.043655750116128614,0.11855546707320931,True
dn2,1630,1630,4.077838410936665,0.22821674416179702,-0.10852874320790017,-0.0386874857698367,True
dn2,1640,1640,4.497505557405258,0.24615930611640544,-0.1269251125556513,0.007991814367714128,True
dn2,1650,1650,4.8673562098216285,0.21978357361013082,-0.17478278051246257,0.049255376803283686,True
dn2,1660,1660,5.309484610756143,0.22526965660247794,-0.17102729180011517,0.17706001445777655,True
dn2,1670,1670,5.536649934327941,0.224397240946053,-0.15478007722948575,0.022743567003982623,True
dn2,1680,1680,5.847122321109253,0.21454748105646035,-0.19233017603310934,-0.10287163135151123,True
dn2,1690,1690,6.234596209024657,0.2254705505813754,-0.21177802169404203,-0.006353297801308172,True
dn2,1700,1700,6.567578095791765,0.2234948616379866,-0.2564862542157613,0.029072704032966586,True
dn2,1710,1710,7.059036331932727,0.25530136084667926,-0.2608269750416426,0.0392722481158203,True
dn2,1720,1720,7.320096331081337,0.23121988135007174,-0.26963389468555876,0.052532275301615916,True
dn2,1730,1730,7.579399864615806,0.22762072507382275,-0.26843350791438925,0.12603514523642187,True
dn2,1740,1740,7.94634308654686,0.2212683847421597,-0.29522633436504025,0.048388143249279376,True
dn2,1750,1750,8.299062979134892,0.2250771448277161,-0.3199975292205408,0.07380604267804368,True
dn2,1760,1760,8.644612608264756,0.22792776534326645,-0.33711624933409806,0.0865279609012722,True
dn2,1770,1770,8.884703117804976,0.8379248609103231,-0.33659486338628264,-0.0198502735659529,True
dn2,1780,1780,9.113090623120511,0.2362231053780783,-0.3503376465782685,-0.05887197410676965,True
dn2,1790,1790,9.45495314415162,0.2691124002979232,-0.36763265877479434,0.03785914288323512,True
dn2,1800,1800,9.786887834440213,0.8339753588922073,-0.3929335607822342,0.1962710523891483,True
dn2,1810,1810,10.139716997070789,0.23080234765496332,-0.38955259976192635,-0.15448956313179057,True
dn2,1820,1820,10.429560345230712,0.9204917383901514,-0.38013024988499305,0.27413836442490624,True
dn2,1830,1830,10.830474454236894,1.0420311587699596,-0.4487907653196079,0.01109052673637537,True
dn2,1840,1840,11.16189556069766,0.5910354191530359,-0.4126441990294916,0.14496352944107926,True
dn2,1850,1850,11.36156497853348,0.30161091802284534,-0.4711297757045249,-0.017541230658738312,True
dn2,1860,1860,11.725953194155975,1.3905202649570614,-0.5106102247966158,-0.23295183957213364,True
dn2,1870,1870,11.971550145177853,0.8374434557324131,-0.47606709215856385,0.09915950016936732,True
dn2,1880,1880,12.33446430767999,0.8187556231402521,-0.4776855078137162,0.21950587868081003,True
dn2,1890,1890,12.716140361988916,3.464595427552365,-0.23933142672468108,1.351183692417044,False
dn2,1900,1900,12.77654450301238,0.5086888130665451,-0.4947339039579329,-0.03494125737281265,True
dn2,1910,1910,13.22361062405028,0.7507509518863497,-0.4824655169507732,0.1250996082942583,True
dn2,1920,1920,13.500630793035475,1.1462453518701066,-0.4691702908923938,0.013529922520204716,True
dn2,1930,1930,13.94197903813402,1.0795347063793104,-0.49349884183016274,-0.3655375504843232,True
dn2,1940,1940,14.149451945447035,1.100594025018599,-0.4984044609030128,-0.11617739950748339,True
dn2,1950,1950,14.341246418259388,0.8719040599648101,-0.5264417290214989,-0.038496155241895584,True
dn2,1960,1960,14.47753093353971,2.7130915119504397,-0.5185126232641818,-0.17217366111161606,True
dn2,1970,1970,14.777910360035518,1.2610887977416703,-0.5575211376658004,0.09373985478527251,True
dn2,1980,1980,15.088699324291843,0.6787700698936945,-0.4938707978975247,-0.005852264265796209,True
dn2,1990,1990,15.25086016420571,0.23203708021426478,-0.4690111430614766,0.043943104959904736,True
dn2,2000,2000,15.393317309357935,0.2725483806125063,-0.49601241634441284,-0.036853094535070526,True
dn2,2010,2010,15.517762551379315,0.22399572470369333,-0.45942429509462357,-0.0017013822366671557,True
dn2,2020,2020,15.601882824960354,0.22449081760576436,-0.383628194447105,0.04717670064244537,True
dn2,2030,2030,15.690836757387645,0.2257527690446606,-0.24683173785681323,-0.28894725754653305,True
dn2,2040,2040,15.730660085933115,0.26427920284046374,-0.2176851425415375,0.08719716810069299,True
up,1350,1350,-6.500563599297155,0.6203902189043254,0.04273456422801308,0.1836315738633522,True
up,1360,1360,-6.162705863988548,0.23019608503906563,0.07977714026846815,0.030390988247311516,True
up,1370,1370,-5.871676809881054,0.22476726470051603,0.07070316707812208,0.01901905303114922,True
up,1380,1380,-5.578738623520439,0.22258900758674494,0.049211107661215975,-0.19239299909863075,True
up,1390,1390,-5.234517014038655,2.057643679445325,0.0021819622708893005,-1.059609012645327,False
up,1400,1400,-5.001213422376057,0.8512981339390201,0.06225429828873416,0.3350129406600566,True
up,1410,1410,-4.681446412392297,0.23137842622542126,0.09617841953589527,-0.15356824966383859,True
up,1420,1420,-4.010495529571219,8.152747830575791,0.40351306702165535,3.113234133607086,False
up,1430,1430,-4.020998294840942,0.2380464119689384,0.045069570114318426,-0.06732770979360175,True
up,1440,1440,-3.3549435985579077,0.21674093193885705,0.04207575543218854,0.08905672698965161,True
up,1450,1450,-3.0898817964466927,0.2308403840374802,0.011626215043367381,0.05000489167688371,True
up,1460,1460,-2.302064675873281,8.07668272179048,0.4505223705558218,-0.975380632807867,False
up,1470,1470,-2.335752373483787,0.22636131292566627,0.047518819102523875,-0.020522632126585574,True
up,1480,1480,-1.9963615831396921,0.22370150345724865,0.022569643411701975,-0.06782658885619276,True
up,1490,1490,-1.3800859968367203,0.2442890822972709,0.01171786031327622,-0.09986528979604035,True
up,1500,1500,-0.9304082085247398,0.2355361019553091,0.03542860048869278,-0.11116528232563858,True
up,1510,1510,-0.6661346810108415,0.22163241758136204,0.03572167823557959,-0.17334204298162081,True
up,1520,1520,-0.1078544950683467,0.2381573808523244,0.016122985747238545,-0.11181830279415564,True
up,1530,1530,0.19511756408419,0.23203593831237468,0.018681515548280344,-0.014662131721933815,True
up,1540,1540,0.6592583465533103,0.23957006362028807,-0.0029321912148988077,-0.07348079215795263,True
up,1550,1550,0.8576389633463969,0.2325659470523414,-0.011230143925372147,0.04033866473205588,True
up,1560,1560,1.3695951027185915,0.2272810901414697,-0.01718986432297345,-0.20624687693592622,True
up,1570,1570,1.8253382103235642,0.23016995712390914,-0.004309495243681738,0.10912418460675907,True
up,1580,1580,2.1032182993084008,0.2307700923905622,-0.020722372170961366,-0.13782597423255996,True
up,1590,1590,2.601449166175234,0.23108083802280935,-0.005197729502692084,-0.10842645331593767,True
up,1600,1600,2.843672440123143,0.22856675267851437,-0.04084547822964828,0.05574971393571092,True
up,1610,1610,3.103791925414956,0.2182224777997431,-0.01768809115825411,0.03798835983724696,True
up,1620,1620,3.5896977414637288,0.23668077458824294,-0.03247646653492996,0.009213764414628182,True
up,1630,1630,3.808639614476501,0.24682823765010517,-0.06826997161959844,-0.03792003690546156,True
up,1640,1640,4.206385120765471,0.22367956072160744,-0.06346472844472145,0.0026491184307557624,True
up,1650,1650,5.003995706528738,7.749450473031105,0.27040579133178905,-3.8888427258803557,False
up,1660,1660,5.008517715212214,0.23179519899632742,-0.07160141345542763,-0.04115600377135839,True
up,1670,1670,5.254803214385576,0.22253814362339777,-0.06842597745636186,-0.012403177460799823,True
up,1680,1680,5.599996599462571,0.2261118809565154,-0.07426781702416604,0.06435132703578798,True
up,1690,1690,5.958629839033319,0.23291877626491334,-0.08127327512990319,0.045416084546079025,True
up,1700,1700,6.198943180518457,0.2221919041086406,-0.11253397019291231,-0.039131015532928366,True
up,1710,1710,6.8198723167808755,0.23754801025268504,-0.12187930241064578,-0.11039396505663863,True
up,1720,1720,6.9648770139281755,0.227164771756763,-0.11898743719390074,0.04836451373071105,True
up,1730,1730,7.346084349840641,1.6132616013052932,0.03480594054344994,0.27383016912130476,True
up,1740,1740,7.6598972504936045,0.22566883059992243,-0.13243233204813476,0.09571002052615055,True
up,1750,1750,7.923164703734334,0.23163631716520766,-0.17212212141481378,0.0014974703946667555,True
up,1760,1760,8.233272397535847,0.22309203086890178,-0.16942767382049248,-0.003169430243864689,True
up,1770,1770,8.510608296991693,0.2279242307172523,-0.20411084642581323,-0.14915339401025313,True
up,1780,1780,8.699711939114065,0.22766892930395402,-0.19138079739956715,0.057176125200690625,True
up,1790,1790,9.032765964489387,0.235481152986464,-0.19990745511983998,-0.05354766424620572,True
up,1800,1800,9.346747539963424,0.23142193693405885,-0.20281386812728489,-0.10644187049693646,True
up,1810,1810,9.73471323893121,0.2426916333066376,-0.21105983630710035,-0.0927321788890607,True
up,1820,1820,9.974637735713694,0.23838135841953526,-0.19850129586837023,0.014961486392362526,True
up,1830,1830,10.353723564662513,0.2340994219196773,-0.2401509344584558,0.006710307386784263,True
up,1840,1840,10.684390567021794,0.23433648516348712,-0.2506242300330501,0.03773698302657628,True
up,1850,1850,10.895825399125515,0.2372959781832298,-0.24647407381412068,-0.003722224809698787,True
up,1860,1860,11.265205131400553,0.21849257008517592,-0.2574826457717687,-0.14456766618099265,True
up,1870,1870,11.506000007512899,0.22065924396555797,-0.2643494372346451,-0.05843265976132338,True
up,1880,1880,11.801651879402021,0.22213393436344386,-0.23074445833059093,-0.15556780191139583,True
up,1890,1890,12.046331526756605,0.22694569461251238,-0.2378573280253991,0.026747514870396352,True
up,1900,1900,12.337003932254085,0.23841698561090585,-0.2530907149030061,0.03315720649316626,True
up,1910,1910,12.682778331508677,0.22911488858351986,-0.23198676634779225,-0.11606012599381234,True
up,1920,1920,12.916063892906127,0.22373803712748,-0.25801092531672465,-0.006103223287821784,True
up,1930,1930,13.285262257170357,0.22030546759900463,-0.27384714578511005,-0.18259271078333383,True
up,1940,1940,13.534977621742476,0.2303605311932182,-0.28873201269756493,-0.012624576227235442,True
up,1950,1950,13.735662919255532,0.22531418766674116,-0.26109196961981995,0.089733529285717,True
up,1960,1960,13.960410023844469,0.22742668286802872,-0.2850438741264372,-0.049420109839668235,True
up,1970,1970,14.134459809972228,0.2347390595072656,-0.3167025891578208,0.10893533447889264,True
up,1980,1980,14.441641786998506,0.2161062921585142,-0.30508292317288227,-0.019917344454397183,True
up,1990,1990,14.660610020075575,0.22142048253946717,-0.2967694466853514,0.026998169305816968,True
up,2000,2000,14.804348272036567,0.3474092582080169,-0.2646098037419297,-0.1485216748210075,True
up,2010,2010,15.065347610532006,0.22970229337443274,-0.2632551431623452,-0.044161327380524064,True
up,2020,2020,15.288936104380547,0.365153138316766,-0.2875708144720169,0.05768997389817175,True
up,2030,2030,15.51323656472559,0.4190243082258015,-0.2861044273188303,-0.03407272089554157,True
up,2040,2040,15.695895331179957,0.2718286966093636,-0.2697427867582977,0.012136974745414713,True
up2,1350,1350,-6.294997945312259,0.22871086834631496,0.09777009363627207,-0.054024956795116125,True
up2,1360,1360,-6.019384565389655,0.21942641870409577,0.09943475831178006,0.0515094974778596,True
up2,1370,1370,-5.810399628474619,0.2381949138106937,0.09291381922349666,0.11493967323833702,True
up2,1380,1380,-5.438703530757619,2.1825092643801254,0.2400300664250688,0.1666996560866658,True
up2,1390,1390,-5.2841863331520385,0.22996273129376102,0.07303912223666208,0.020713491062039093,True
up2,1400,1400,-4.981775132956402,2.178937403209301,0.07439853967813809,0.1642357116791579,True
up2,1410,1410,-4.6729766202200915,0.23763916174184252,0.08657245355432559,-0.07914126181770241,True
up2,1420,1420,-4.2939093867628895,0.22476173512796915,0.08734181751546902,0.07458637752801947,True
up2,1430,1430,-4.046472616757033,0.22719245591509818,0.06472683462495474,0.08093026925912215,True
up2,1440,1440,-3.4163176493134766,0.23218162005566156,0.06717840578413313,0.03008295182477441,True
up2,1450,1450,-3.0031154806656377,0.21898708748459833,0.0689728282112244,0.01926791224443942,True
up2,1460,1460,-2.67534928143828,0.23762302698961274,0.07835223300216762,0.21308220980575127,True
up2,1470,1470,-2.3101056261125468,0.22709152277029054,0.06914248957429953,-0.07217573557212922,True
up2,1480,1480,-2.042994282859957,0.22586858558875916,0.030659738581500676,0.06123419735722057,True
up2,1490,1490,-1.3085279525525946,0.23918239220328974,0.011406502318744231,-0.1719630509362881,True
up2,1500,1500,-0.9140515910385246,0.2399054711695153,0.004978811303674718,-0.06669059800251179,True
up2,1510,1510,-0.6573650122860872,0.21760185100463958,0.06759959851740836,0.03731807405549932,True
up2,1520,1520,0.2554515874674531,7.962332517533966,0.39168499438051524,4.010755305293518,False
up2,1530,1530,0.2813977817274308,0.2295711413777424,0.05339870771141824,0.1508466043072648,True
up2,1540,1540,0.6658472779946766,0.23529827744492818,0.04590463745239219,-0.09410414721858408,True
up2,1550,1550,0.9845401661409691,0.2315514521414196,0.008257793254728767,-0.017477144878553275,True
up2,1560,1560,1.361676568913103,0.23111892585863567,0.04197185630001542,-0.016415346430446558,True
up2,1570,1570,1.8273417146166078,0.22452944419560003,-0.0071470720831894145,0.02872528847665525,True
up2,1580,1580,2.11412965221068,0.22598746910691553,0.003395158580232362,0.005592271385445474,True
up2,1590,1590,2.5831451923600484,0.23348702173997374,0.028884599242354,-0.17271810336754267,True
up2,1600,1600,2.851718627596641,0.24664352408453466,-0.0009725839349246712,0.1432393559298946,True
up2,1610,1610,3.1655980866643887,0.24205157225670493,0.018436821807242324,-0.05555233562080599,True
up2,1620,1620,3.6192007227424283,0.2271272467934103,-0.015294112540871197,-0.239093612916091,True
up2,1630,1630,3.8596464743718504,0.21663368667990862,-0.04174832249570784,-0.14968374863287415,True
up2,1640,1640,4.297736357093463,0.24831494801377468,-0.06264572407534115,0.01338406849701901,True
up2,1650,1650,5.063675069895201,7.934524808910224,0.4179075215668657,0.2815876077323999,True
up2,1660,1660,5.418717727839665,7.7309163268078676,0.31554794107053,-3.0063375425542014,False
up2,1670,1670,5.2865390006734705,0.2403158230794492,-0.057259566859812025,-0.09770306235430355,True
up2,1680,1680,5.91116925989802,7.709554968964827,0.2654302720416421,-0.1330167533553398,True
up2,1690,1690,5.961793782474559,0.22144820742677288,-0.04862713745931188,0.093877243895644,True
up2,1700,1700,6.275381805081396,0.23289944053751455,-0.09307548966219377,-0.003621166029855325,True
up2,1710,1710,6.783019341900177,0.24533100743095576,-0.13398250204080317,0.11804272733298565,True
up2,1720,1720,7.357081597955154,7.646839144057357,0.24891713287405826,-4.0350460279279226,False
up2,1730,1730,7.268282186765938,0.24231212638546645,-0.08598933533894751,-0.12668325069355638,True
up2,1740,1740,7.617874286517413,0.21890733679622773,-0.1661094658727883,-0.024306734747762713,True
up2,1750,1750,7.963036011606229,0.2159587004131857,-0.1262653687011389,0.033441101994497346,True
up2,1760,1760,8.301413435777878,0.2213599326103984,-0.1471478244391081,0.017333856664647443,True
up2,1770,1770,8.488227836864457,0.2357378208521933,-0.1868437225843988,-0.06516538038030281,True
up2,1780,1780,8.730718631436517,0.23065583726044053,-0.18804777983303894,0.1091898911734306,True
up2,1790,1790,8.99799828207754,0.2353433272286221,-0.18901189688384845,-0.11217727705424597,True
up2,1800,1800,9.370509459329332,0.22747028929516402,-0.18272331113994825,-0.22119020091632338,True
up2,1810,1810,10.045454014769877,7.523679619584486,0.16295565177033655,-3.710637256888512,False
up2,1820,1820,9.922886865246562,0.23124832548897647,-0.23108352368337115,-0.09019605629477966,True
up2,1830,1830,10.383522391421609,0.24591873142691856,-0.22101366107288772,0.04791932414122681,True
up2,1840,1840,10.615376629116104,0.22192921514448286,-0.2290093815521664,-0.037976665062254285,True
up2,1850,1850,10.9302115056368,0.2328604765270839,-0.231507882789208,-0.08265741567046977,True
up2,1860,1860,11.33760346891999,0.23002872031530933,-0.2410068203290847,0.004311160654497664,True
up2,1870,1870,11.56463373476687,0.23963459136582127,-0.22173811553173745,-0.024113617866948437,True
up2,1880,1880,11.860856669429042,0.230527334433796,-0.21170389979290183,-0.22081806677855614,True
up2,1890,1890,12.355441702128571,7.101578253275036,0.09414306661904925,3.7047149884917596,False
up2,1900,1900,12.342863796382131,0.2422755666569399,-0.2471595510364873,0.063308437212869,True
up2,1910,1910,12.641901644481495,0.22654845781220123,-0.2501869364147643,0.041499076712230715,True
up2,1920,1920,12.945103234570652,0.2246204976666337,-0.223223809177587,0.05671766803240216,True
up2,1930,1930,13.64999824447061,7.362509673792882,0.12740360622619584,-3.413082666948667,False
up2,1940,1940,13.568230321984775,0.32271275144473927,-0.248141071807289,0.01645899295111366,True
up2,1950,1950,13.780910865573667,0.2304421857488292,-0.23892203478376048,0.09990616965939507,True
up2,1960,1960,14.05213501024303,0.22844220392093562,-0.21655549531477028,0.03079213304228008,True
up2,1970,1970,14.223589835743548,0.23268437245851822,-0.2547905268094567,-0.087682115880473,True
up2,1980,1980,14.483651355377297,0.22886056364373708,-0.2469163770735055,-0.007221839889489479,True
up2,1990,1990,14.723563630623982,0.2501673988497539,-0.23345229293072664,-0.0009201127704391839,True
up2,2000,2000,14.872215349782351,0.22436069313872223,-0.27081244576591273,0.03285725197969184,True
up2,2010,2010,15.084491523856935,0.2878110705535725,-0.2422624970159215,-0.165235319348377,True
up2,2020,2020,15.341032629520505,0.44661204693855255,-0.22566792526497442,-0.1280663011044833,True
up2,2030,2030,15.543792260821993,0.39237439455626755,-0.19656485034735766,0.10528232861812516,True
up2,2040,2040,15.71330580122827,0.35282071772250845,-0.21078860661835858,-0.06644084390580822,True
